ticket_id,created_at,resolved_at,priority,category,agent_id,resolution_hours,sla_limit_hours,sla_breach,reopened,csat_score
INC-00001,2025-02-27 08:06:00,2025-02-28 06:04:25.367607,P3-Medium,Network,AGT-00003,21.97,24,False,False,5
INC-00002,2025-02-25 09:38:00,2025-02-25 15:38:57.869805,P2-High,Software,AGT-00001,6.02,8,False,True,3
INC-00003,2025-05-31 10:55:00,2025-06-01 10:05:53.429897,P3-Medium,Software,AGT-00002,23.18,24,False,True,5
INC-00004,2025-03-28 07:24:00,2025-03-29 13:35:03.259865,P3-Medium,Hardware,AGT-00002,30.18,24,True,False,3
INC-00005,2025-05-18 08:59:00,2025-05-19 01:06:36.382808,P3-Medium,Access Management,AGT-00008,16.13,24,False,False,4
INC-00006,2025-05-28 09:04:00,2025-05-30 06:23:02.139100,P4-Low,Software,AGT-00012,45.32,72,False,True,3
INC-00007,2025-01-26 11:29:00,2025-01-27 18:07:01.329087,P3-Medium,Network,AGT-00003,30.63,24,True,False,2
INC-00008,2025-06-24 14:38:00,2025-06-25 14:46:22.120200,P3-Medium,Hardware,AGT-00003,24.14,24,True,False,2
INC-00009,2025-06-13 15:14:00,2025-06-13 20:05:24.622737,P2-High,Software,AGT-00003,4.86,8,False,False,5
INC-00010,2025-03-22 11:04:00,2025-03-24 23:55:04.323138,P4-Low,Hardware,AGT-00001,60.85,72,False,False,5
INC-00011,2025-04-12 19:41:00,2025-04-14 12:24:53.926118,P4-Low,Hardware,AGT-00008,40.73,72,False,False,3
INC-00012,2025-05-30 11:37:00,2025-05-30 16:29:11.805105,P2-High,Software,AGT-00003,4.87,8,False,False,3
INC-00013,2025-01-13 18:09:00,2025-01-16 00:59:21.283553,P4-Low,Software,AGT-00001,54.84,72,False,False,5
INC-00014,2025-04-30 13:35:00,2025-04-30 16:16:37.528954,P3-Medium,Network,AGT-00004,2.69,24,False,False,1
INC-00015,2025-03-10 16:21:00,2025-03-10 20:33:02.366424,P3-Medium,Software,AGT-00006,4.2,24,False,False,4
INC-00016,2025-03-09 22:48:00,2025-03-10 12:18:06.119158,P3-Medium,Email/Comm,AGT-00012,13.5,24,False,False,5
INC-00017,2025-06-05 09:23:00,2025-06-06 15:07:36.159336,P4-Low,Hardware,AGT-00007,29.74,72,False,False,4
INC-00018,2025-03-24 12:07:00,2025-03-26 20:24:05.807947,P4-Low,Software,AGT-00001,56.28,72,False,False,5
INC-00019,2025-05-26 21:05:00,2025-05-28 04:55:22.266562,P4-Low,Hardware,AGT-00001,31.84,72,False,False,5
INC-00020,2025-06-18 12:35:00,2025-06-19 10:20:14.133504,P4-Low,Software,AGT-00002,21.75,72,False,False,4
INC-00021,2025-06-26 09:19:00,2025-06-27 15:02:30.684545,P3-Medium,Email/Comm,AGT-00014,29.73,24,True,False,3
INC-00022,2025-03-05 09:21:00,2025-03-06 01:32:37.642546,P3-Medium,Access Management,AGT-00005,16.19,24,False,True,4
INC-00023,2025-01-16 09:57:00,2025-01-17 04:29:24.812295,P3-Medium,Network,AGT-00008,18.54,24,False,True,3
INC-00024,2025-05-19 08:59:00,2025-05-19 15:35:07.252237,P3-Medium,Hardware,AGT-00005,6.6,24,False,False,4
INC-00025,2025-01-25 07:27:00,2025-01-25 12:02:40.777671,P2-High,Software,AGT-00004,4.59,8,False,False,4
INC-00026,2025-06-15 07:25:00,2025-06-17 11:38:06.426459,P4-Low,Network,AGT-00007,52.22,72,False,False,5
INC-00027,2025-02-05 11:17:00,2025-02-05 13:45:17.480924,P2-High,Network,AGT-00006,2.47,8,False,False,5
INC-00028,2025-01-26 06:34:00,2025-01-26 14:22:53.795031,P2-High,Access Management,AGT-00012,7.81,8,False,False,5
INC-00029,2025-05-05 12:55:00,2025-05-07 02:54:14.014326,P4-Low,Access Management,AGT-00002,37.99,72,False,False,2
INC-00030,2025-04-27 10:44:00,2025-04-28 02:23:59.220006,P3-Medium,Email/Comm,AGT-00003,15.67,24,False,False,5
INC-00031,2025-03-17 09:03:00,2025-03-17 22:14:10.849568,P3-Medium,Access Management,AGT-00002,13.19,24,False,False,4
INC-00032,2025-05-09 20:33:00,2025-05-11 05:22:05.611714,P3-Medium,Network,AGT-00007,32.82,24,True,False,5
INC-00033,2025-06-22 18:25:00,2025-06-23 00:52:09.934968,P2-High,Network,AGT-00007,6.45,8,False,False,5
INC-00034,2025-04-18 14:36:00,2025-04-18 17:23:52.842295,P2-High,Software,AGT-00007,2.8,8,False,False,5
INC-00035,2025-04-12 08:41:00,2025-04-12 18:03:44.065893,P2-High,Access Management,AGT-00003,9.38,8,True,False,2
INC-00036,2025-05-25 23:04:00,2025-05-27 00:38:59.257202,P4-Low,Network,AGT-00005,25.58,72,False,False,4
INC-00037,2025-03-04 11:10:00,2025-03-04 18:23:51.681297,P2-High,Hardware,AGT-00001,7.23,8,False,False,4
INC-00038,2025-05-16 00:52:00,2025-05-16 03:11:21.500432,P3-Medium,Email/Comm,AGT-00010,2.32,24,False,False,5
INC-00039,2025-01-28 16:09:00,2025-01-28 18:00:04.855784,P2-High,Access Management,AGT-00003,1.85,8,False,False,4
INC-00040,2025-03-09 12:16:00,2025-03-10 07:50:29.603593,P3-Medium,Hardware,AGT-00007,19.57,24,False,False,5
INC-00041,2025-01-01 10:08:00,2025-01-01 19:13:04.678908,P2-High,Software,AGT-00003,9.08,8,True,False,2
INC-00042,2025-01-03 07:56:00,2025-01-04 03:18:15.406498,P3-Medium,Software,AGT-00005,19.37,24,False,False,2
INC-00043,2025-04-21 08:19:00,2025-04-21 11:05:07.332367,P1-Critical,Software,AGT-00006,2.77,4,False,False,5
INC-00044,2025-06-24 09:06:00,2025-06-26 05:04:40.533918,P4-Low,Network,AGT-00004,43.98,72,False,False,4
INC-00045,2025-03-02 18:51:00,2025-03-03 15:16:46.416694,P4-Low,Email/Comm,AGT-00009,20.43,72,False,False,5
INC-00046,2025-04-16 17:55:00,2025-04-16 19:28:37.121700,P1-Critical,Access Management,AGT-00003,1.56,4,False,False,3
INC-00047,2025-01-10 18:14:00,2025-01-10 23:07:15.951486,P2-High,Access Management,AGT-00004,4.89,8,False,False,5
INC-00048,2025-02-27 02:12:00,2025-02-28 04:39:25.120115,P3-Medium,Access Management,AGT-00012,26.46,24,True,False,2
INC-00049,2025-05-11 11:53:00,2025-05-11 19:35:09.590449,P2-High,Access Management,AGT-00004,7.7,8,False,False,5
INC-00050,2025-03-09 04:38:00,2025-03-09 05:08:00.000000,P2-High,Email/Comm,AGT-00002,0.5,8,False,False,5
INC-00051,2025-04-09 19:12:00,2025-04-10 15:47:33.618319,P3-Medium,Software,AGT-00006,20.59,24,False,False,5
INC-00052,2025-06-21 09:27:00,2025-06-21 11:40:47.407581,P1-Critical,Email/Comm,AGT-00006,2.23,4,False,False,4
INC-00053,2025-03-18 12:42:00,2025-03-19 01:17:04.646391,P3-Medium,Hardware,AGT-00012,12.58,24,False,False,4
INC-00054,2025-04-08 15:57:00,2025-04-09 14:50:36.277119,P3-Medium,Network,AGT-00004,22.89,24,False,False,4
INC-00055,2025-02-23 11:37:00,2025-02-24 13:51:52.786248,P3-Medium,Access Management,AGT-00003,26.25,24,True,False,2
INC-00056,2025-02-13 14:18:00,2025-02-14 15:45:00.867431,P3-Medium,Software,AGT-00006,25.45,24,True,False,3
INC-00057,2025-06-22 10:51:00,2025-06-22 22:08:10.535331,P3-Medium,Access Management,AGT-00009,11.29,24,False,False,1
INC-00058,2025-01-19 12:56:00,2025-01-19 18:21:03.924064,P2-High,Software,AGT-00012,5.42,8,False,False,3
INC-00059,2025-06-17 15:57:00,2025-06-18 12:36:00.386824,P3-Medium,Software,AGT-00003,20.65,24,False,False,5
INC-00060,2025-06-28 13:03:00,2025-06-28 22:57:51.868602,P2-High,Software,AGT-00002,9.91,8,True,False,4
INC-00061,2025-05-16 23:38:00,2025-05-17 04:27:22.404603,P2-High,Network,AGT-00005,4.82,8,False,False,5
INC-00062,2025-04-20 17:35:00,2025-04-21 10:05:53.021472,P3-Medium,Access Management,AGT-00013,16.51,24,False,False,3
INC-00063,2025-06-13 10:49:00,2025-06-14 14:41:23.881872,P4-Low,Software,AGT-00009,27.87,72,False,False,4
INC-00064,2025-03-11 10:57:00,2025-03-11 19:22:49.249226,P3-Medium,Network,AGT-00003,8.43,24,False,False,2
INC-00065,2025-01-17 11:21:00,2025-01-17 20:41:37.825362,P2-High,Software,AGT-00008,9.34,8,True,False,2
INC-00066,2025-05-30 21:01:00,2025-05-31 08:15:48.624360,P2-High,Software,AGT-00013,11.25,8,True,False,3
INC-00067,2025-04-10 18:53:00,2025-04-11 12:18:26.108498,P3-Medium,Network,AGT-00004,17.42,24,False,False,5
INC-00068,2025-02-26 10:31:00,2025-02-27 12:32:41.747459,P3-Medium,Software,AGT-00002,26.03,24,True,True,2
INC-00069,2025-04-30 20:39:00,2025-05-01 17:32:35.117521,P3-Medium,Software,AGT-00002,20.89,24,False,False,5
INC-00070,2025-04-20 08:29:00,2025-04-20 21:19:20.551067,P3-Medium,Software,AGT-00001,12.84,24,False,False,3
INC-00071,2025-04-08 10:53:00,2025-04-09 07:46:28.193439,P3-Medium,Software,AGT-00003,20.89,24,False,False,5
INC-00072,2025-03-31 09:04:00,2025-04-01 15:22:15.453114,P3-Medium,Access Management,AGT-00001,30.3,24,True,False,3
INC-00073,2025-01-06 14:15:00,2025-01-08 15:32:00.525184,P4-Low,Email/Comm,AGT-00002,49.28,72,False,False,4
INC-00074,2025-04-05 08:38:00,2025-04-06 15:09:01.737287,P3-Medium,Hardware,AGT-00008,30.52,24,True,False,3
INC-00075,2025-05-29 02:19:00,2025-05-29 02:49:00.000000,P4-Low,Network,AGT-00003,0.5,72,False,False,5
INC-00076,2025-06-01 15:40:00,2025-06-02 16:14:30.792126,P3-Medium,Email/Comm,AGT-00002,24.58,24,True,False,3
INC-00077,2025-05-25 17:22:00,2025-05-26 12:03:46.955565,P3-Medium,Software,AGT-00010,18.7,24,False,False,4
INC-00078,2025-04-18 17:06:00,2025-04-18 22:33:12.507384,P2-High,Software,AGT-00001,5.45,8,False,False,4
INC-00079,2025-02-15 16:41:00,2025-02-17 20:31:06.775911,P4-Low,Software,AGT-00002,51.84,72,False,False,5
INC-00080,2025-06-01 09:54:00,2025-06-01 11:59:58.015259,P3-Medium,Software,AGT-00005,2.1,24,False,False,5
INC-00081,2025-05-26 14:24:00,2025-05-27 06:38:33.449630,P3-Medium,Software,AGT-00009,16.24,24,False,False,4
INC-00082,2025-03-08 10:56:00,2025-03-09 07:47:24.842060,P3-Medium,Software,AGT-00004,20.86,24,False,False,5
INC-00083,2025-03-03 15:31:00,2025-03-04 21:20:23.348489,P3-Medium,Software,AGT-00002,29.82,24,True,False,1
INC-00084,2025-01-05 07:14:00,2025-01-05 21:05:13.817714,P3-Medium,Access Management,AGT-00005,13.85,24,False,False,3
INC-00085,2025-03-30 11:47:00,2025-03-30 23:18:55.384237,P3-Medium,Software,AGT-00006,11.53,24,False,False,4
INC-00086,2025-02-19 10:47:00,2025-02-20 00:46:09.397145,P3-Medium,Hardware,AGT-00002,13.99,24,False,False,5
INC-00087,2025-05-31 22:33:00,2025-06-01 08:15:14.066683,P2-High,Hardware,AGT-00005,9.7,8,True,False,5
INC-00088,2025-03-19 00:34:00,2025-03-21 09:08:30.079895,P4-Low,Hardware,AGT-00004,56.58,72,False,False,1
INC-00089,2025-06-13 18:31:00,2025-06-13 23:09:45.021433,P2-High,Hardware,AGT-00014,4.65,8,False,False,1
INC-00090,2025-01-14 09:55:00,2025-01-15 08:01:22.102074,P3-Medium,Software,AGT-00003,22.11,24,False,False,5
INC-00091,2025-01-14 08:51:00,2025-01-15 03:37:35.833421,P3-Medium,Network,AGT-00007,18.78,24,False,False,3
INC-00092,2025-06-05 14:39:00,2025-06-08 12:01:22.439318,P4-Low,Network,AGT-00009,69.37,72,False,False,4
INC-00093,2025-04-20 10:39:00,2025-04-20 23:02:00.870896,P3-Medium,Software,AGT-00012,12.38,24,False,False,5
INC-00094,2025-03-09 14:10:00,2025-03-09 19:31:11.456953,P2-High,Access Management,AGT-00007,5.35,8,False,False,4
INC-00095,2025-05-01 10:14:00,2025-05-01 15:21:39.437271,P2-High,Software,AGT-00008,5.13,8,False,False,3
INC-00096,2025-03-09 17:40:00,2025-03-10 14:23:46.923734,P4-Low,Network,AGT-00003,20.73,72,False,False,5
INC-00097,2025-02-08 19:52:00,2025-02-09 03:24:11.115491,P2-High,Network,AGT-00002,7.54,8,False,False,2
INC-00098,2025-03-15 12:29:00,2025-03-17 19:42:15.979597,P4-Low,Software,AGT-00011,55.22,72,False,False,4
INC-00099,2025-01-21 14:56:00,2025-01-23 17:02:08.168878,P4-Low,Software,AGT-00005,50.1,72,False,False,3
INC-00100,2025-05-28 13:01:00,2025-05-29 05:08:23.890559,P3-Medium,Network,AGT-00015,16.12,24,False,False,4
INC-00101,2025-05-01 13:28:00,2025-05-01 20:08:37.322629,P3-Medium,Network,AGT-00009,6.68,24,False,False,3
INC-00102,2025-01-24 12:26:00,2025-01-25 03:04:05.414704,P3-Medium,Software,AGT-00005,14.63,24,False,False,4
INC-00103,2025-03-15 15:25:00,2025-03-17 10:33:44.554810,P4-Low,Hardware,AGT-00008,43.15,72,False,False,4
INC-00104,2025-04-14 18:52:00,2025-04-15 06:26:54.414646,P3-Medium,Hardware,AGT-00003,11.58,24,False,False,4
INC-00105,2025-04-03 14:31:00,2025-04-04 07:13:34.971504,P3-Medium,Software,AGT-00002,16.71,24,False,False,5
INC-00106,2025-04-23 19:31:00,2025-04-24 03:25:51.040796,P2-High,Software,AGT-00014,7.91,8,False,False,5
INC-00107,2025-05-22 00:26:00,2025-05-23 09:31:22.153955,P3-Medium,Hardware,AGT-00002,33.09,24,True,False,5
INC-00108,2025-02-09 12:45:00,2025-02-11 18:14:29.602524,P4-Low,Software,AGT-00002,53.49,72,False,False,5
INC-00109,2025-04-27 13:24:00,2025-04-28 09:27:37.451253,P3-Medium,Software,AGT-00005,20.06,24,False,False,4
INC-00110,2025-04-17 10:50:00,2025-04-18 04:14:15.957626,P3-Medium,Network,AGT-00001,17.4,24,False,False,5
INC-00111,2025-06-18 12:09:00,2025-06-18 14:47:59.388999,P3-Medium,Hardware,AGT-00007,2.65,24,False,False,4
INC-00112,2025-03-24 18:44:00,2025-03-25 12:31:16.400387,P3-Medium,Access Management,AGT-00004,17.79,24,False,False,4
INC-00113,2025-05-02 15:51:00,2025-05-04 19:03:16.575116,P4-Low,Software,AGT-00003,51.2,72,False,False,5
INC-00114,2025-01-10 08:37:00,2025-01-14 11:52:53.432099,P4-Low,Software,AGT-00002,99.26,72,True,False,1
INC-00115,2025-01-04 15:26:00,2025-01-06 13:35:10.010536,P4-Low,Network,AGT-00013,46.15,72,False,False,5
INC-00116,2025-06-09 15:41:00,2025-06-09 23:14:19.496513,P2-High,Access Management,AGT-00003,7.56,8,False,False,3
INC-00117,2025-06-10 15:48:00,2025-06-11 09:31:20.301032,P3-Medium,Software,AGT-00014,17.72,24,False,False,4
INC-00118,2025-03-15 23:47:00,2025-03-16 08:26:02.072517,P3-Medium,Hardware,AGT-00008,8.65,24,False,False,5
INC-00119,2025-02-12 15:57:00,2025-02-15 16:48:23.242645,P4-Low,Access Management,AGT-00001,72.86,72,True,True,2
INC-00120,2025-03-04 13:36:00,2025-03-04 22:43:54.356212,P2-High,Software,AGT-00005,9.13,8,True,False,1
INC-00121,2025-06-24 09:58:00,2025-06-24 19:14:07.002533,P2-High,Software,AGT-00004,9.27,8,True,False,1
INC-00122,2025-04-30 19:43:00,2025-05-01 06:26:29.641302,P3-Medium,Software,AGT-00008,10.72,24,False,False,2
INC-00123,2025-04-19 15:29:00,2025-04-22 21:32:21.190387,P4-Low,Email/Comm,AGT-00003,78.06,72,True,False,1
INC-00124,2025-05-27 11:18:00,2025-05-27 18:05:06.689392,P3-Medium,Software,AGT-00003,6.79,24,False,False,3
INC-00125,2025-05-25 18:49:00,2025-05-28 08:33:13.710754,P4-Low,Software,AGT-00003,61.74,72,False,False,1
INC-00126,2025-03-15 16:14:00,2025-03-17 03:45:25.122023,P3-Medium,Software,AGT-00013,35.52,24,True,False,2
INC-00127,2025-06-18 15:08:00,2025-06-19 01:12:32.553836,P3-Medium,Software,AGT-00008,10.08,24,False,False,5
INC-00128,2025-05-29 11:08:00,2025-05-30 00:36:10.625387,P3-Medium,Hardware,AGT-00005,13.47,24,False,False,3
INC-00129,2025-05-19 18:23:00,2025-05-20 13:10:49.959315,P3-Medium,Network,AGT-00002,18.8,24,False,False,5
INC-00130,2025-05-04 22:18:00,2025-05-06 14:13:49.752904,P4-Low,Hardware,AGT-00011,39.93,72,False,False,3
INC-00131,2025-02-27 18:46:00,2025-02-27 19:50:21.640769,P2-High,Email/Comm,AGT-00002,1.07,8,False,False,4
INC-00132,2025-04-12 00:34:00,2025-04-14 03:56:16.534186,P4-Low,Software,AGT-00001,51.37,72,False,False,4
INC-00133,2025-06-13 21:06:00,2025-06-14 06:36:05.653045,P3-Medium,Hardware,AGT-00004,9.5,24,False,False,4
INC-00134,2025-06-06 09:04:00,2025-06-07 06:51:19.462002,P3-Medium,Email/Comm,AGT-00003,21.79,24,False,False,4
INC-00135,2025-01-12 21:19:00,2025-01-13 07:57:40.582054,P3-Medium,Software,AGT-00002,10.64,24,False,False,2
INC-00136,2025-04-05 15:47:00,2025-04-06 03:42:29.173503,P2-High,Software,AGT-00004,11.92,8,True,False,2
INC-00137,2025-06-17 07:31:00,2025-06-17 19:15:02.305181,P3-Medium,Access Management,AGT-00013,11.73,24,False,False,5
INC-00138,2025-04-24 21:54:00,2025-04-25 13:19:24.628333,P3-Medium,Software,AGT-00002,15.42,24,False,False,5
INC-00139,2025-01-16 11:12:00,2025-01-17 11:42:29.295860,P3-Medium,Email/Comm,AGT-00007,24.51,24,True,False,4
INC-00140,2025-06-13 14:01:00,2025-06-14 15:23:57.769217,P4-Low,Network,AGT-00002,25.38,72,False,False,3
INC-00141,2025-05-22 09:13:00,2025-05-24 15:45:57.115291,P4-Low,Access Management,AGT-00002,54.55,72,False,False,3
INC-00142,2025-03-12 18:09:00,2025-03-15 22:17:34.278308,P4-Low,Access Management,AGT-00007,76.14,72,True,False,2
INC-00143,2025-02-03 01:50:00,2025-02-03 19:41:01.207112,P4-Low,Network,AGT-00012,17.85,72,False,False,4
INC-00144,2025-04-18 13:47:00,2025-04-18 17:09:09.363781,P1-Critical,Hardware,AGT-00002,3.37,4,False,False,4
INC-00145,2025-02-26 21:02:00,2025-02-27 17:06:44.624474,P3-Medium,Software,AGT-00005,20.08,24,False,False,5
INC-00146,2025-01-08 06:30:00,2025-01-09 06:45:16.498707,P3-Medium,Hardware,AGT-00007,24.25,24,True,False,2
INC-00147,2025-01-21 10:09:00,2025-01-21 12:19:14.421043,P2-High,Access Management,AGT-00005,2.17,8,False,False,3
INC-00148,2025-06-02 13:29:00,2025-06-02 20:55:10.849543,P3-Medium,Software,AGT-00003,7.44,24,False,False,4
INC-00149,2025-05-22 15:13:00,2025-05-25 03:39:19.792724,P4-Low,Network,AGT-00008,60.44,72,False,False,5
INC-00150,2025-01-25 10:20:00,2025-01-26 06:42:33.158589,P3-Medium,Access Management,AGT-00004,20.38,24,False,False,4
INC-00151,2025-01-22 07:06:00,2025-01-22 14:28:36.209914,P2-High,Email/Comm,AGT-00001,7.38,8,False,False,4
INC-00152,2025-05-24 10:07:00,2025-05-24 17:49:45.247440,P2-High,Network,AGT-00014,7.71,8,False,False,5
INC-00153,2025-01-14 22:38:00,2025-01-16 11:01:58.220046,P4-Low,Software,AGT-00013,36.4,72,False,False,2
INC-00154,2025-01-28 10:35:00,2025-01-29 06:26:28.906478,P3-Medium,Network,AGT-00005,19.86,24,False,False,5
INC-00155,2025-06-09 14:41:00,2025-06-10 11:01:40.487231,P3-Medium,Access Management,AGT-00011,20.34,24,False,False,4
INC-00156,2025-03-11 15:19:00,2025-03-12 03:36:06.679161,P3-Medium,Software,AGT-00001,12.29,24,False,False,4
INC-00157,2025-01-18 08:40:00,2025-01-18 21:41:48.758840,P2-High,Network,AGT-00008,13.03,8,True,False,1
INC-00158,2025-02-10 11:46:00,2025-02-11 09:33:26.388122,P3-Medium,Software,AGT-00005,21.79,24,False,False,5
INC-00159,2025-06-08 06:05:00,2025-06-08 14:33:10.459281,P3-Medium,Access Management,AGT-00002,8.47,24,False,False,4
INC-00160,2025-05-12 07:27:00,2025-05-13 06:42:08.743929,P3-Medium,Software,AGT-00003,23.25,24,False,False,4
INC-00161,2025-02-26 11:38:00,2025-02-26 21:50:09.167897,P3-Medium,Software,AGT-00003,10.2,24,False,False,3
INC-00162,2025-03-16 10:00:00,2025-03-19 03:44:30.091469,P4-Low,Access Management,AGT-00009,65.74,72,False,False,4
INC-00163,2025-05-24 17:51:00,2025-05-25 04:24:18.304295,P2-High,Software,AGT-00002,10.56,8,True,False,2
INC-00164,2025-01-20 18:36:00,2025-01-21 06:02:04.349231,P3-Medium,Software,AGT-00005,11.43,24,False,False,4
INC-00165,2025-03-25 08:39:00,2025-03-26 10:21:25.232522,P3-Medium,Hardware,AGT-00004,25.71,24,True,False,3
INC-00166,2025-04-22 13:33:00,2025-04-23 10:51:08.090696,P3-Medium,Software,AGT-00001,21.3,24,False,False,5
INC-00167,2025-01-20 13:07:00,2025-01-21 13:41:35.332608,P3-Medium,Hardware,AGT-00010,24.58,24,True,False,1
INC-00168,2025-06-15 17:15:00,2025-06-19 09:11:09.094751,P4-Low,Software,AGT-00014,87.94,72,True,False,2
INC-00169,2025-01-20 08:49:00,2025-01-20 14:27:28.109738,P2-High,Network,AGT-00009,5.64,8,False,False,4
INC-00170,2025-05-25 14:39:00,2025-05-26 02:37:12.398467,P3-Medium,Software,AGT-00008,11.97,24,False,False,5
INC-00171,2025-06-11 10:17:00,2025-06-11 21:10:01.984427,P3-Medium,Software,AGT-00005,10.88,24,False,False,4
INC-00172,2025-04-05 17:04:00,2025-04-05 20:42:40.790409,P2-High,Software,AGT-00001,3.64,8,False,False,5
INC-00173,2025-05-29 13:50:00,2025-05-29 20:03:48.518461,P2-High,Software,AGT-00004,6.23,8,False,False,1
INC-00174,2025-06-04 12:09:00,2025-06-06 20:58:22.942187,P4-Low,Software,AGT-00002,56.82,72,False,False,4
INC-00175,2025-01-22 12:11:00,2025-01-24 19:43:01.737552,P4-Low,Access Management,AGT-00015,55.53,72,False,True,5
INC-00176,2025-04-04 11:18:00,2025-04-07 05:50:37.193931,P4-Low,Software,AGT-00007,66.54,72,False,False,5
INC-00177,2025-03-27 06:06:00,2025-03-28 00:12:14.454486,P3-Medium,Network,AGT-00007,18.1,24,False,False,4
INC-00178,2025-06-04 18:21:00,2025-06-05 23:58:41.781422,P3-Medium,Access Management,AGT-00015,29.63,24,True,False,3
INC-00179,2025-06-19 11:38:00,2025-06-21 08:20:24.708007,P4-Low,Hardware,AGT-00008,44.71,72,False,False,2
INC-00180,2025-02-02 15:53:00,2025-02-04 07:38:40.871998,P3-Medium,Software,AGT-00003,39.76,24,True,False,5
INC-00181,2025-05-11 11:23:00,2025-05-14 01:53:48.049039,P4-Low,Network,AGT-00008,62.51,72,False,False,5
INC-00182,2025-02-05 08:18:00,2025-02-05 19:26:33.862375,P3-Medium,Access Management,AGT-00002,11.14,24,False,False,2
INC-00183,2025-01-10 15:56:00,2025-01-11 20:30:55.740140,P4-Low,Access Management,AGT-00012,28.58,72,False,False,2
INC-00184,2025-06-09 17:10:00,2025-06-10 15:01:35.205559,P3-Medium,Network,AGT-00011,21.86,24,False,False,1
INC-00185,2025-06-06 10:47:00,2025-06-07 02:59:44.271783,P3-Medium,Access Management,AGT-00015,16.21,24,False,False,3
INC-00186,2025-02-19 11:36:00,2025-02-19 20:35:56.406226,P2-High,Email/Comm,AGT-00010,9.0,8,True,False,2
INC-00187,2025-02-11 17:51:00,2025-02-12 15:38:09.243588,P3-Medium,Software,AGT-00006,21.79,24,False,False,5
INC-00188,2025-01-27 15:33:00,2025-01-27 21:47:42.355701,P2-High,Software,AGT-00004,6.25,8,False,False,3
INC-00189,2025-02-07 17:05:00,2025-02-09 02:08:50.852299,P4-Low,Hardware,AGT-00013,33.06,72,False,False,3
INC-00190,2025-01-14 11:23:00,2025-01-14 17:15:52.399929,P3-Medium,Hardware,AGT-00001,5.88,24,False,False,5
INC-00191,2025-06-16 10:09:00,2025-06-17 00:34:40.369380,P3-Medium,Network,AGT-00014,14.43,24,False,False,3
INC-00192,2025-06-30 12:39:00,2025-07-03 07:46:40.713191,P4-Low,Software,AGT-00002,67.13,72,False,True,2
INC-00193,2025-06-05 13:07:00,2025-06-06 08:49:45.899831,P3-Medium,Access Management,AGT-00006,19.71,24,False,False,3
INC-00194,2025-06-09 12:07:00,2025-06-09 14:15:23.691388,P2-High,Hardware,AGT-00007,2.14,8,False,False,4
INC-00195,2025-02-06 10:00:00,2025-02-07 05:23:07.610665,P3-Medium,Software,AGT-00006,19.39,24,False,False,3
INC-00196,2025-04-03 06:33:00,2025-04-04 03:37:57.140536,P3-Medium,Software,AGT-00001,21.08,24,False,False,5
INC-00197,2025-01-12 14:23:00,2025-01-13 01:18:44.905837,P3-Medium,Network,AGT-00012,10.93,24,False,False,1
INC-00198,2025-06-10 07:37:00,2025-06-12 12:41:28.207628,P4-Low,Hardware,AGT-00009,53.07,72,False,False,3
INC-00199,2025-02-14 17:43:00,2025-02-14 20:49:59.102773,P1-Critical,Software,AGT-00011,3.12,4,False,False,4
INC-00200,2025-04-28 04:12:00,2025-04-28 13:03:22.455422,P3-Medium,Access Management,AGT-00001,8.86,24,False,True,3
INC-00201,2025-05-20 12:02:00,2025-05-20 15:44:56.068995,P1-Critical,Email/Comm,AGT-00006,3.72,4,False,False,3
INC-00202,2025-03-26 10:51:00,2025-03-27 09:20:10.594359,P3-Medium,Access Management,AGT-00012,22.49,24,False,False,5
INC-00203,2025-02-17 12:31:00,2025-02-18 15:10:51.875803,P3-Medium,Access Management,AGT-00004,26.66,24,True,False,3
INC-00204,2025-04-21 14:52:00,2025-04-22 17:17:49.499099,P3-Medium,Network,AGT-00005,26.43,24,True,False,2
INC-00205,2025-04-25 14:27:00,2025-04-25 16:07:41.365964,P2-High,Hardware,AGT-00003,1.68,8,False,False,4
INC-00206,2025-06-07 23:17:00,2025-06-08 09:46:50.638850,P3-Medium,Access Management,AGT-00013,10.5,24,False,False,5
INC-00207,2025-05-12 17:43:00,2025-05-13 02:01:09.444367,P2-High,Software,AGT-00004,8.3,8,True,False,1
INC-00208,2025-02-02 06:49:00,2025-02-04 19:05:32.588466,P4-Low,Software,AGT-00005,60.28,72,False,False,4
INC-00209,2025-04-26 21:23:00,2025-04-29 09:41:03.433414,P4-Low,Network,AGT-00002,60.3,72,False,False,2
INC-00210,2025-03-13 09:07:00,2025-03-14 05:06:04.416782,P2-High,Software,AGT-00003,19.98,8,True,True,1
INC-00211,2025-03-08 15:13:00,2025-03-09 13:47:01.646708,P3-Medium,Email/Comm,AGT-00002,22.57,24,False,False,3
INC-00212,2025-01-19 12:57:00,2025-01-22 13:39:40.726093,P4-Low,Software,AGT-00002,72.71,72,True,False,5
INC-00213,2025-06-20 10:04:00,2025-06-23 07:08:48.126972,P4-Low,Email/Comm,AGT-00015,69.08,72,False,False,3
INC-00214,2025-06-29 14:50:00,2025-06-30 14:02:40.068038,P3-Medium,Network,AGT-00008,23.21,24,False,False,3
INC-00215,2025-05-07 02:35:00,2025-05-08 22:16:40.614386,P4-Low,Access Management,AGT-00003,43.69,72,False,False,4
INC-00216,2025-01-17 10:45:00,2025-01-20 03:55:45.783876,P4-Low,Network,AGT-00012,65.18,72,False,False,4
INC-00217,2025-03-23 14:28:00,2025-03-25 01:00:36.584553,P4-Low,Access Management,AGT-00001,34.54,72,False,False,4
INC-00218,2025-05-31 08:08:00,2025-05-31 13:48:16.085555,P2-High,Access Management,AGT-00006,5.67,8,False,False,5
INC-00219,2025-02-12 08:59:00,2025-02-12 13:47:04.419297,P2-High,Network,AGT-00002,4.8,8,False,False,3
INC-00220,2025-03-06 09:35:00,2025-03-08 13:13:14.938036,P4-Low,Access Management,AGT-00011,51.64,72,False,False,4
INC-00221,2025-06-01 21:09:00,2025-06-03 09:40:02.166720,P3-Medium,Network,AGT-00007,36.52,24,True,False,3
INC-00222,2025-01-11 17:01:00,2025-01-12 05:40:16.906133,P4-Low,Hardware,AGT-00014,12.65,72,False,False,5
INC-00223,2025-05-27 11:40:00,2025-05-30 03:23:30.733707,P4-Low,Hardware,AGT-00002,63.73,72,False,True,5
INC-00224,2025-03-04 17:43:00,2025-03-04 22:48:53.782910,P3-Medium,Software,AGT-00003,5.1,24,False,False,4
INC-00225,2025-04-29 09:38:00,2025-04-29 23:51:28.362265,P3-Medium,Network,AGT-00004,14.22,24,False,False,5
INC-00226,2025-04-13 08:23:00,2025-04-14 11:05:41.777193,P3-Medium,Email/Comm,AGT-00003,26.71,24,True,False,1
INC-00227,2025-02-06 07:18:00,2025-02-06 14:01:29.928241,P2-High,Network,AGT-00005,6.72,8,False,False,5
INC-00228,2025-03-25 20:46:00,2025-03-26 06:08:40.950396,P3-Medium,Email/Comm,AGT-00013,9.38,24,False,False,5
INC-00229,2025-03-20 12:05:00,2025-03-21 00:21:39.253173,P3-Medium,Software,AGT-00005,12.28,24,False,False,4
INC-00230,2025-01-13 10:38:00,2025-01-16 02:13:31.037923,P4-Low,Hardware,AGT-00004,63.59,72,False,False,4
INC-00231,2025-04-21 08:16:00,2025-04-21 20:25:25.441007,P3-Medium,Software,AGT-00012,12.16,24,False,False,5
INC-00232,2025-02-19 11:18:00,2025-02-20 07:01:54.007380,P3-Medium,Software,AGT-00006,19.73,24,False,False,4
INC-00233,2025-06-24 14:08:00,2025-06-26 17:02:41.172473,P4-Low,Hardware,AGT-00015,50.91,72,False,False,4
INC-00234,2025-02-06 09:32:00,2025-02-07 22:30:04.774972,P4-Low,Hardware,AGT-00014,36.97,72,False,False,1
INC-00235,2025-05-13 12:38:00,2025-05-13 19:55:16.397443,P1-Critical,Access Management,AGT-00010,7.29,4,True,False,1
INC-00236,2025-06-07 16:19:00,2025-06-10 06:59:42.169607,P4-Low,Hardware,AGT-00004,62.68,72,False,False,4
INC-00237,2025-05-02 17:23:00,2025-05-02 19:10:55.893504,P3-Medium,Software,AGT-00006,1.8,24,False,False,2
INC-00238,2025-06-26 14:38:00,2025-06-27 10:07:29.884265,P3-Medium,Hardware,AGT-00013,19.49,24,False,False,5
INC-00239,2025-01-14 13:10:00,2025-01-16 01:55:51.374537,P4-Low,Access Management,AGT-00007,36.76,72,False,False,5
INC-00240,2025-03-04 03:44:00,2025-03-06 22:46:55.200105,P4-Low,Software,AGT-00011,67.05,72,False,False,1
INC-00241,2025-04-16 12:39:00,2025-04-17 00:18:35.402733,P3-Medium,Network,AGT-00008,11.66,24,False,False,5
INC-00242,2025-02-23 13:42:00,2025-02-24 06:46:55.590486,P3-Medium,Network,AGT-00002,17.08,24,False,False,4
INC-00243,2025-05-20 10:49:00,2025-05-22 22:54:59.084087,P4-Low,Software,AGT-00006,60.1,72,False,False,4
INC-00244,2025-03-05 10:19:00,2025-03-08 05:37:54.373980,P4-Low,Hardware,AGT-00005,67.32,72,False,False,5
INC-00245,2025-06-30 12:30:00,2025-06-30 20:53:51.463477,P3-Medium,Hardware,AGT-00002,8.4,24,False,False,5
INC-00246,2025-06-23 13:57:00,2025-06-25 09:15:35.911019,P4-Low,Hardware,AGT-00002,43.31,72,False,False,5
INC-00247,2025-03-15 21:05:00,2025-03-17 13:35:03.937596,P4-Low,Access Management,AGT-00003,40.5,72,False,False,4
INC-00248,2025-05-18 09:35:00,2025-05-18 22:21:24.118102,P3-Medium,Software,AGT-00002,12.77,24,False,False,2
INC-00249,2025-06-21 19:14:00,2025-06-23 03:21:25.082120,P3-Medium,Software,AGT-00003,32.12,24,True,False,1
INC-00250,2025-02-05 00:35:00,2025-02-05 21:49:23.473276,P3-Medium,Access Management,AGT-00001,21.24,24,False,False,3
INC-00251,2025-06-16 09:18:00,2025-06-16 17:12:46.542115,P3-Medium,Access Management,AGT-00005,7.91,24,False,False,4
INC-00252,2025-05-17 16:54:00,2025-05-20 13:15:26.060188,P4-Low,Network,AGT-00006,68.36,72,False,False,5
INC-00253,2025-01-10 23:25:00,2025-01-11 13:20:39.168082,P2-High,Access Management,AGT-00002,13.93,8,True,False,1
INC-00254,2025-01-10 00:36:00,2025-01-11 02:51:34.999504,P3-Medium,Access Management,AGT-00003,26.26,24,True,False,4
INC-00255,2025-05-15 12:08:00,2025-05-15 17:58:42.144981,P3-Medium,Software,AGT-00007,5.85,24,False,False,4
INC-00256,2025-04-28 14:45:00,2025-04-28 19:33:18.650682,P2-High,Network,AGT-00002,4.81,8,False,False,5
INC-00257,2025-02-14 14:40:00,2025-02-17 18:00:17.602741,P4-Low,Software,AGT-00009,75.34,72,True,False,3
INC-00258,2025-02-17 22:30:00,2025-02-18 10:50:19.119390,P3-Medium,Network,AGT-00008,12.34,24,False,False,3
INC-00259,2025-03-26 10:46:00,2025-03-27 08:19:01.999531,P3-Medium,Hardware,AGT-00009,21.55,24,False,False,3
INC-00260,2025-04-30 10:25:00,2025-05-01 10:36:49.460739,P3-Medium,Hardware,AGT-00008,24.2,24,True,False,4
INC-00261,2025-06-13 20:18:00,2025-06-15 03:45:41.006046,P4-Low,Access Management,AGT-00008,31.46,72,False,False,3
INC-00262,2025-06-05 11:44:00,2025-06-07 12:32:34.174364,P4-Low,Software,AGT-00005,48.81,72,False,False,4
INC-00263,2025-03-05 15:38:00,2025-03-05 16:08:00.000000,P3-Medium,Software,AGT-00002,0.5,24,False,False,2
INC-00264,2025-05-25 07:53:00,2025-05-25 17:41:17.635930,P3-Medium,Access Management,AGT-00001,9.8,24,False,False,4
INC-00265,2025-05-14 12:43:00,2025-05-15 04:41:46.037240,P3-Medium,Network,AGT-00003,15.98,24,False,False,4
INC-00266,2025-04-27 08:26:00,2025-04-27 10:33:57.931907,P2-High,Software,AGT-00011,2.13,8,False,False,2
INC-00267,2025-04-12 09:00:00,2025-04-13 16:03:33.445553,P3-Medium,Access Management,AGT-00008,31.06,24,True,False,2
INC-00268,2025-01-16 20:04:00,2025-01-16 20:34:00.000000,P1-Critical,Hardware,AGT-00001,0.5,4,False,False,4
INC-00269,2025-06-14 22:41:00,2025-06-15 13:09:46.718783,P3-Medium,Network,AGT-00002,14.48,24,False,False,4
INC-00270,2025-04-07 11:43:00,2025-04-09 16:19:53.321565,P4-Low,Software,AGT-00013,52.61,72,False,False,5
INC-00271,2025-05-18 11:08:00,2025-05-18 22:40:40.043442,P2-High,Access Management,AGT-00002,11.54,8,True,False,1
INC-00272,2025-06-22 15:27:00,2025-06-22 15:57:00.000000,P1-Critical,Network,AGT-00003,0.5,4,False,False,5
INC-00273,2025-01-29 03:42:00,2025-01-29 14:16:15.863277,P2-High,Hardware,AGT-00003,10.57,8,True,False,3
INC-00274,2025-01-26 14:28:00,2025-01-28 16:40:16.780393,P4-Low,Network,AGT-00002,50.2,72,False,False,5
INC-00275,2025-03-01 13:48:00,2025-03-01 14:50:13.137712,P1-Critical,Access Management,AGT-00004,1.04,4,False,False,2
INC-00276,2025-05-28 10:38:00,2025-05-29 08:19:48.580059,P3-Medium,Hardware,AGT-00011,21.7,24,False,False,5
INC-00277,2025-05-14 09:19:00,2025-05-14 16:30:48.152164,P2-High,Access Management,AGT-00015,7.2,8,False,False,4
INC-00278,2025-06-23 11:31:00,2025-06-24 00:42:53.753938,P3-Medium,Access Management,AGT-00002,13.2,24,False,True,3
INC-00279,2025-06-28 11:09:00,2025-06-29 05:42:30.300048,P3-Medium,Software,AGT-00006,18.56,24,False,False,3
INC-00280,2025-02-06 17:58:00,2025-02-07 08:53:02.968410,P3-Medium,Hardware,AGT-00002,14.92,24,False,False,4
INC-00281,2025-03-07 09:41:00,2025-03-08 04:35:29.299543,P3-Medium,Software,AGT-00004,18.91,24,False,False,4
INC-00282,2025-01-14 09:43:00,2025-01-15 09:00:49.363426,P3-Medium,Software,AGT-00011,23.3,24,False,False,1
INC-00283,2025-06-21 13:30:00,2025-06-22 01:33:03.811883,P2-High,Access Management,AGT-00007,12.05,8,True,False,4
INC-00284,2025-02-18 21:07:00,2025-02-19 05:12:50.913634,P3-Medium,Email/Comm,AGT-00002,8.1,24,False,False,5
INC-00285,2025-04-12 20:35:00,2025-04-16 17:14:38.402975,P4-Low,Software,AGT-00008,92.66,72,True,False,2
INC-00286,2025-04-03 13:31:00,2025-04-03 15:53:59.871374,P3-Medium,Software,AGT-00003,2.38,24,False,False,5
INC-00287,2025-02-22 11:26:00,2025-02-23 04:13:08.589263,P3-Medium,Access Management,AGT-00003,16.79,24,False,True,5
INC-00288,2025-05-30 13:26:00,2025-05-31 12:08:23.535547,P3-Medium,Network,AGT-00006,22.71,24,False,False,3
INC-00289,2025-05-21 14:43:00,2025-05-21 22:12:00.497533,P2-High,Software,AGT-00003,7.48,8,False,False,5
INC-00290,2025-04-28 08:50:00,2025-04-28 21:51:06.253829,P3-Medium,Access Management,AGT-00009,13.02,24,False,False,2
INC-00291,2025-06-14 21:33:00,2025-06-15 13:53:06.079190,P3-Medium,Network,AGT-00013,16.34,24,False,True,5
INC-00292,2025-04-16 08:40:00,2025-04-18 00:48:23.932705,P4-Low,Software,AGT-00009,40.14,72,False,False,5
INC-00293,2025-06-08 14:59:00,2025-06-08 16:48:16.573750,P1-Critical,Software,AGT-00004,1.82,4,False,False,4
INC-00294,2025-01-04 01:46:00,2025-01-05 02:33:48.540394,P3-Medium,Network,AGT-00006,24.8,24,True,False,5
INC-00295,2025-02-15 07:06:00,2025-02-15 10:48:50.511499,P1-Critical,Access Management,AGT-00008,3.71,4,False,False,3
INC-00296,2025-04-12 07:25:00,2025-04-12 19:52:24.203656,P3-Medium,Hardware,AGT-00004,12.46,24,False,False,3
INC-00297,2025-01-21 14:54:00,2025-01-22 16:05:48.476412,P3-Medium,Hardware,AGT-00011,25.2,24,True,False,1
INC-00298,2025-06-13 00:10:00,2025-06-13 20:37:30.226201,P3-Medium,Software,AGT-00005,20.46,24,False,False,5
INC-00299,2025-01-25 19:58:00,2025-01-26 20:28:10.429023,P3-Medium,Hardware,AGT-00015,24.5,24,True,True,1
INC-00300,2025-01-12 20:43:00,2025-01-15 11:18:33.276619,P4-Low,Access Management,AGT-00005,62.59,72,False,False,5
INC-00301,2025-03-22 01:13:00,2025-03-22 12:35:04.943685,P3-Medium,Network,AGT-00014,11.37,24,False,False,5
INC-00302,2025-02-11 13:36:00,2025-02-12 03:07:06.786042,P3-Medium,Software,AGT-00001,13.52,24,False,False,4
INC-00303,2025-02-05 17:44:00,2025-02-08 10:40:45.139569,P4-Low,Hardware,AGT-00009,64.95,72,False,False,4
INC-00304,2025-01-20 10:49:00,2025-01-23 01:01:26.659111,P4-Low,Network,AGT-00005,62.21,72,False,False,4
INC-00305,2025-04-26 12:22:00,2025-04-28 13:56:55.085235,P4-Low,Hardware,AGT-00007,49.58,72,False,False,4
INC-00306,2025-06-08 10:15:00,2025-06-08 17:09:38.325030,P2-High,Software,AGT-00004,6.91,8,False,False,2
INC-00307,2025-04-10 10:06:00,2025-04-10 21:04:18.577687,P2-High,Access Management,AGT-00007,10.97,8,True,False,4
INC-00308,2025-01-23 09:28:00,2025-01-23 22:44:02.744002,P3-Medium,Access Management,AGT-00001,13.27,24,False,False,4
INC-00309,2025-06-02 14:20:00,2025-06-02 22:44:53.427003,P2-High,Network,AGT-00006,8.41,8,True,False,1
INC-00310,2025-05-24 19:15:00,2025-05-25 11:37:56.851610,P3-Medium,Access Management,AGT-00008,16.38,24,False,False,3
INC-00311,2025-05-07 08:10:00,2025-05-08 00:25:30.781347,P3-Medium,Network,AGT-00003,16.26,24,False,False,4
INC-00312,2025-03-05 15:31:00,2025-03-06 18:18:24.773337,P3-Medium,Network,AGT-00003,26.79,24,True,False,1
INC-00313,2025-03-27 18:24:00,2025-03-28 03:47:20.245997,P2-High,Hardware,AGT-00014,9.39,8,True,False,2
INC-00314,2025-06-02 08:20:00,2025-06-03 08:50:29.077517,P3-Medium,Access Management,AGT-00012,24.51,24,True,False,3
INC-00315,2025-03-23 10:44:00,2025-03-24 15:10:37.789646,P3-Medium,Network,AGT-00004,28.44,24,True,False,5
INC-00316,2025-04-11 11:59:00,2025-04-13 14:24:12.276598,P4-Low,Hardware,AGT-00003,50.42,72,False,False,4
INC-00317,2025-04-29 21:13:00,2025-04-30 20:40:20.245573,P3-Medium,Software,AGT-00006,23.46,24,False,False,3
INC-00318,2025-04-15 15:08:00,2025-04-16 06:39:04.317410,P3-Medium,Access Management,AGT-00010,15.52,24,False,False,3
INC-00319,2025-01-19 12:38:00,2025-01-20 09:13:35.990952,P3-Medium,Access Management,AGT-00010,20.59,24,False,False,4
INC-00320,2025-05-20 04:23:00,2025-05-20 21:20:31.880034,P3-Medium,Email/Comm,AGT-00008,16.96,24,False,False,5
INC-00321,2025-03-05 14:22:00,2025-03-06 09:08:33.483792,P3-Medium,Email/Comm,AGT-00001,18.78,24,False,False,4
INC-00322,2025-03-26 22:27:00,2025-03-27 21:12:40.522333,P3-Medium,Software,AGT-00007,22.76,24,False,False,2
INC-00323,2025-06-26 13:28:00,2025-06-26 17:06:10.419391,P2-High,Access Management,AGT-00006,3.64,8,False,False,4
INC-00324,2025-01-07 12:18:00,2025-01-08 23:02:20.753540,P3-Medium,Software,AGT-00002,34.74,24,True,False,5
INC-00325,2025-03-21 10:50:00,2025-03-21 13:48:44.180993,P2-High,Email/Comm,AGT-00002,2.98,8,False,False,4
INC-00326,2025-03-23 06:02:00,2025-03-23 14:19:11.367952,P3-Medium,Software,AGT-00008,8.29,24,False,False,2
INC-00327,2025-02-12 20:47:00,2025-02-15 21:56:43.982892,P4-Low,Software,AGT-00008,73.16,72,True,False,1
INC-00328,2025-03-01 17:40:00,2025-03-02 02:56:14.949944,P2-High,Software,AGT-00014,9.27,8,True,False,3
INC-00329,2025-02-20 12:27:00,2025-02-21 11:26:34.650731,P3-Medium,Network,AGT-00007,22.99,24,False,False,5
INC-00330,2025-01-17 13:51:00,2025-01-17 22:32:57.153417,P2-High,Access Management,AGT-00011,8.7,8,True,False,1
INC-00331,2025-05-06 13:40:00,2025-05-07 07:34:07.292942,P3-Medium,Software,AGT-00003,17.9,24,False,False,4
INC-00332,2025-04-28 14:52:00,2025-04-29 01:41:19.074101,P3-Medium,Network,AGT-00004,10.82,24,False,False,5
INC-00333,2025-03-22 08:19:00,2025-03-24 11:49:57.928190,P4-Low,Software,AGT-00008,51.52,72,False,False,4
INC-00334,2025-05-28 11:11:00,2025-05-28 15:18:47.762435,P2-High,Software,AGT-00007,4.13,8,False,False,4
INC-00335,2025-02-12 12:08:00,2025-02-15 09:38:08.620806,P4-Low,Email/Comm,AGT-00002,69.5,72,False,False,5
INC-00336,2025-05-05 08:52:00,2025-05-06 01:41:24.747413,P3-Medium,Access Management,AGT-00014,16.82,24,False,False,4
INC-00337,2025-04-24 12:05:00,2025-04-24 23:28:45.680732,P3-Medium,Software,AGT-00005,11.4,24,False,False,5
INC-00338,2025-03-15 08:29:00,2025-03-15 13:51:30.538395,P2-High,Network,AGT-00002,5.38,8,False,False,5
INC-00339,2025-03-10 16:52:00,2025-03-11 14:10:12.425883,P3-Medium,Software,AGT-00006,21.3,24,False,False,4
INC-00340,2025-02-25 23:06:00,2025-02-27 13:49:31.832198,P4-Low,Access Management,AGT-00005,38.73,72,False,False,4
INC-00341,2025-03-09 10:52:00,2025-03-09 14:29:20.023016,P2-High,Access Management,AGT-00001,3.62,8,False,False,5
INC-00342,2025-05-31 15:55:00,2025-05-31 23:16:10.458865,P2-High,Access Management,AGT-00002,7.35,8,False,False,4
INC-00343,2025-02-22 17:36:00,2025-02-23 00:57:26.578796,P2-High,Network,AGT-00002,7.36,8,False,False,3
INC-00344,2025-03-16 13:54:00,2025-03-17 03:50:40.036549,P3-Medium,Hardware,AGT-00008,13.94,24,False,False,5
INC-00345,2025-04-16 20:17:00,2025-04-18 12:51:45.241995,P4-Low,Network,AGT-00009,40.58,72,False,False,2
INC-00346,2025-03-05 16:43:00,2025-03-07 23:21:27.595490,P4-Low,Hardware,AGT-00008,54.64,72,False,False,2
INC-00347,2025-01-20 14:56:00,2025-01-20 21:20:55.170965,P3-Medium,Software,AGT-00004,6.42,24,False,False,4
INC-00348,2025-04-27 21:20:00,2025-04-28 04:04:25.043298,P3-Medium,Software,AGT-00012,6.74,24,False,False,5
INC-00349,2025-06-12 15:22:00,2025-06-14 02:59:52.016070,P4-Low,Network,AGT-00015,35.63,72,False,False,5
INC-00350,2025-05-07 09:53:00,2025-05-08 02:10:32.722031,P3-Medium,Email/Comm,AGT-00011,16.29,24,False,False,4
INC-00351,2025-06-24 16:02:00,2025-06-24 23:37:17.435327,P2-High,Access Management,AGT-00010,7.59,8,False,False,5
INC-00352,2025-04-23 12:27:00,2025-04-24 18:15:10.259048,P3-Medium,Network,AGT-00012,29.8,24,True,False,3
INC-00353,2025-03-12 07:23:00,2025-03-12 16:53:06.511252,P2-High,Software,AGT-00002,9.5,8,True,False,2
INC-00354,2025-03-20 16:48:00,2025-03-22 15:36:04.425843,P4-Low,Network,AGT-00004,46.8,72,False,False,4
INC-00355,2025-02-03 14:33:00,2025-02-04 08:23:52.333212,P3-Medium,Network,AGT-00005,17.85,24,False,False,1
INC-00356,2025-04-19 15:30:00,2025-04-20 01:28:47.154298,P3-Medium,Access Management,AGT-00015,9.98,24,False,False,4
INC-00357,2025-03-18 08:49:00,2025-03-19 02:40:06.821683,P3-Medium,Network,AGT-00003,17.85,24,False,False,5
INC-00358,2025-05-25 00:41:00,2025-05-25 16:22:26.631199,P3-Medium,Software,AGT-00001,15.69,24,False,False,4
INC-00359,2025-06-07 15:55:00,2025-06-07 23:32:46.253860,P2-High,Access Management,AGT-00013,7.63,8,False,False,5
INC-00360,2025-03-31 22:20:00,2025-04-01 01:56:16.890111,P2-High,Network,AGT-00008,3.6,8,False,False,3
INC-00361,2025-06-05 10:44:00,2025-06-06 08:53:17.179610,P3-Medium,Hardware,AGT-00007,22.15,24,False,True,5
INC-00362,2025-02-18 16:18:00,2025-02-22 00:57:17.201736,P4-Low,Hardware,AGT-00007,80.65,72,True,False,3
INC-00363,2025-03-03 12:38:00,2025-03-05 12:27:29.269311,P4-Low,Hardware,AGT-00004,47.82,72,False,False,5
INC-00364,2025-04-10 18:36:00,2025-04-10 22:24:12.324399,P1-Critical,Software,AGT-00003,3.8,4,False,False,4
INC-00365,2025-01-19 01:04:00,2025-01-19 09:58:55.814296,P2-High,Software,AGT-00015,8.92,8,True,True,1
INC-00366,2025-03-15 14:32:00,2025-03-17 08:30:32.126024,P4-Low,Email/Comm,AGT-00004,41.98,72,False,False,4
INC-00367,2025-02-09 10:19:00,2025-02-10 06:06:33.863476,P3-Medium,Software,AGT-00006,19.79,24,False,False,5
INC-00368,2025-05-31 14:53:00,2025-06-02 17:08:06.652856,P4-Low,Network,AGT-00003,50.25,72,False,False,4
INC-00369,2025-03-03 06:05:00,2025-03-04 00:51:53.071638,P3-Medium,Software,AGT-00014,18.78,24,False,False,2
INC-00370,2025-06-18 16:07:00,2025-06-19 03:55:57.318225,P3-Medium,Network,AGT-00008,11.82,24,False,True,2
INC-00371,2025-05-13 17:46:00,2025-05-13 20:48:56.473255,P1-Critical,Software,AGT-00004,3.05,4,False,False,4
INC-00372,2025-01-31 16:01:00,2025-02-01 14:00:02.350788,P3-Medium,Access Management,AGT-00009,21.98,24,False,False,4
INC-00373,2025-06-10 07:29:00,2025-06-11 13:05:32.935904,P3-Medium,Hardware,AGT-00015,29.61,24,True,False,1
INC-00374,2025-01-27 19:43:00,2025-01-30 16:54:07.499478,P4-Low,Network,AGT-00002,69.19,72,False,False,3
INC-00375,2025-03-04 05:23:00,2025-03-05 16:36:31.654776,P3-Medium,Network,AGT-00012,35.23,24,True,False,1
INC-00376,2025-06-17 11:20:00,2025-06-18 21:59:10.975472,P4-Low,Access Management,AGT-00006,34.65,72,False,False,5
INC-00377,2025-01-31 12:57:00,2025-02-01 13:55:42.834338,P3-Medium,Access Management,AGT-00006,24.98,24,True,False,1
INC-00378,2025-04-30 18:49:00,2025-05-01 14:17:00.249765,P3-Medium,Network,AGT-00004,19.47,24,False,False,3
INC-00379,2025-05-25 17:47:00,2025-05-27 05:18:06.324477,P3-Medium,Network,AGT-00002,35.52,24,True,False,2
INC-00380,2025-02-20 16:34:00,2025-02-21 04:06:01.009382,P3-Medium,Software,AGT-00010,11.53,24,False,False,3
INC-00381,2025-03-30 14:44:00,2025-03-30 16:03:14.002736,P1-Critical,Software,AGT-00003,1.32,4,False,False,5
INC-00382,2025-03-20 07:33:00,2025-03-20 09:21:04.372953,P1-Critical,Software,AGT-00012,1.8,4,False,False,4
INC-00383,2025-03-13 07:58:00,2025-03-13 15:29:19.507850,P4-Low,Email/Comm,AGT-00002,7.52,72,False,False,5
INC-00384,2025-01-22 13:32:00,2025-01-23 03:19:38.255376,P3-Medium,Access Management,AGT-00005,13.79,24,False,False,5
INC-00385,2025-02-03 09:16:00,2025-02-03 13:06:34.928464,P2-High,Software,AGT-00005,3.84,8,False,False,5
INC-00386,2025-04-26 09:04:00,2025-04-27 04:16:11.341051,P3-Medium,Access Management,AGT-00003,19.2,24,False,False,2
INC-00387,2025-04-26 12:26:00,2025-04-28 21:16:06.430256,P4-Low,Network,AGT-00001,56.84,72,False,False,4
INC-00388,2025-01-31 07:51:00,2025-02-03 23:22:24.300424,P4-Low,Software,AGT-00005,87.52,72,True,False,3
INC-00389,2025-03-25 08:45:00,2025-03-26 10:21:12.206540,P3-Medium,Network,AGT-00011,25.6,24,True,False,2
INC-00390,2025-02-14 03:25:00,2025-02-14 16:48:05.174717,P3-Medium,Software,AGT-00003,13.38,24,False,False,4
INC-00391,2025-02-05 08:03:00,2025-02-05 18:51:45.657465,P3-Medium,Network,AGT-00001,10.81,24,False,False,5
INC-00392,2025-06-11 20:05:00,2025-06-12 04:18:18.181561,P2-High,Access Management,AGT-00004,8.22,8,True,False,2
INC-00393,2025-06-15 12:08:00,2025-06-16 11:43:43.209095,P4-Low,Network,AGT-00001,23.6,72,False,False,5
INC-00394,2025-01-13 08:36:00,2025-01-16 23:13:45.031142,P4-Low,Network,AGT-00014,86.63,72,True,False,3
INC-00395,2025-04-01 09:11:00,2025-04-02 12:37:07.875477,P3-Medium,Software,AGT-00005,27.44,24,True,False,2
INC-00396,2025-06-15 10:26:00,2025-06-15 15:17:28.386783,P2-High,Software,AGT-00007,4.86,8,False,False,4
INC-00397,2025-06-14 19:33:00,2025-06-14 20:03:14.504933,P2-High,Software,AGT-00004,0.5,8,False,False,5
INC-00398,2025-04-02 12:50:00,2025-04-03 17:39:51.524376,P3-Medium,Network,AGT-00004,28.83,24,True,False,4
INC-00399,2025-03-23 14:01:00,2025-03-24 07:06:01.252457,P3-Medium,Software,AGT-00002,17.08,24,False,False,5
INC-00400,2025-05-30 23:10:00,2025-05-31 09:59:56.485531,P2-High,Email/Comm,AGT-00006,10.83,8,True,False,3
INC-00401,2025-01-15 16:14:00,2025-01-15 21:28:40.483427,P3-Medium,Access Management,AGT-00013,5.24,24,False,False,5
INC-00402,2025-02-14 08:37:00,2025-02-14 21:49:17.999339,P3-Medium,Email/Comm,AGT-00015,13.2,24,False,False,5
INC-00403,2025-04-01 21:36:00,2025-04-02 15:38:31.018552,P3-Medium,Software,AGT-00008,18.04,24,False,False,5
INC-00404,2025-05-19 10:31:00,2025-05-21 13:27:22.602751,P4-Low,Access Management,AGT-00015,50.94,72,False,True,2
INC-00405,2025-03-26 20:12:00,2025-03-27 10:35:58.114421,P3-Medium,Network,AGT-00005,14.4,24,False,False,3
INC-00406,2025-01-16 01:37:00,2025-01-16 10:17:47.909148,P2-High,Access Management,AGT-00012,8.68,8,True,False,1
INC-00407,2025-01-19 11:42:00,2025-01-19 14:27:47.982590,P2-High,Software,AGT-00004,2.76,8,False,False,2
INC-00408,2025-04-22 17:31:00,2025-04-23 10:22:39.470831,P3-Medium,Network,AGT-00002,16.86,24,False,False,3
INC-00409,2025-04-02 09:37:00,2025-04-04 14:01:21.285483,P4-Low,Software,AGT-00014,52.41,72,False,False,4
INC-00410,2025-01-01 21:36:00,2025-01-02 19:42:55.838421,P3-Medium,Hardware,AGT-00002,22.12,24,False,False,5
INC-00411,2025-06-06 09:36:00,2025-06-09 01:49:56.271222,P4-Low,Network,AGT-00007,64.23,72,False,False,4
INC-00412,2025-03-23 08:56:00,2025-03-23 17:56:10.307755,P3-Medium,Network,AGT-00004,9.0,24,False,False,5
INC-00413,2025-01-03 09:15:00,2025-01-03 14:58:37.511883,P3-Medium,Access Management,AGT-00003,5.73,24,False,False,4
INC-00414,2025-04-23 16:10:00,2025-04-26 19:43:12.731177,P4-Low,Access Management,AGT-00001,75.55,72,True,False,2
INC-00415,2025-05-03 17:36:00,2025-05-04 14:15:30.643545,P3-Medium,Software,AGT-00001,20.66,24,False,False,4
INC-00416,2025-03-17 01:16:00,2025-03-17 05:08:49.069639,P2-High,Network,AGT-00011,3.88,8,False,False,2
INC-00417,2025-05-21 21:05:00,2025-05-22 09:00:44.514892,P2-High,Software,AGT-00009,11.93,8,True,False,5
INC-00418,2025-06-17 08:56:00,2025-06-19 13:14:48.573669,P4-Low,Access Management,AGT-00005,52.31,72,False,False,2
INC-00419,2025-05-22 15:46:00,2025-05-23 19:12:03.758901,P3-Medium,Email/Comm,AGT-00004,27.43,24,True,False,3
INC-00420,2025-05-21 18:09:00,2025-05-22 12:41:24.532265,P3-Medium,Network,AGT-00004,18.54,24,False,False,1
INC-00421,2025-05-03 09:01:00,2025-05-03 22:43:45.423854,P2-High,Access Management,AGT-00007,13.71,8,True,False,3
INC-00422,2025-04-12 12:57:00,2025-04-16 02:03:24.540656,P4-Low,Software,AGT-00002,85.11,72,True,False,1
INC-00423,2025-04-05 09:02:00,2025-04-06 01:02:29.832524,P3-Medium,Network,AGT-00013,16.01,24,False,False,4
INC-00424,2025-06-28 15:05:00,2025-06-29 00:59:01.793982,P2-High,Hardware,AGT-00001,9.9,8,True,False,3
INC-00425,2025-01-16 18:52:00,2025-01-17 18:01:46.827348,P3-Medium,Access Management,AGT-00002,23.16,24,False,False,5
INC-00426,2025-03-02 12:05:00,2025-03-03 17:01:56.588857,P3-Medium,Email/Comm,AGT-00006,28.95,24,True,False,4
INC-00427,2025-05-27 15:39:00,2025-05-27 16:43:12.551084,P1-Critical,Software,AGT-00006,1.07,4,False,False,5
INC-00428,2025-02-24 17:08:00,2025-02-25 16:37:18.282048,P3-Medium,Email/Comm,AGT-00002,23.49,24,False,True,2
INC-00429,2025-02-07 18:16:00,2025-02-08 20:44:02.625221,P3-Medium,Hardware,AGT-00011,26.47,24,True,False,3
INC-00430,2025-05-22 10:17:00,2025-05-23 01:06:30.756978,P4-Low,Network,AGT-00006,14.83,72,False,False,5
INC-00431,2025-04-18 07:09:00,2025-04-18 07:47:00.538709,P1-Critical,Access Management,AGT-00007,0.63,4,False,False,4
INC-00432,2025-05-25 16:50:00,2025-05-26 02:02:55.283201,P4-Low,Email/Comm,AGT-00014,9.22,72,False,False,4
INC-00433,2025-05-05 13:30:00,2025-05-06 05:20:41.083168,P3-Medium,Software,AGT-00004,15.84,24,False,True,3
INC-00434,2025-01-10 11:56:00,2025-01-10 20:56:41.032423,P2-High,Software,AGT-00008,9.01,8,True,False,1
INC-00435,2025-01-06 10:50:00,2025-01-07 16:51:07.883100,P3-Medium,Email/Comm,AGT-00013,30.02,24,True,False,2
INC-00436,2025-02-28 08:47:00,2025-03-01 03:22:33.929676,P3-Medium,Software,AGT-00001,18.59,24,False,False,5
INC-00437,2025-02-18 12:58:00,2025-02-19 19:59:44.127712,P3-Medium,Software,AGT-00007,31.03,24,True,False,3
INC-00438,2025-05-12 17:04:00,2025-05-13 15:27:52.695009,P4-Low,Access Management,AGT-00011,22.4,72,False,False,4
INC-00439,2025-01-08 08:56:00,2025-01-08 09:28:17.381264,P2-High,Access Management,AGT-00012,0.54,8,False,False,5
INC-00440,2025-06-30 09:23:00,2025-06-30 15:41:20.098994,P2-High,Software,AGT-00013,6.31,8,False,False,4
INC-00441,2025-04-06 12:28:00,2025-04-07 09:32:21.084929,P3-Medium,Network,AGT-00001,21.07,24,False,False,5
INC-00442,2025-03-08 16:44:00,2025-03-09 10:28:18.391255,P3-Medium,Hardware,AGT-00002,17.74,24,False,False,1
INC-00443,2025-02-24 18:41:00,2025-02-24 19:11:00.000000,P1-Critical,Access Management,AGT-00010,0.5,4,False,False,3
INC-00444,2025-06-24 00:58:00,2025-06-24 18:15:13.342862,P3-Medium,Software,AGT-00012,17.29,24,False,False,3
INC-00445,2025-03-20 15:45:00,2025-03-21 15:39:38.195964,P4-Low,Hardware,AGT-00007,23.91,72,False,False,4
INC-00446,2025-04-30 10:33:00,2025-05-01 09:54:26.569406,P3-Medium,Hardware,AGT-00003,23.36,24,False,False,4
INC-00447,2025-04-06 13:38:00,2025-04-06 21:24:59.137901,P2-High,Software,AGT-00008,7.78,8,False,False,3
INC-00448,2025-06-13 10:17:00,2025-06-13 13:29:37.514692,P2-High,Network,AGT-00015,3.21,8,False,False,5
INC-00449,2025-03-03 19:51:00,2025-03-05 11:34:21.581952,P4-Low,Hardware,AGT-00002,39.72,72,False,False,5
INC-00450,2025-01-07 14:18:00,2025-01-07 23:49:34.650570,P3-Medium,Hardware,AGT-00002,9.53,24,False,False,4
INC-00451,2025-05-27 17:21:00,2025-05-28 10:50:54.841999,P3-Medium,Network,AGT-00008,17.5,24,False,False,3
INC-00452,2025-06-21 11:19:00,2025-06-22 12:57:28.098830,P3-Medium,Access Management,AGT-00013,25.64,24,True,False,3
INC-00453,2025-02-02 16:46:00,2025-02-03 23:03:07.724664,P4-Low,Network,AGT-00001,30.29,72,False,False,5
INC-00454,2025-01-23 09:14:00,2025-01-23 17:29:50.986096,P2-High,Software,AGT-00003,8.26,8,True,False,2
INC-00455,2025-03-17 12:07:00,2025-03-19 03:30:41.451477,P4-Low,Hardware,AGT-00003,39.39,72,False,False,5
INC-00456,2025-02-19 12:55:00,2025-02-20 00:34:25.262431,P3-Medium,Email/Comm,AGT-00001,11.66,24,False,False,4
INC-00457,2025-02-21 10:36:00,2025-02-22 03:44:37.525633,P3-Medium,Access Management,AGT-00002,17.14,24,False,False,5
INC-00458,2025-01-21 12:40:00,2025-01-21 15:32:35.946738,P2-High,Access Management,AGT-00002,2.88,8,False,False,3
INC-00459,2025-02-13 13:10:00,2025-02-13 17:43:44.018753,P2-High,Software,AGT-00002,4.56,8,False,False,5
INC-00460,2025-04-14 11:30:00,2025-04-14 13:48:26.738553,P2-High,Software,AGT-00007,2.31,8,False,False,1
INC-00461,2025-03-24 16:33:00,2025-03-25 05:55:35.536675,P2-High,Software,AGT-00001,13.38,8,True,False,3
INC-00462,2025-03-30 10:06:00,2025-03-31 04:22:55.590297,P3-Medium,Hardware,AGT-00008,18.28,24,False,False,4
INC-00463,2025-03-16 12:33:00,2025-03-16 16:36:03.458599,P2-High,Access Management,AGT-00003,4.05,8,False,False,3
INC-00464,2025-05-06 11:12:00,2025-05-08 17:28:46.553573,P4-Low,Email/Comm,AGT-00003,54.28,72,False,False,5
INC-00465,2025-02-03 09:01:00,2025-02-05 08:46:12.380422,P4-Low,Network,AGT-00002,47.75,72,False,False,3
INC-00466,2025-06-13 09:34:00,2025-06-14 01:47:56.075533,P3-Medium,Software,AGT-00001,16.23,24,False,False,4
INC-00467,2025-01-13 15:26:00,2025-01-13 19:39:42.000240,P1-Critical,Network,AGT-00011,4.23,4,True,False,1
INC-00468,2025-06-25 14:19:00,2025-06-26 14:22:36.222049,P3-Medium,Access Management,AGT-00002,24.06,24,True,False,1
INC-00469,2025-04-18 17:06:00,2025-04-19 06:51:21.566949,P3-Medium,Software,AGT-00008,13.76,24,False,False,4
INC-00470,2025-06-05 09:16:00,2025-06-05 22:39:36.434669,P3-Medium,Access Management,AGT-00005,13.39,24,False,False,5
INC-00471,2025-05-21 12:13:00,2025-05-22 04:00:58.511122,P3-Medium,Software,AGT-00002,15.8,24,False,False,4
INC-00472,2025-01-29 18:42:00,2025-01-29 19:12:00.000000,P2-High,Network,AGT-00001,0.5,8,False,False,5
INC-00473,2025-03-07 14:29:00,2025-03-08 10:10:46.243522,P4-Low,Network,AGT-00008,19.7,72,False,False,3
INC-00474,2025-01-11 18:23:00,2025-01-12 23:19:05.978902,P3-Medium,Network,AGT-00002,28.93,24,True,False,2
INC-00475,2025-01-12 00:08:00,2025-01-13 07:17:35.070149,P3-Medium,Network,AGT-00009,31.16,24,True,False,1
INC-00476,2025-01-24 11:21:00,2025-01-25 03:21:27.762061,P3-Medium,Software,AGT-00007,16.01,24,False,False,4
INC-00477,2025-05-03 17:41:00,2025-05-06 07:12:52.101340,P4-Low,Hardware,AGT-00004,61.53,72,False,False,3
INC-00478,2025-02-10 07:58:00,2025-02-10 15:33:21.751947,P2-High,Access Management,AGT-00015,7.59,8,False,False,5
INC-00479,2025-04-02 14:55:00,2025-04-04 09:32:51.767284,P3-Medium,Network,AGT-00004,42.63,24,True,False,3
INC-00480,2025-01-29 19:28:00,2025-02-01 19:51:29.393623,P4-Low,Network,AGT-00013,72.39,72,True,True,2
INC-00481,2025-05-28 15:14:00,2025-05-29 08:12:35.973365,P3-Medium,Access Management,AGT-00008,16.98,24,False,False,4
INC-00482,2025-01-25 11:46:00,2025-01-25 22:07:20.435311,P3-Medium,Software,AGT-00008,10.36,24,False,False,3
INC-00483,2025-05-23 19:39:00,2025-05-24 00:47:54.345977,P3-Medium,Software,AGT-00011,5.15,24,False,False,4
INC-00484,2025-02-12 07:31:00,2025-02-12 14:43:43.641812,P2-High,Access Management,AGT-00012,7.21,8,False,False,3
INC-00485,2025-04-07 11:15:00,2025-04-07 23:11:57.098536,P3-Medium,Software,AGT-00006,11.95,24,False,False,4
INC-00486,2025-03-22 08:31:00,2025-03-22 15:08:19.093164,P3-Medium,Network,AGT-00005,6.62,24,False,False,1
INC-00487,2025-01-24 17:39:00,2025-01-25 06:28:38.700934,P3-Medium,Network,AGT-00006,12.83,24,False,False,5
INC-00488,2025-03-29 11:03:00,2025-03-29 20:23:51.417496,P3-Medium,Software,AGT-00005,9.35,24,False,False,5
INC-00489,2025-06-18 11:28:00,2025-06-19 18:57:49.679090,P3-Medium,Access Management,AGT-00007,31.5,24,True,False,3
INC-00490,2025-03-16 13:23:00,2025-03-16 22:58:08.660938,P2-High,Hardware,AGT-00011,9.59,8,True,False,1
INC-00491,2025-04-15 07:39:00,2025-04-15 14:07:19.544719,P2-High,Network,AGT-00008,6.47,8,False,False,2
INC-00492,2025-02-18 15:06:00,2025-02-21 22:41:55.978000,P4-Low,Hardware,AGT-00011,79.6,72,True,False,1
INC-00493,2025-04-26 12:37:00,2025-04-27 07:14:08.207260,P3-Medium,Software,AGT-00002,18.62,24,False,False,2
INC-00494,2025-04-21 18:30:00,2025-04-22 05:36:35.015002,P3-Medium,Software,AGT-00001,11.11,24,False,False,5
INC-00495,2025-02-02 07:42:00,2025-02-05 16:09:44.933563,P4-Low,Software,AGT-00002,80.46,72,True,False,4
INC-00496,2025-06-27 16:17:00,2025-06-28 14:35:40.609258,P3-Medium,Software,AGT-00015,22.31,24,False,False,3
INC-00497,2025-06-04 15:47:00,2025-06-05 01:29:07.310755,P3-Medium,Access Management,AGT-00002,9.7,24,False,False,5
INC-00498,2025-05-22 14:12:00,2025-05-23 06:40:38.246071,P3-Medium,Hardware,AGT-00009,16.48,24,False,False,5
INC-00499,2025-06-16 22:11:00,2025-06-17 09:10:42.194303,P3-Medium,Email/Comm,AGT-00002,11.0,24,False,False,4
INC-00500,2025-05-03 13:42:00,2025-05-03 20:38:15.367748,P3-Medium,Network,AGT-00004,6.94,24,False,False,4
INC-00501,2025-04-19 17:33:00,2025-04-22 14:04:24.783422,P4-Low,Software,AGT-00012,68.52,72,False,False,4
INC-00502,2025-02-11 23:43:00,2025-02-12 12:53:58.649670,P2-High,Network,AGT-00003,13.18,8,True,False,3
INC-00503,2025-01-09 11:28:00,2025-01-09 18:16:41.253874,P3-Medium,Hardware,AGT-00009,6.81,24,False,False,5
INC-00504,2025-05-24 11:32:00,2025-05-25 10:02:13.514017,P3-Medium,Access Management,AGT-00009,22.5,24,False,False,5
INC-00505,2025-04-10 11:50:00,2025-04-11 00:37:41.494009,P3-Medium,Software,AGT-00014,12.79,24,False,False,3
INC-00506,2025-06-08 18:55:00,2025-06-09 09:01:10.788948,P3-Medium,Network,AGT-00003,14.1,24,False,False,5
INC-00507,2025-05-31 13:38:00,2025-06-02 03:47:07.637455,P4-Low,Access Management,AGT-00007,38.15,72,False,False,5
INC-00508,2025-01-20 09:11:00,2025-01-20 12:39:33.716302,P2-High,Software,AGT-00015,3.48,8,False,False,2
INC-00509,2025-02-11 13:16:00,2025-02-11 16:21:49.355721,P1-Critical,Hardware,AGT-00003,3.1,4,False,True,4
INC-00510,2025-06-02 06:59:00,2025-06-03 16:21:51.591618,P4-Low,Network,AGT-00014,33.38,72,False,False,5
INC-00511,2025-01-19 17:20:00,2025-01-20 13:29:49.156582,P3-Medium,Access Management,AGT-00006,20.16,24,False,False,5
INC-00512,2025-05-20 13:05:00,2025-05-21 06:40:53.142448,P3-Medium,Access Management,AGT-00002,17.6,24,False,False,5
INC-00513,2025-06-08 13:35:00,2025-06-09 05:40:18.296250,P3-Medium,Hardware,AGT-00003,16.09,24,False,False,5
INC-00514,2025-06-14 14:39:00,2025-06-14 15:50:05.541633,P1-Critical,Software,AGT-00005,1.18,4,False,False,1
INC-00515,2025-01-30 11:34:00,2025-02-01 02:01:52.464199,P4-Low,Software,AGT-00010,38.46,72,False,False,1
INC-00516,2025-05-11 12:02:00,2025-05-12 12:04:35.267304,P3-Medium,Access Management,AGT-00006,24.04,24,True,False,3
INC-00517,2025-05-18 13:40:00,2025-05-19 11:40:26.415004,P3-Medium,Network,AGT-00001,22.01,24,False,False,4
INC-00518,2025-01-27 09:53:00,2025-01-28 16:19:56.022375,P4-Low,Access Management,AGT-00005,30.45,72,False,False,5
INC-00519,2025-06-25 08:29:00,2025-06-27 12:28:11.925991,P4-Low,Software,AGT-00014,51.99,72,False,False,1
INC-00520,2025-01-19 13:14:00,2025-01-19 22:21:47.477754,P2-High,Network,AGT-00003,9.13,8,True,False,2
INC-00521,2025-04-10 15:34:00,2025-04-10 20:12:41.127904,P3-Medium,Software,AGT-00003,4.64,24,False,True,5
INC-00522,2025-01-19 10:32:00,2025-01-19 18:56:06.338424,P2-High,Access Management,AGT-00001,8.4,8,True,False,3
INC-00523,2025-04-23 11:52:00,2025-04-24 00:33:56.435742,P3-Medium,Network,AGT-00009,12.7,24,False,False,4
INC-00524,2025-05-20 10:40:00,2025-05-21 09:13:53.241655,P3-Medium,Network,AGT-00004,22.56,24,False,False,4
INC-00525,2025-04-06 21:00:00,2025-04-08 07:44:05.340729,P4-Low,Access Management,AGT-00008,34.73,72,False,False,4
INC-00526,2025-05-18 13:05:00,2025-05-18 13:35:00.000000,P2-High,Network,AGT-00007,0.5,8,False,False,5
INC-00527,2025-06-15 18:09:00,2025-06-16 11:35:56.944472,P4-Low,Hardware,AGT-00004,17.45,72,False,False,3
INC-00528,2025-05-26 18:54:00,2025-05-28 21:51:42.116160,P4-Low,Network,AGT-00002,50.96,72,False,False,5
INC-00529,2025-06-21 06:06:00,2025-06-22 02:10:40.008050,P3-Medium,Software,AGT-00001,20.08,24,False,False,4
INC-00530,2025-03-02 07:39:00,2025-03-03 15:33:49.202992,P4-Low,Software,AGT-00008,31.91,72,False,False,3
INC-00531,2025-06-27 13:36:00,2025-06-28 12:42:31.462813,P3-Medium,Hardware,AGT-00008,23.11,24,False,False,5
INC-00532,2025-02-26 15:41:00,2025-02-27 08:27:10.555517,P4-Low,Network,AGT-00003,16.77,72,False,False,5
INC-00533,2025-04-29 12:49:00,2025-04-29 19:05:07.394537,P2-High,Access Management,AGT-00012,6.27,8,False,False,4
INC-00534,2025-02-05 19:12:00,2025-02-05 21:27:41.195883,P2-High,Software,AGT-00011,2.26,8,False,False,5
INC-00535,2025-05-10 14:52:00,2025-05-10 19:05:06.865042,P2-High,Network,AGT-00001,4.22,8,False,False,4
INC-00536,2025-05-20 19:34:00,2025-05-21 13:56:45.081734,P3-Medium,Email/Comm,AGT-00006,18.38,24,False,False,5
INC-00537,2025-03-16 08:32:00,2025-03-16 19:39:00.095080,P3-Medium,Hardware,AGT-00010,11.12,24,False,False,4
INC-00538,2025-06-07 15:48:00,2025-06-08 06:43:24.800326,P3-Medium,Software,AGT-00012,14.92,24,False,False,4
INC-00539,2025-02-07 16:30:00,2025-02-08 02:31:19.289396,P2-High,Email/Comm,AGT-00008,10.02,8,True,False,1
INC-00540,2025-03-01 05:13:00,2025-03-02 19:40:43.785394,P4-Low,Hardware,AGT-00003,38.46,72,False,False,5
INC-00541,2025-01-11 22:20:00,2025-01-12 23:01:07.932827,P3-Medium,Email/Comm,AGT-00012,24.69,24,True,False,5
INC-00542,2025-05-29 13:11:00,2025-05-29 22:08:44.442586,P3-Medium,Hardware,AGT-00009,8.96,24,False,False,4
INC-00543,2025-03-06 11:58:00,2025-03-07 10:12:18.360324,P3-Medium,Access Management,AGT-00001,22.24,24,False,False,4
INC-00544,2025-06-04 00:56:00,2025-06-07 07:45:52.940687,P4-Low,Hardware,AGT-00010,78.83,72,True,False,1
INC-00545,2025-02-17 08:38:00,2025-02-17 09:08:00.000000,P2-High,Software,AGT-00002,0.5,8,False,False,2
INC-00546,2025-05-04 15:30:00,2025-05-04 19:12:39.119781,P2-High,Access Management,AGT-00008,3.71,8,False,False,3
INC-00547,2025-05-27 14:08:00,2025-05-30 03:40:29.193157,P4-Low,Network,AGT-00001,61.54,72,False,False,1
INC-00548,2025-02-16 13:25:00,2025-02-17 05:47:32.292882,P3-Medium,Network,AGT-00003,16.38,24,False,False,4
INC-00549,2025-03-14 21:13:00,2025-03-15 00:57:32.250288,P1-Critical,Access Management,AGT-00008,3.74,4,False,False,5
INC-00550,2025-06-03 08:37:00,2025-06-04 22:32:13.066556,P4-Low,Network,AGT-00011,37.92,72,False,False,3
INC-00551,2025-03-29 20:38:00,2025-03-30 15:19:33.785879,P3-Medium,Hardware,AGT-00008,18.69,24,False,False,3
INC-00552,2025-05-10 15:52:00,2025-05-11 08:37:16.495621,P3-Medium,Network,AGT-00002,16.75,24,False,False,2
INC-00553,2025-05-17 12:07:00,2025-05-18 15:27:32.123376,P3-Medium,Software,AGT-00001,27.34,24,True,False,3
INC-00554,2025-06-23 14:33:00,2025-06-25 21:38:18.300718,P4-Low,Software,AGT-00001,55.09,72,False,False,5
INC-00555,2025-05-04 17:24:00,2025-05-05 14:06:02.956668,P3-Medium,Software,AGT-00014,20.7,24,False,False,5
INC-00556,2025-04-19 08:30:00,2025-04-21 02:15:44.858439,P4-Low,Access Management,AGT-00006,41.76,72,False,False,5
INC-00557,2025-03-07 09:45:00,2025-03-07 14:32:36.161577,P2-High,Software,AGT-00006,4.79,8,False,False,1
INC-00558,2025-02-22 15:20:00,2025-02-23 05:52:22.324191,P3-Medium,Software,AGT-00004,14.54,24,False,False,2
INC-00559,2025-05-18 11:23:00,2025-05-19 08:32:20.221700,P3-Medium,Software,AGT-00003,21.16,24,False,False,5
INC-00560,2025-05-23 12:23:00,2025-05-24 03:00:55.646952,P3-Medium,Hardware,AGT-00006,14.63,24,False,False,4
INC-00561,2025-04-12 16:54:00,2025-04-15 00:41:43.789697,P4-Low,Software,AGT-00010,55.8,72,False,False,2
INC-00562,2025-01-26 09:25:00,2025-01-26 23:10:50.050063,P2-High,Access Management,AGT-00014,13.76,8,True,False,3
INC-00563,2025-04-10 22:00:00,2025-04-11 22:58:08.391459,P3-Medium,Software,AGT-00001,24.97,24,True,False,3
INC-00564,2025-03-09 09:05:00,2025-03-10 00:28:30.522274,P3-Medium,Software,AGT-00001,15.39,24,False,False,5
INC-00565,2025-03-15 15:38:00,2025-03-18 17:39:27.402396,P4-Low,Software,AGT-00008,74.02,72,True,False,3
INC-00566,2025-06-18 20:33:00,2025-06-19 01:37:18.250300,P2-High,Software,AGT-00001,5.07,8,False,False,1
INC-00567,2025-02-13 15:23:00,2025-02-13 17:04:42.013387,P3-Medium,Software,AGT-00003,1.7,24,False,False,1
INC-00568,2025-04-01 15:25:00,2025-04-01 18:23:18.112482,P2-High,Email/Comm,AGT-00010,2.97,8,False,False,4
INC-00569,2025-03-14 16:35:00,2025-03-14 19:37:01.192674,P3-Medium,Network,AGT-00001,3.03,24,False,False,3
INC-00570,2025-02-19 12:25:00,2025-02-21 07:23:11.029149,P4-Low,Hardware,AGT-00007,42.97,72,False,False,3
INC-00571,2025-03-17 10:07:00,2025-03-18 04:15:50.449321,P3-Medium,Network,AGT-00001,18.15,24,False,False,5
INC-00572,2025-06-27 12:24:00,2025-06-30 23:55:43.486484,P4-Low,Access Management,AGT-00006,83.53,72,True,False,3
INC-00573,2025-04-28 19:55:00,2025-05-01 04:27:18.770911,P4-Low,Email/Comm,AGT-00005,56.54,72,False,True,2
INC-00574,2025-06-23 15:51:00,2025-06-23 21:34:59.333337,P2-High,Software,AGT-00015,5.73,8,False,False,5
INC-00575,2025-03-05 10:25:00,2025-03-06 11:03:06.880738,P3-Medium,Network,AGT-00011,24.64,24,True,False,3
INC-00576,2025-04-01 09:36:00,2025-04-01 10:06:00.000000,P2-High,Email/Comm,AGT-00005,0.5,8,False,False,5
INC-00577,2025-02-21 09:15:00,2025-02-22 05:08:05.699274,P3-Medium,Email/Comm,AGT-00005,19.88,24,False,False,3
INC-00578,2025-02-09 16:07:00,2025-02-10 01:18:52.901443,P2-High,Hardware,AGT-00007,9.2,8,True,False,3
INC-00579,2025-05-19 21:54:00,2025-05-20 04:04:16.716122,P3-Medium,Software,AGT-00009,6.17,24,False,False,4
INC-00580,2025-03-12 12:48:00,2025-03-13 15:57:00.116444,P3-Medium,Email/Comm,AGT-00013,27.15,24,True,False,2
INC-00581,2025-04-19 12:34:00,2025-04-19 20:15:05.054734,P2-High,Software,AGT-00001,7.68,8,False,True,3
INC-00582,2025-01-31 15:29:00,2025-02-02 09:10:39.270199,P4-Low,Access Management,AGT-00005,41.69,72,False,False,1
INC-00583,2025-04-03 14:16:00,2025-04-04 13:19:44.117744,P3-Medium,Software,AGT-00001,23.06,24,False,False,3
INC-00584,2025-02-17 12:13:00,2025-02-19 00:22:55.954305,P3-Medium,Email/Comm,AGT-00003,36.17,24,True,False,3
INC-00585,2025-05-27 08:36:00,2025-05-28 04:03:17.748146,P3-Medium,Software,AGT-00005,19.45,24,False,False,5
INC-00586,2025-04-08 09:51:00,2025-04-09 05:50:08.752885,P3-Medium,Access Management,AGT-00006,19.99,24,False,False,2
INC-00587,2025-06-11 13:46:00,2025-06-13 06:34:46.015233,P4-Low,Network,AGT-00005,40.81,72,False,False,4
INC-00588,2025-01-26 15:03:00,2025-01-27 02:15:04.482159,P3-Medium,Access Management,AGT-00001,11.2,24,False,False,3
INC-00589,2025-03-08 11:35:00,2025-03-11 06:11:24.178791,P4-Low,Network,AGT-00009,66.61,72,False,False,5
INC-00590,2025-06-23 22:12:00,2025-06-24 09:21:04.785814,P3-Medium,Software,AGT-00004,11.15,24,False,False,4
INC-00591,2025-03-25 15:31:00,2025-03-26 10:05:21.107632,P3-Medium,Email/Comm,AGT-00003,18.57,24,False,False,4
INC-00592,2025-02-07 18:40:00,2025-02-07 23:29:41.516171,P2-High,Software,AGT-00005,4.83,8,False,False,3
INC-00593,2025-01-19 07:21:00,2025-01-20 05:10:54.618981,P3-Medium,Software,AGT-00012,21.83,24,False,False,3
INC-00594,2025-03-11 19:49:00,2025-03-12 16:29:09.468632,P3-Medium,Hardware,AGT-00007,20.67,24,False,False,4
INC-00595,2025-02-17 18:08:00,2025-02-18 20:26:01.150395,P3-Medium,Email/Comm,AGT-00004,26.3,24,True,False,3
INC-00596,2025-02-12 11:06:00,2025-02-14 02:53:58.819282,P4-Low,Access Management,AGT-00001,39.8,72,False,False,5
INC-00597,2025-01-22 07:39:00,2025-01-22 23:29:27.601864,P3-Medium,Network,AGT-00004,15.84,24,False,False,4
INC-00598,2025-03-14 12:08:00,2025-03-15 18:33:29.012464,P4-Low,Hardware,AGT-00003,30.42,72,False,False,5
INC-00599,2025-03-25 18:29:00,2025-03-25 20:35:41.088527,P1-Critical,Software,AGT-00012,2.11,4,False,False,4
INC-00600,2025-06-28 13:37:00,2025-06-29 10:38:06.254200,P3-Medium,Software,AGT-00015,21.02,24,False,False,4
INC-00601,2025-06-13 13:58:00,2025-06-14 14:01:21.272159,P3-Medium,Software,AGT-00006,24.06,24,True,False,2
INC-00602,2025-03-08 08:00:00,2025-03-09 15:33:24.096659,P4-Low,Software,AGT-00004,31.56,72,False,True,5
INC-00603,2025-01-03 15:31:00,2025-01-06 10:54:31.626248,P4-Low,Hardware,AGT-00005,67.39,72,False,False,4
INC-00604,2025-03-01 17:35:00,2025-03-01 23:17:40.592583,P1-Critical,Software,AGT-00003,5.71,4,True,False,2
INC-00605,2025-06-15 11:24:00,2025-06-16 08:42:26.925213,P3-Medium,Software,AGT-00002,21.31,24,False,False,2
INC-00606,2025-06-06 17:43:00,2025-06-08 02:43:51.719402,P3-Medium,Software,AGT-00010,33.01,24,True,False,3
INC-00607,2025-01-18 08:18:00,2025-01-18 20:06:34.871066,P3-Medium,Hardware,AGT-00002,11.81,24,False,False,4
INC-00608,2025-03-24 01:03:00,2025-03-24 09:05:33.944545,P3-Medium,Access Management,AGT-00005,8.04,24,False,False,1
INC-00609,2025-04-23 16:14:00,2025-04-24 06:39:32.142079,P4-Low,Hardware,AGT-00002,14.43,72,False,False,1
INC-00610,2025-05-08 23:29:00,2025-05-09 11:13:10.158325,P2-High,Software,AGT-00010,11.74,8,True,False,1
INC-00611,2025-03-10 16:04:00,2025-03-11 00:51:25.007270,P2-High,Access Management,AGT-00002,8.79,8,True,False,1
INC-00612,2025-01-04 08:49:00,2025-01-06 09:42:17.903694,P4-Low,Hardware,AGT-00004,48.89,72,False,False,4
INC-00613,2025-02-20 12:49:00,2025-02-22 20:24:57.741095,P4-Low,Hardware,AGT-00015,55.6,72,False,False,4
INC-00614,2025-03-24 08:46:00,2025-03-24 11:19:38.838004,P2-High,Software,AGT-00014,2.56,8,False,True,5
INC-00615,2025-02-20 11:03:00,2025-02-22 00:36:57.657013,P3-Medium,Hardware,AGT-00007,37.57,24,True,False,1
INC-00616,2025-02-12 17:37:00,2025-02-13 00:34:08.186893,P2-High,Software,AGT-00003,6.95,8,False,False,5
INC-00617,2025-05-02 15:09:00,2025-05-02 18:22:07.642521,P1-Critical,Network,AGT-00010,3.22,4,False,False,2
INC-00618,2025-06-10 06:22:00,2025-06-10 15:24:24.659461,P2-High,Network,AGT-00007,9.04,8,True,False,3
INC-00619,2025-05-23 17:48:00,2025-05-26 05:25:12.664685,P4-Low,Network,AGT-00003,59.62,72,False,False,5
INC-00620,2025-02-04 09:02:00,2025-02-05 04:49:27.859899,P3-Medium,Network,AGT-00004,19.79,24,False,False,4
INC-00621,2025-02-17 13:20:00,2025-02-18 01:00:34.335683,P3-Medium,Software,AGT-00002,11.68,24,False,False,3
INC-00622,2025-01-18 13:28:00,2025-01-21 00:53:45.721714,P4-Low,Email/Comm,AGT-00006,59.43,72,False,False,3
INC-00623,2025-04-08 16:56:00,2025-04-10 01:59:22.305498,P3-Medium,Network,AGT-00007,33.06,24,True,True,4
INC-00624,2025-06-18 22:52:00,2025-06-22 03:46:30.243323,P4-Low,Hardware,AGT-00008,76.91,72,True,False,2
INC-00625,2025-03-24 11:20:00,2025-03-25 18:04:43.774847,P3-Medium,Software,AGT-00007,30.75,24,True,False,2
INC-00626,2025-01-09 09:31:00,2025-01-09 14:13:38.682477,P2-High,Access Management,AGT-00002,4.71,8,False,False,1
INC-00627,2025-06-09 15:16:00,2025-06-10 01:20:59.381177,P3-Medium,Software,AGT-00005,10.08,24,False,True,3
INC-00628,2025-06-17 12:56:00,2025-06-18 05:55:37.336701,P3-Medium,Network,AGT-00013,16.99,24,False,False,4
INC-00629,2025-04-17 17:50:00,2025-04-18 12:16:44.877474,P3-Medium,Software,AGT-00009,18.45,24,False,False,5
INC-00630,2025-03-19 07:13:00,2025-03-20 09:58:12.715732,P3-Medium,Network,AGT-00001,26.75,24,True,False,1
INC-00631,2025-05-15 14:36:00,2025-05-15 19:03:37.018664,P3-Medium,Software,AGT-00002,4.46,24,False,False,3
INC-00632,2025-06-13 13:43:00,2025-06-14 19:57:11.049200,P3-Medium,Software,AGT-00001,30.24,24,True,False,3
INC-00633,2025-04-13 12:42:00,2025-04-15 11:32:23.431302,P4-Low,Network,AGT-00002,46.84,72,False,False,5
INC-00634,2025-03-25 18:26:00,2025-03-26 09:01:05.825186,P3-Medium,Software,AGT-00003,14.58,24,False,False,4
INC-00635,2025-02-24 11:35:00,2025-02-24 21:29:11.393993,P3-Medium,Software,AGT-00006,9.9,24,False,False,3
INC-00636,2025-01-09 23:38:00,2025-01-10 16:32:10.319626,P4-Low,Software,AGT-00004,16.9,72,False,True,2
INC-00637,2025-02-24 18:01:00,2025-02-27 12:28:48.282045,P4-Low,Network,AGT-00015,66.46,72,False,False,5
INC-00638,2025-05-27 20:09:00,2025-05-29 23:36:58.893638,P4-Low,Email/Comm,AGT-00006,51.47,72,False,False,4
INC-00639,2025-03-05 09:51:00,2025-03-05 11:50:06.492663,P2-High,Hardware,AGT-00013,1.99,8,False,False,4
INC-00640,2025-03-25 17:11:00,2025-03-26 00:49:21.731365,P3-Medium,Hardware,AGT-00001,7.64,24,False,False,5
INC-00641,2025-06-14 10:46:00,2025-06-15 02:04:49.400660,P3-Medium,Access Management,AGT-00001,15.31,24,False,False,4
INC-00642,2025-04-22 11:55:00,2025-04-25 23:17:49.549821,P4-Low,Email/Comm,AGT-00003,83.38,72,True,False,3
INC-00643,2025-06-12 16:24:00,2025-06-13 08:19:23.769081,P3-Medium,Access Management,AGT-00014,15.92,24,False,False,4
INC-00644,2025-06-28 09:03:00,2025-06-28 15:01:29.482950,P3-Medium,Software,AGT-00003,5.97,24,False,False,5
INC-00645,2025-01-24 09:18:00,2025-01-26 06:23:06.499386,P4-Low,Access Management,AGT-00006,45.09,72,False,False,2
INC-00646,2025-05-21 11:05:00,2025-05-22 02:54:05.561191,P3-Medium,Software,AGT-00009,15.82,24,False,False,4
INC-00647,2025-02-20 12:41:00,2025-02-20 13:11:00.000000,P3-Medium,Access Management,AGT-00005,0.5,24,False,False,4
INC-00648,2025-03-10 16:20:00,2025-03-12 17:14:50.769611,P4-Low,Software,AGT-00003,48.91,72,False,False,4
INC-00649,2025-02-18 10:38:00,2025-02-18 16:19:30.224919,P2-High,Software,AGT-00004,5.69,8,False,False,5
INC-00650,2025-04-24 14:28:00,2025-04-24 23:24:12.200197,P2-High,Hardware,AGT-00011,8.94,8,True,True,3
INC-00651,2025-01-22 07:03:00,2025-01-22 20:01:16.846796,P2-High,Software,AGT-00009,12.97,8,True,False,3
INC-00652,2025-03-29 15:07:00,2025-03-30 01:33:34.719372,P2-High,Access Management,AGT-00003,10.44,8,True,False,2
INC-00653,2025-05-20 13:16:00,2025-05-21 05:06:56.005712,P3-Medium,Access Management,AGT-00002,15.85,24,False,False,4
INC-00654,2025-04-07 13:42:00,2025-04-08 17:34:10.134571,P4-Low,Software,AGT-00008,27.87,72,False,False,3
INC-00655,2025-03-11 06:41:00,2025-03-11 22:11:24.333521,P2-High,Hardware,AGT-00008,15.51,8,True,False,1
INC-00656,2025-04-03 18:01:00,2025-04-04 12:29:25.490900,P3-Medium,Software,AGT-00013,18.47,24,False,False,5
INC-00657,2025-01-26 19:31:00,2025-01-27 13:37:41.163607,P3-Medium,Email/Comm,AGT-00006,18.11,24,False,False,4
INC-00658,2025-01-06 04:59:00,2025-01-06 11:23:56.023902,P2-High,Software,AGT-00005,6.42,8,False,False,3
INC-00659,2025-04-01 10:19:00,2025-04-02 05:54:04.841110,P3-Medium,Network,AGT-00004,19.58,24,False,False,5
INC-00660,2025-04-10 19:52:00,2025-04-11 12:42:42.420137,P3-Medium,Access Management,AGT-00007,16.85,24,False,False,5
INC-00661,2025-04-11 14:05:00,2025-04-13 04:36:36.335505,P4-Low,Hardware,AGT-00003,38.53,72,False,False,4
INC-00662,2025-04-17 09:09:00,2025-04-17 22:46:30.462492,P3-Medium,Access Management,AGT-00008,13.63,24,False,False,3
INC-00663,2025-06-17 08:34:00,2025-06-18 02:18:16.705818,P3-Medium,Software,AGT-00002,17.74,24,False,False,3
INC-00664,2025-02-04 11:58:00,2025-02-04 16:33:52.847884,P2-High,Software,AGT-00013,4.6,8,False,False,2
INC-00665,2025-05-23 13:46:00,2025-05-25 01:30:35.103647,P4-Low,Email/Comm,AGT-00003,35.74,72,False,False,3
INC-00666,2025-04-16 21:19:00,2025-04-19 01:26:42.976394,P4-Low,Access Management,AGT-00009,52.13,72,False,False,5
INC-00667,2025-02-18 07:11:00,2025-02-20 04:05:01.640346,P4-Low,Email/Comm,AGT-00003,44.9,72,False,True,5
INC-00668,2025-06-02 09:43:00,2025-06-03 15:44:54.998071,P3-Medium,Software,AGT-00007,30.03,24,True,True,1
INC-00669,2025-05-01 15:23:00,2025-05-01 15:53:00.000000,P4-Low,Network,AGT-00011,0.5,72,False,False,4
INC-00670,2025-04-15 16:00:00,2025-04-16 18:43:55.397335,P3-Medium,Network,AGT-00002,26.73,24,True,False,5
INC-00671,2025-02-22 06:59:00,2025-02-22 17:50:40.673425,P2-High,Software,AGT-00002,10.86,8,True,False,2
INC-00672,2025-03-05 11:49:00,2025-03-05 13:13:46.361307,P3-Medium,Software,AGT-00012,1.41,24,False,True,5
INC-00673,2025-05-27 14:33:00,2025-05-28 05:48:30.597290,P3-Medium,Hardware,AGT-00007,15.26,24,False,False,5
INC-00674,2025-01-11 19:15:00,2025-01-11 21:30:25.625765,P1-Critical,Network,AGT-00005,2.26,4,False,False,4
INC-00675,2025-06-11 21:12:00,2025-06-12 03:56:23.663192,P3-Medium,Software,AGT-00006,6.74,24,False,False,4
INC-00676,2025-04-19 10:58:00,2025-04-19 22:44:38.879397,P3-Medium,Access Management,AGT-00005,11.78,24,False,False,4
INC-00677,2025-05-09 07:49:00,2025-05-09 10:25:46.744347,P2-High,Access Management,AGT-00005,2.61,8,False,False,5
INC-00678,2025-01-07 08:37:00,2025-01-08 16:38:05.388771,P3-Medium,Software,AGT-00003,32.02,24,True,False,4
INC-00679,2025-06-16 19:50:00,2025-06-19 16:32:48.844307,P4-Low,Network,AGT-00003,68.71,72,False,False,5
INC-00680,2025-01-22 13:24:00,2025-01-23 00:21:01.594197,P2-High,Access Management,AGT-00007,10.95,8,True,False,5
INC-00681,2025-01-12 16:58:00,2025-01-13 16:44:24.155444,P3-Medium,Network,AGT-00006,23.77,24,False,False,5
INC-00682,2025-01-14 11:19:00,2025-01-15 14:44:08.272472,P4-Low,Network,AGT-00002,27.42,72,False,False,5
INC-00683,2025-02-21 00:48:00,2025-02-21 14:36:13.816331,P3-Medium,Network,AGT-00013,13.8,24,False,False,4
INC-00684,2025-05-07 09:37:00,2025-05-09 21:24:14.968408,P4-Low,Software,AGT-00001,59.79,72,False,False,4
INC-00685,2025-05-21 10:40:00,2025-05-21 18:53:22.719104,P3-Medium,Software,AGT-00001,8.22,24,False,False,5
INC-00686,2025-01-10 08:02:00,2025-01-10 12:27:33.588697,P1-Critical,Network,AGT-00007,4.43,4,True,False,3
INC-00687,2025-04-17 23:10:00,2025-04-18 15:14:38.628533,P3-Medium,Email/Comm,AGT-00001,16.08,24,False,False,4
INC-00688,2025-02-15 22:47:00,2025-02-16 13:47:05.160743,P3-Medium,Software,AGT-00010,15.0,24,False,False,5
INC-00689,2025-04-08 17:48:00,2025-04-09 02:47:18.095599,P2-High,Hardware,AGT-00004,8.99,8,True,False,2
INC-00690,2025-03-12 10:26:00,2025-03-13 07:59:14.783371,P3-Medium,Network,AGT-00008,21.55,24,False,False,4
INC-00691,2025-06-11 13:05:00,2025-06-12 04:11:44.174424,P3-Medium,Network,AGT-00008,15.11,24,False,False,4
INC-00692,2025-06-05 18:16:00,2025-06-08 19:27:11.745842,P4-Low,Email/Comm,AGT-00003,73.19,72,True,False,5
INC-00693,2025-05-14 16:31:00,2025-05-15 01:52:05.376165,P3-Medium,Network,AGT-00006,9.35,24,False,False,3
INC-00694,2025-01-01 08:29:00,2025-01-02 07:24:38.945480,P3-Medium,Access Management,AGT-00015,22.93,24,False,False,2
INC-00695,2025-04-16 05:22:00,2025-04-18 19:13:43.290574,P4-Low,Access Management,AGT-00015,61.86,72,False,False,4
INC-00696,2025-01-18 10:32:00,2025-01-18 12:54:51.265637,P1-Critical,Hardware,AGT-00003,2.38,4,False,False,5
INC-00697,2025-05-26 14:01:00,2025-05-26 21:39:29.276080,P2-High,Hardware,AGT-00004,7.64,8,False,False,3
INC-00698,2025-05-02 17:41:00,2025-05-03 18:39:39.822500,P4-Low,Email/Comm,AGT-00005,24.98,72,False,False,3
INC-00699,2025-04-29 17:26:00,2025-04-30 18:49:31.978153,P3-Medium,Access Management,AGT-00013,25.39,24,True,False,1
INC-00700,2025-05-23 13:13:00,2025-05-24 05:44:14.818470,P3-Medium,Software,AGT-00008,16.52,24,False,False,3
INC-00701,2025-02-08 10:01:00,2025-02-10 01:33:43.942523,P4-Low,Access Management,AGT-00001,39.55,72,False,False,4
INC-00702,2025-02-17 14:55:00,2025-02-18 17:18:31.465704,P3-Medium,Network,AGT-00007,26.39,24,True,False,2
INC-00703,2025-01-23 12:15:00,2025-01-25 00:09:47.254281,P4-Low,Access Management,AGT-00003,35.91,72,False,False,5
INC-00704,2025-04-06 17:49:00,2025-04-07 00:32:56.314665,P3-Medium,Software,AGT-00002,6.73,24,False,False,2
INC-00705,2025-02-09 09:59:00,2025-02-09 15:31:49.079803,P3-Medium,Access Management,AGT-00013,5.55,24,False,False,5
INC-00706,2025-01-26 17:33:00,2025-01-27 16:23:53.086599,P3-Medium,Hardware,AGT-00010,22.85,24,False,False,2
INC-00707,2025-05-14 08:19:00,2025-05-14 16:04:23.634648,P3-Medium,Software,AGT-00008,7.76,24,False,False,4
INC-00708,2025-01-12 07:49:00,2025-01-13 15:51:18.072441,P3-Medium,Network,AGT-00005,32.04,24,True,False,2
INC-00709,2025-03-24 09:18:00,2025-03-24 10:38:40.433053,P3-Medium,Hardware,AGT-00013,1.34,24,False,False,3
INC-00710,2025-03-12 07:39:00,2025-03-13 15:13:17.943407,P3-Medium,Network,AGT-00002,31.57,24,True,False,1
INC-00711,2025-06-30 17:36:00,2025-07-01 13:17:17.303055,P3-Medium,Software,AGT-00003,19.69,24,False,False,2
INC-00712,2025-02-03 03:57:00,2025-02-03 21:10:34.662378,P3-Medium,Hardware,AGT-00005,17.23,24,False,False,2
INC-00713,2025-06-02 19:40:00,2025-06-03 00:15:34.019506,P2-High,Software,AGT-00002,4.59,8,False,False,4
INC-00714,2025-06-21 17:05:00,2025-06-22 14:16:35.120093,P3-Medium,Hardware,AGT-00011,21.19,24,False,False,5
INC-00715,2025-06-28 12:29:00,2025-06-29 06:10:56.120570,P3-Medium,Network,AGT-00011,17.7,24,False,False,4
INC-00716,2025-02-06 18:39:00,2025-02-09 18:42:57.735505,P4-Low,Software,AGT-00014,72.07,72,True,False,2
INC-00717,2025-03-25 12:01:00,2025-03-25 18:54:59.268373,P2-High,Email/Comm,AGT-00003,6.9,8,False,False,2
INC-00718,2025-03-31 14:08:00,2025-04-01 09:20:08.690730,P3-Medium,Access Management,AGT-00003,19.2,24,False,False,4
INC-00719,2025-01-19 17:34:00,2025-01-20 08:39:27.968288,P3-Medium,Network,AGT-00006,15.09,24,False,False,4
INC-00720,2025-05-04 11:21:00,2025-05-04 17:39:02.485141,P2-High,Hardware,AGT-00002,6.3,8,False,False,4
INC-00721,2025-03-29 13:15:00,2025-03-30 09:42:44.690944,P3-Medium,Email/Comm,AGT-00006,20.46,24,False,False,4
INC-00722,2025-01-30 14:29:00,2025-01-30 18:48:07.150291,P3-Medium,Access Management,AGT-00011,4.32,24,False,False,2
INC-00723,2025-06-03 07:52:00,2025-06-03 15:04:52.259843,P3-Medium,Hardware,AGT-00004,7.21,24,False,False,5
INC-00724,2025-02-25 17:56:00,2025-02-26 17:52:46.005908,P3-Medium,Software,AGT-00001,23.95,24,False,False,5
INC-00725,2025-04-26 13:24:00,2025-04-28 18:49:02.311545,P4-Low,Access Management,AGT-00008,53.42,72,False,False,4
INC-00726,2025-06-23 10:59:00,2025-06-23 16:50:21.809962,P2-High,Access Management,AGT-00003,5.86,8,False,False,5
INC-00727,2025-05-11 11:08:00,2025-05-12 05:16:50.897272,P3-Medium,Network,AGT-00001,18.15,24,False,False,2
INC-00728,2025-05-24 17:22:00,2025-05-27 02:19:05.882786,P4-Low,Email/Comm,AGT-00001,56.95,72,False,False,3
INC-00729,2025-06-10 10:24:00,2025-06-10 12:19:13.730302,P1-Critical,Software,AGT-00007,1.92,4,False,False,4
INC-00730,2025-05-23 11:59:00,2025-05-23 15:45:33.360460,P2-High,Network,AGT-00002,3.78,8,False,False,4
INC-00731,2025-01-03 07:01:00,2025-01-04 02:35:00.343347,P3-Medium,Access Management,AGT-00002,19.57,24,False,False,5
INC-00732,2025-02-05 14:26:00,2025-02-06 00:36:22.864005,P3-Medium,Email/Comm,AGT-00002,10.17,24,False,False,5
INC-00733,2025-04-27 12:35:00,2025-04-28 09:50:57.679365,P3-Medium,Email/Comm,AGT-00007,21.27,24,False,False,4
INC-00734,2025-05-08 18:15:00,2025-05-08 18:47:27.446587,P2-High,Software,AGT-00001,0.54,8,False,False,3
INC-00735,2025-01-10 13:45:00,2025-01-13 12:19:59.205887,P4-Low,Software,AGT-00001,70.58,72,False,False,4
INC-00736,2025-05-15 23:48:00,2025-05-18 11:15:07.018734,P4-Low,Network,AGT-00008,59.45,72,False,False,4
INC-00737,2025-05-01 14:42:00,2025-05-01 22:05:45.974652,P2-High,Access Management,AGT-00001,7.4,8,False,False,2
INC-00738,2025-01-14 19:34:00,2025-01-15 21:25:41.500338,P3-Medium,Access Management,AGT-00003,25.86,24,True,False,2
INC-00739,2025-04-18 10:51:00,2025-04-19 18:10:25.664001,P3-Medium,Software,AGT-00009,31.32,24,True,False,1
INC-00740,2025-05-25 09:40:00,2025-05-26 11:46:53.857873,P3-Medium,Software,AGT-00003,26.11,24,True,False,1
INC-00741,2025-06-09 02:31:00,2025-06-09 03:01:00.000000,P2-High,Email/Comm,AGT-00011,0.5,8,False,False,4
INC-00742,2025-03-13 10:16:00,2025-03-14 10:40:30.458395,P4-Low,Hardware,AGT-00002,24.41,72,False,True,2
INC-00743,2025-04-25 11:11:00,2025-04-25 15:29:47.285921,P2-High,Software,AGT-00002,4.31,8,False,False,5
INC-00744,2025-03-29 23:09:00,2025-03-30 17:21:31.422246,P3-Medium,Access Management,AGT-00012,18.21,24,False,False,5
INC-00745,2025-04-09 09:28:00,2025-04-11 21:49:11.449474,P4-Low,Access Management,AGT-00004,60.35,72,False,False,3
INC-00746,2025-03-09 16:07:00,2025-03-10 04:18:38.578181,P3-Medium,Access Management,AGT-00001,12.19,24,False,False,4
INC-00747,2025-05-17 09:43:00,2025-05-18 05:12:38.882817,P3-Medium,Software,AGT-00014,19.49,24,False,False,4
INC-00748,2025-04-25 11:20:00,2025-04-25 15:11:22.175052,P2-High,Access Management,AGT-00001,3.86,8,False,False,4
INC-00749,2025-04-21 14:41:00,2025-04-21 16:27:37.071818,P1-Critical,Email/Comm,AGT-00007,1.78,4,False,False,3
INC-00750,2025-04-11 12:43:00,2025-04-11 19:27:48.160411,P3-Medium,Network,AGT-00008,6.75,24,False,False,5
INC-00751,2025-06-26 23:20:00,2025-06-27 09:56:50.882512,P3-Medium,Network,AGT-00003,10.61,24,False,False,4
INC-00752,2025-01-27 15:22:00,2025-01-28 14:19:58.708396,P4-Low,Network,AGT-00001,22.97,72,False,False,3
INC-00753,2025-06-02 14:53:00,2025-06-02 17:58:03.997012,P2-High,Network,AGT-00001,3.08,8,False,False,4
INC-00754,2025-06-04 08:42:00,2025-06-04 18:53:15.886637,P2-High,Email/Comm,AGT-00001,10.19,8,True,False,3
INC-00755,2025-02-17 09:29:00,2025-02-18 16:29:43.280004,P4-Low,Network,AGT-00001,31.01,72,False,False,2
INC-00756,2025-06-27 19:49:00,2025-06-29 10:52:32.603467,P3-Medium,Email/Comm,AGT-00010,39.06,24,True,False,2
INC-00757,2025-04-10 10:03:00,2025-04-12 21:54:58.888863,P4-Low,Hardware,AGT-00001,59.87,72,False,False,5
INC-00758,2025-02-21 14:11:00,2025-02-21 21:19:48.935159,P2-High,Network,AGT-00015,7.15,8,False,False,2
INC-00759,2025-01-28 20:45:00,2025-01-29 07:52:59.295931,P3-Medium,Software,AGT-00007,11.13,24,False,False,1
INC-00760,2025-01-05 19:09:00,2025-01-06 04:06:03.904481,P2-High,Access Management,AGT-00010,8.95,8,True,False,1
INC-00761,2025-03-26 19:36:00,2025-03-26 21:26:55.407651,P1-Critical,Software,AGT-00002,1.85,4,False,True,5
INC-00762,2025-01-18 13:00:00,2025-01-20 17:26:24.706654,P4-Low,Software,AGT-00004,52.44,72,False,False,4
INC-00763,2025-04-02 10:19:00,2025-04-06 15:31:06.086755,P4-Low,Network,AGT-00006,101.2,72,True,False,3
INC-00764,2025-03-29 07:29:00,2025-03-31 07:33:43.687220,P4-Low,Network,AGT-00006,48.08,72,False,False,3
INC-00765,2025-06-19 09:44:00,2025-06-19 20:15:20.843911,P2-High,Software,AGT-00015,10.52,8,True,False,1
INC-00766,2025-04-23 16:08:00,2025-04-24 04:30:28.518956,P3-Medium,Software,AGT-00013,12.37,24,False,True,1
INC-00767,2025-05-19 14:31:00,2025-05-21 15:49:00.828684,P4-Low,Hardware,AGT-00004,49.3,72,False,False,5
INC-00768,2025-01-15 10:46:00,2025-01-16 18:55:59.058306,P3-Medium,Email/Comm,AGT-00001,32.17,24,True,True,1
INC-00769,2025-06-23 18:34:00,2025-06-25 08:01:38.371839,P4-Low,Software,AGT-00005,37.46,72,False,False,4
INC-00770,2025-06-17 01:58:00,2025-06-20 16:12:56.296176,P4-Low,Network,AGT-00002,86.25,72,True,False,1
INC-00771,2025-01-13 19:52:00,2025-01-14 19:31:43.255741,P3-Medium,Network,AGT-00002,23.66,24,False,False,4
INC-00772,2025-01-28 07:38:00,2025-01-28 12:09:52.918624,P2-High,Software,AGT-00011,4.53,8,False,False,3
INC-00773,2025-06-23 11:07:00,2025-06-26 01:45:53.357212,P4-Low,Software,AGT-00011,62.65,72,False,False,4
INC-00774,2025-01-12 14:21:00,2025-01-13 00:15:14.186065,P2-High,Access Management,AGT-00010,9.9,8,True,False,2
INC-00775,2025-02-12 12:59:00,2025-02-15 03:25:10.317280,P4-Low,Network,AGT-00004,62.44,72,False,False,2
INC-00776,2025-02-10 01:31:00,2025-02-10 20:06:43.820168,P4-Low,Software,AGT-00004,18.6,72,False,False,1
INC-00777,2025-03-14 11:51:00,2025-03-15 23:18:26.123341,P4-Low,Access Management,AGT-00007,35.46,72,False,False,4
INC-00778,2025-04-26 11:11:00,2025-04-26 16:49:01.265192,P2-High,Network,AGT-00003,5.63,8,False,False,1
INC-00779,2025-06-10 17:19:00,2025-06-10 23:33:22.138793,P2-High,Software,AGT-00014,6.24,8,False,False,1
INC-00780,2025-01-25 14:55:00,2025-01-25 23:35:20.468429,P2-High,Network,AGT-00006,8.67,8,True,False,2
INC-00781,2025-03-12 06:07:00,2025-03-12 13:14:19.032612,P2-High,Access Management,AGT-00008,7.12,8,False,False,4
INC-00782,2025-06-21 20:03:00,2025-06-22 19:20:35.206173,P4-Low,Software,AGT-00002,23.29,72,False,False,3
INC-00783,2025-04-27 05:47:00,2025-04-28 02:49:29.698109,P3-Medium,Hardware,AGT-00010,21.04,24,False,False,4
INC-00784,2025-01-19 19:46:00,2025-01-20 04:24:13.380391,P2-High,Network,AGT-00006,8.64,8,True,False,2
INC-00785,2025-02-28 16:20:00,2025-03-01 14:48:41.964900,P3-Medium,Access Management,AGT-00013,22.48,24,False,False,3
INC-00786,2025-01-19 12:31:00,2025-01-20 15:09:46.484896,P3-Medium,Network,AGT-00013,26.65,24,True,False,2
INC-00787,2025-04-06 08:46:00,2025-04-06 18:11:07.419147,P2-High,Software,AGT-00002,9.42,8,True,False,2
INC-00788,2025-05-26 06:08:00,2025-05-27 03:48:24.386282,P3-Medium,Hardware,AGT-00001,21.67,24,False,False,4
INC-00789,2025-03-17 14:50:00,2025-03-18 08:16:19.227510,P3-Medium,Access Management,AGT-00002,17.44,24,False,False,5
INC-00790,2025-02-28 07:54:00,2025-03-01 00:40:50.812787,P4-Low,Software,AGT-00006,16.78,72,False,False,5
INC-00791,2025-01-04 16:47:00,2025-01-05 00:47:13.189561,P2-High,Software,AGT-00005,8.0,8,True,False,1
INC-00792,2025-02-08 20:57:00,2025-02-09 16:36:41.405390,P3-Medium,Hardware,AGT-00014,19.66,24,False,True,5
INC-00793,2025-01-09 11:25:00,2025-01-09 14:57:35.367628,P1-Critical,Software,AGT-00009,3.54,4,False,False,5
INC-00794,2025-05-23 16:44:00,2025-05-24 17:11:54.102541,P4-Low,Software,AGT-00003,24.47,72,False,False,5
INC-00795,2025-01-24 01:42:00,2025-01-24 04:24:58.687591,P2-High,Hardware,AGT-00007,2.72,8,False,False,5
INC-00796,2025-04-27 12:08:00,2025-04-30 11:11:47.005440,P4-Low,Access Management,AGT-00001,71.06,72,False,False,4
INC-00797,2025-06-12 00:40:00,2025-06-14 01:52:32.028922,P4-Low,Software,AGT-00005,49.21,72,False,False,5
INC-00798,2025-03-11 15:39:00,2025-03-12 15:06:07.220084,P3-Medium,Network,AGT-00005,23.45,24,False,False,5
INC-00799,2025-01-15 13:58:00,2025-01-17 16:31:58.923081,P4-Low,Network,AGT-00012,50.57,72,False,False,5
INC-00800,2025-04-04 11:41:00,2025-04-04 18:17:14.927358,P2-High,Software,AGT-00007,6.6,8,False,False,2
INC-00801,2025-03-03 13:41:00,2025-03-04 15:11:22.573612,P3-Medium,Hardware,AGT-00015,25.51,24,True,False,4
INC-00802,2025-02-27 10:57:00,2025-02-28 00:49:17.911827,P3-Medium,Email/Comm,AGT-00002,13.87,24,False,False,4
INC-00803,2025-05-05 12:53:00,2025-05-06 07:39:08.278376,P3-Medium,Network,AGT-00003,18.77,24,False,False,5
INC-00804,2025-06-08 11:43:00,2025-06-09 02:01:06.471685,P3-Medium,Software,AGT-00003,14.3,24,False,False,5
INC-00805,2025-04-28 07:25:00,2025-04-30 00:43:36.271625,P4-Low,Network,AGT-00013,41.31,72,False,False,3
INC-00806,2025-06-28 08:09:00,2025-06-30 03:57:59.607110,P4-Low,Network,AGT-00003,43.82,72,False,False,4
INC-00807,2025-05-19 20:30:00,2025-05-20 16:16:37.452623,P3-Medium,Hardware,AGT-00015,19.78,24,False,False,4
INC-00808,2025-03-01 18:33:00,2025-03-02 08:43:12.039696,P3-Medium,Hardware,AGT-00001,14.17,24,False,False,4
INC-00809,2025-06-01 15:33:00,2025-06-02 19:35:45.776417,P3-Medium,Software,AGT-00003,28.05,24,True,False,2
INC-00810,2025-02-13 17:14:00,2025-02-14 04:04:35.309696,P3-Medium,Network,AGT-00010,10.84,24,False,False,5
INC-00811,2025-04-27 21:39:00,2025-04-29 19:54:45.241620,P4-Low,Network,AGT-00004,46.26,72,False,False,5
INC-00812,2025-06-27 19:50:00,2025-06-28 10:18:55.745522,P3-Medium,Email/Comm,AGT-00011,14.48,24,False,False,3
INC-00813,2025-03-08 11:13:00,2025-03-08 17:06:38.240767,P1-Critical,Hardware,AGT-00002,5.89,4,True,False,1
INC-00814,2025-05-19 22:34:00,2025-05-20 18:08:20.777564,P3-Medium,Hardware,AGT-00004,19.57,24,False,False,5
INC-00815,2025-04-28 20:09:00,2025-04-29 22:24:17.122737,P3-Medium,Software,AGT-00002,26.25,24,True,True,3
INC-00816,2025-05-02 19:48:00,2025-05-03 16:05:19.653141,P4-Low,Hardware,AGT-00008,20.29,72,False,False,4
INC-00817,2025-04-24 10:07:00,2025-04-24 17:33:04.833350,P2-High,Software,AGT-00013,7.43,8,False,False,5
INC-00818,2025-04-13 14:14:00,2025-04-13 23:50:49.348025,P2-High,Software,AGT-00003,9.61,8,True,False,1
INC-00819,2025-02-26 16:49:00,2025-02-26 23:36:16.778265,P2-High,Software,AGT-00007,6.79,8,False,False,1
INC-00820,2025-01-23 22:25:00,2025-01-25 00:56:25.834802,P3-Medium,Software,AGT-00008,26.52,24,True,False,2
INC-00821,2025-04-03 11:45:00,2025-04-04 01:36:42.092637,P3-Medium,Email/Comm,AGT-00013,13.86,24,False,False,4
INC-00822,2025-04-25 18:05:00,2025-04-26 23:21:29.206277,P3-Medium,Hardware,AGT-00004,29.27,24,True,False,4
INC-00823,2025-02-11 17:57:00,2025-02-13 06:20:28.265960,P3-Medium,Software,AGT-00005,36.39,24,True,False,4
INC-00824,2025-02-23 10:55:00,2025-02-23 16:08:48.234138,P2-High,Software,AGT-00001,5.23,8,False,False,3
INC-00825,2025-01-02 11:58:00,2025-01-04 05:03:23.818459,P4-Low,Software,AGT-00004,41.09,72,False,False,3
INC-00826,2025-02-21 08:24:00,2025-02-22 14:01:37.472941,P3-Medium,Software,AGT-00013,29.63,24,True,False,2
INC-00827,2025-05-07 13:29:00,2025-05-10 23:04:29.194493,P4-Low,Hardware,AGT-00007,81.59,72,True,False,3
INC-00828,2025-06-12 12:41:00,2025-06-12 17:21:11.963658,P2-High,Hardware,AGT-00007,4.67,8,False,False,3
INC-00829,2025-01-08 08:17:00,2025-01-08 13:18:45.646105,P2-High,Email/Comm,AGT-00007,5.03,8,False,False,5
INC-00830,2025-04-22 18:40:00,2025-04-23 10:24:44.603265,P3-Medium,Software,AGT-00005,15.75,24,False,False,5
INC-00831,2025-01-05 18:10:00,2025-01-06 17:16:39.563206,P4-Low,Software,AGT-00009,23.11,72,False,False,2
INC-00832,2025-01-14 10:26:00,2025-01-14 21:05:02.823941,P3-Medium,Software,AGT-00004,10.65,24,False,False,5
INC-00833,2025-01-20 13:49:00,2025-01-20 14:48:30.186479,P1-Critical,Hardware,AGT-00007,0.99,4,False,False,5
INC-00834,2025-03-22 17:43:00,2025-03-23 05:34:27.430125,P3-Medium,Network,AGT-00003,11.86,24,False,False,3
INC-00835,2025-04-01 17:00:00,2025-04-02 10:43:21.075243,P3-Medium,Software,AGT-00006,17.72,24,False,False,3
INC-00836,2025-02-11 07:09:00,2025-02-13 13:50:03.460743,P4-Low,Software,AGT-00013,54.68,72,False,False,5
INC-00837,2025-05-15 18:45:00,2025-05-19 03:45:36.035483,P4-Low,Software,AGT-00008,81.01,72,True,False,3
INC-00838,2025-02-03 20:30:00,2025-02-03 23:30:20.739087,P2-High,Software,AGT-00001,3.01,8,False,False,4
INC-00839,2025-05-14 16:21:00,2025-05-15 02:17:42.462221,P2-High,Software,AGT-00015,9.95,8,True,False,2
INC-00840,2025-06-27 08:14:00,2025-06-28 00:31:17.121286,P3-Medium,Network,AGT-00002,16.29,24,False,False,3
INC-00841,2025-01-29 07:49:00,2025-01-31 08:49:38.612905,P4-Low,Software,AGT-00009,49.01,72,False,False,4
INC-00842,2025-06-01 06:07:00,2025-06-01 14:58:42.725601,P2-High,Network,AGT-00008,8.86,8,True,False,1
INC-00843,2025-02-01 20:13:00,2025-02-02 05:14:05.605779,P3-Medium,Network,AGT-00001,9.02,24,False,False,3
INC-00844,2025-03-13 21:22:00,2025-03-14 18:25:33.400690,P3-Medium,Network,AGT-00002,21.06,24,False,False,5
INC-00845,2025-01-18 07:37:00,2025-01-20 12:56:44.558991,P4-Low,Software,AGT-00006,53.33,72,False,False,4
INC-00846,2025-05-18 00:46:00,2025-05-18 22:42:22.596403,P3-Medium,Email/Comm,AGT-00002,21.94,24,False,False,3
INC-00847,2025-05-31 08:43:00,2025-06-01 05:01:48.056945,P3-Medium,Access Management,AGT-00004,20.31,24,False,False,3
INC-00848,2025-02-28 11:48:00,2025-03-02 01:26:32.644029,P3-Medium,Software,AGT-00002,37.64,24,True,False,1
INC-00849,2025-06-30 10:46:00,2025-06-30 15:02:04.476198,P2-High,Network,AGT-00009,4.27,8,False,True,3
INC-00850,2025-03-21 15:53:00,2025-03-21 20:31:29.438367,P2-High,Hardware,AGT-00007,4.64,8,False,False,4
INC-00851,2025-01-18 19:51:00,2025-01-19 08:51:53.552839,P3-Medium,Access Management,AGT-00002,13.01,24,False,False,4
INC-00852,2025-01-27 11:33:00,2025-01-27 16:06:20.988299,P2-High,Email/Comm,AGT-00005,4.56,8,False,False,2
INC-00853,2025-01-27 16:57:00,2025-01-27 21:13:08.922196,P2-High,Software,AGT-00007,4.27,8,False,False,2
INC-00854,2025-04-14 08:53:00,2025-04-17 10:39:49.190240,P4-Low,Hardware,AGT-00007,73.78,72,True,False,2
INC-00855,2025-06-14 21:22:00,2025-06-18 03:46:36.305855,P4-Low,Access Management,AGT-00007,78.41,72,True,False,3
INC-00856,2025-04-27 07:16:00,2025-04-27 20:42:02.506740,P3-Medium,Software,AGT-00003,13.43,24,False,False,3
INC-00857,2025-01-18 12:01:00,2025-01-19 21:22:10.398736,P4-Low,Network,AGT-00009,33.35,72,False,False,4
INC-00858,2025-01-25 16:42:00,2025-01-26 14:28:16.768024,P3-Medium,Network,AGT-00007,21.77,24,False,False,5
INC-00859,2025-05-06 12:34:00,2025-05-08 03:31:19.940812,P4-Low,Hardware,AGT-00008,38.96,72,False,False,5
INC-00860,2025-04-21 19:07:00,2025-04-22 18:10:48.436351,P3-Medium,Email/Comm,AGT-00001,23.06,24,False,False,3
INC-00861,2025-05-23 14:49:00,2025-05-24 10:26:24.183001,P3-Medium,Software,AGT-00001,19.62,24,False,False,5
INC-00862,2025-05-05 16:36:00,2025-05-05 22:28:26.569488,P3-Medium,Network,AGT-00008,5.87,24,False,False,4
INC-00863,2025-02-10 12:25:00,2025-02-11 18:47:48.149798,P3-Medium,Software,AGT-00005,30.38,24,True,False,2
INC-00864,2025-03-14 10:01:00,2025-03-15 18:23:01.276985,P3-Medium,Software,AGT-00009,32.37,24,True,False,1
INC-00865,2025-06-10 10:06:00,2025-06-10 23:11:51.685714,P3-Medium,Access Management,AGT-00007,13.1,24,False,False,5
INC-00866,2025-03-02 14:37:00,2025-03-03 05:30:54.195074,P3-Medium,Network,AGT-00003,14.9,24,False,False,4
INC-00867,2025-05-18 10:29:00,2025-05-20 18:12:02.308132,P4-Low,Network,AGT-00002,55.72,72,False,False,4
INC-00868,2025-05-01 13:20:00,2025-05-02 10:00:32.355552,P3-Medium,Software,AGT-00001,20.68,24,False,False,4
INC-00869,2025-06-22 09:31:00,2025-06-23 08:47:06.075053,P3-Medium,Access Management,AGT-00001,23.27,24,False,False,5
INC-00870,2025-04-22 09:40:00,2025-04-23 19:44:53.890716,P3-Medium,Software,AGT-00004,34.08,24,True,False,3
INC-00871,2025-01-13 10:36:00,2025-01-15 09:03:39.799620,P4-Low,Software,AGT-00003,46.46,72,False,False,3
INC-00872,2025-01-25 14:17:00,2025-01-26 01:53:49.039357,P3-Medium,Network,AGT-00011,11.61,24,False,False,5
INC-00873,2025-06-16 17:32:00,2025-06-17 00:29:55.606233,P3-Medium,Hardware,AGT-00010,6.97,24,False,False,4
INC-00874,2025-06-09 13:42:00,2025-06-10 01:51:09.214850,P3-Medium,Hardware,AGT-00004,12.15,24,False,False,3
INC-00875,2025-05-28 12:42:00,2025-05-28 15:38:01.485795,P1-Critical,Access Management,AGT-00012,2.93,4,False,False,5
INC-00876,2025-06-07 18:58:00,2025-06-09 03:19:23.266469,P3-Medium,Email/Comm,AGT-00006,32.36,24,True,False,2
INC-00877,2025-02-07 09:47:00,2025-02-07 23:38:32.794588,P3-Medium,Software,AGT-00004,13.86,24,False,False,3
INC-00878,2025-01-17 14:54:00,2025-01-18 10:41:25.093007,P3-Medium,Hardware,AGT-00011,19.79,24,False,False,5
INC-00879,2025-04-14 09:09:00,2025-04-15 03:01:07.020593,P3-Medium,Hardware,AGT-00007,17.87,24,False,False,3
INC-00880,2025-04-22 11:57:00,2025-04-25 13:43:04.315688,P4-Low,Software,AGT-00006,73.77,72,True,True,1
INC-00881,2025-06-18 13:41:00,2025-06-19 05:01:39.348566,P2-High,Hardware,AGT-00010,15.34,8,True,False,5
INC-00882,2025-01-22 10:19:00,2025-01-23 00:04:10.979340,P3-Medium,Network,AGT-00012,13.75,24,False,False,5
INC-00883,2025-01-24 11:53:00,2025-01-25 01:58:04.144055,P3-Medium,Software,AGT-00008,14.08,24,False,False,2
INC-00884,2025-05-14 15:37:00,2025-05-15 01:46:16.427051,P2-High,Access Management,AGT-00014,10.15,8,True,False,4
INC-00885,2025-02-01 16:20:00,2025-02-02 15:47:18.474901,P3-Medium,Access Management,AGT-00003,23.46,24,False,False,4
INC-00886,2025-04-19 09:06:00,2025-04-20 17:52:25.170981,P3-Medium,Access Management,AGT-00003,32.77,24,True,False,5
INC-00887,2025-05-06 13:44:00,2025-05-07 12:24:17.131737,P3-Medium,Hardware,AGT-00007,22.67,24,False,False,3
INC-00888,2025-02-07 11:45:00,2025-02-08 02:52:32.387785,P3-Medium,Software,AGT-00015,15.13,24,False,False,3
INC-00889,2025-06-19 17:03:00,2025-06-20 15:46:30.859124,P3-Medium,Email/Comm,AGT-00001,22.73,24,False,False,5
INC-00890,2025-06-29 11:51:00,2025-06-29 22:13:49.665115,P2-High,Software,AGT-00003,10.38,8,True,False,2
INC-00891,2025-04-11 20:58:00,2025-04-12 06:20:18.075483,P2-High,Software,AGT-00001,9.37,8,True,False,1
INC-00892,2025-02-11 20:40:00,2025-02-14 08:48:43.730240,P4-Low,Hardware,AGT-00002,60.15,72,False,False,5
INC-00893,2025-01-21 17:31:00,2025-01-22 20:03:00.231060,P3-Medium,Access Management,AGT-00003,26.53,24,True,False,2
INC-00894,2025-01-26 17:44:00,2025-01-29 19:07:09.282512,P4-Low,Access Management,AGT-00012,73.39,72,True,False,1
INC-00895,2025-03-25 12:01:00,2025-03-26 17:04:26.178942,P3-Medium,Access Management,AGT-00006,29.06,24,True,False,3
INC-00896,2025-01-01 11:40:00,2025-01-01 20:26:13.744584,P2-High,Software,AGT-00007,8.77,8,True,False,2
INC-00897,2025-06-16 16:54:00,2025-06-16 22:48:54.312188,P2-High,Hardware,AGT-00008,5.92,8,False,False,4
INC-00898,2025-02-04 09:43:00,2025-02-06 14:39:03.385423,P4-Low,Software,AGT-00012,52.93,72,False,False,3
INC-00899,2025-04-11 18:53:00,2025-04-12 22:32:07.458235,P3-Medium,Network,AGT-00004,27.65,24,True,False,1
INC-00900,2025-06-10 09:05:00,2025-06-11 18:44:40.631689,P4-Low,Email/Comm,AGT-00007,33.66,72,False,False,3
INC-00901,2025-04-20 14:09:00,2025-04-21 11:05:57.791296,P3-Medium,Network,AGT-00004,20.95,24,False,False,4
INC-00902,2025-04-22 16:59:00,2025-04-24 11:06:59.605512,P4-Low,Network,AGT-00008,42.13,72,False,False,4
INC-00903,2025-03-10 10:31:00,2025-03-10 17:07:02.184769,P2-High,Access Management,AGT-00002,6.6,8,False,False,4
INC-00904,2025-06-23 09:11:00,2025-06-23 20:09:28.493469,P2-High,Hardware,AGT-00011,10.97,8,True,False,1
INC-00905,2025-03-05 11:43:00,2025-03-06 07:14:43.653159,P3-Medium,Hardware,AGT-00007,19.53,24,False,False,2
INC-00906,2025-04-12 15:45:00,2025-04-13 10:07:17.372587,P3-Medium,Access Management,AGT-00015,18.37,24,False,False,4
INC-00907,2025-01-14 10:15:00,2025-01-14 17:22:16.143140,P3-Medium,Network,AGT-00006,7.12,24,False,False,4
INC-00908,2025-01-12 00:32:00,2025-01-13 00:30:12.102702,P3-Medium,Software,AGT-00010,23.97,24,False,False,3
INC-00909,2025-05-24 05:11:00,2025-05-25 04:20:49.944417,P3-Medium,Software,AGT-00015,23.16,24,False,False,4
INC-00910,2025-03-23 15:27:00,2025-03-27 12:42:54.340078,P4-Low,Access Management,AGT-00002,93.27,72,True,False,1
INC-00911,2025-03-13 16:59:00,2025-03-13 19:22:03.996708,P1-Critical,Network,AGT-00012,2.38,4,False,False,5
INC-00912,2025-05-13 10:57:00,2025-05-14 06:42:11.529437,P3-Medium,Access Management,AGT-00014,19.75,24,False,False,5
INC-00913,2025-06-18 14:28:00,2025-06-19 10:27:42.250091,P3-Medium,Email/Comm,AGT-00006,20.0,24,False,False,2
INC-00914,2025-06-30 12:07:00,2025-07-01 00:08:15.911325,P2-High,Network,AGT-00003,12.02,8,True,False,4
INC-00915,2025-05-05 12:07:00,2025-05-05 14:55:33.872167,P1-Critical,Software,AGT-00008,2.81,4,False,False,5
INC-00916,2025-02-16 18:47:00,2025-02-17 02:15:35.671225,P2-High,Network,AGT-00012,7.48,8,False,False,3
INC-00917,2025-01-02 13:36:00,2025-01-05 03:45:28.548700,P4-Low,Software,AGT-00007,62.16,72,False,False,5
INC-00918,2025-03-26 02:43:00,2025-03-26 09:52:11.274952,P2-High,Software,AGT-00001,7.15,8,False,False,2
INC-00919,2025-03-24 08:05:00,2025-03-24 22:30:42.711901,P3-Medium,Email/Comm,AGT-00001,14.43,24,False,False,5
INC-00920,2025-06-18 00:02:00,2025-06-18 19:35:09.791795,P3-Medium,Software,AGT-00003,19.55,24,False,False,5
INC-00921,2025-05-26 08:55:00,2025-05-27 11:30:20.594396,P3-Medium,Access Management,AGT-00009,26.59,24,True,True,3
INC-00922,2025-06-04 11:25:00,2025-06-04 21:12:16.359377,P3-Medium,Network,AGT-00001,9.79,24,False,False,3
INC-00923,2025-02-23 08:49:00,2025-02-25 13:28:33.816539,P4-Low,Software,AGT-00001,52.66,72,False,False,4
INC-00924,2025-04-21 16:58:00,2025-04-23 04:57:51.301324,P4-Low,Network,AGT-00003,36.0,72,False,False,4
INC-00925,2025-05-12 09:28:00,2025-05-12 20:08:57.587524,P2-High,Software,AGT-00011,10.68,8,True,False,2
INC-00926,2025-04-05 14:27:00,2025-04-05 20:15:52.217142,P3-Medium,Software,AGT-00009,5.81,24,False,False,2
INC-00927,2025-06-15 15:09:00,2025-06-16 04:40:43.050799,P3-Medium,Email/Comm,AGT-00008,13.53,24,False,False,4
INC-00928,2025-01-21 19:30:00,2025-01-22 16:31:03.702002,P3-Medium,Network,AGT-00005,21.02,24,False,False,5
INC-00929,2025-04-20 10:03:00,2025-04-21 16:34:27.092042,P3-Medium,Hardware,AGT-00003,30.52,24,True,False,4
INC-00930,2025-04-29 14:36:00,2025-04-30 08:04:26.392481,P3-Medium,Software,AGT-00004,17.47,24,False,False,4
INC-00931,2025-06-19 12:50:00,2025-06-20 02:23:30.253631,P3-Medium,Access Management,AGT-00001,13.56,24,False,False,4
INC-00932,2025-05-31 15:48:00,2025-06-01 04:53:02.579075,P2-High,Access Management,AGT-00003,13.08,8,True,False,3
INC-00933,2025-02-17 09:05:00,2025-02-17 15:29:57.199668,P3-Medium,Email/Comm,AGT-00012,6.42,24,False,False,4
INC-00934,2025-01-02 11:00:00,2025-01-02 17:01:25.971123,P4-Low,Network,AGT-00006,6.02,72,False,False,4
INC-00935,2025-06-04 16:19:00,2025-06-05 13:50:12.416162,P3-Medium,Access Management,AGT-00015,21.52,24,False,False,5
INC-00936,2025-04-12 17:05:00,2025-04-13 07:04:00.838339,P3-Medium,Software,AGT-00008,13.98,24,False,False,1
INC-00937,2025-01-07 09:41:00,2025-01-07 12:36:32.466504,P2-High,Network,AGT-00015,2.93,8,False,False,3
INC-00938,2025-01-23 10:29:00,2025-01-26 02:39:01.664206,P4-Low,Access Management,AGT-00006,64.17,72,False,False,4
INC-00939,2025-04-24 22:30:00,2025-04-25 05:51:11.888994,P2-High,Email/Comm,AGT-00009,7.35,8,False,True,4
INC-00940,2025-04-11 06:00:00,2025-04-11 10:31:32.609253,P2-High,Hardware,AGT-00011,4.53,8,False,False,5
INC-00941,2025-05-29 14:35:00,2025-05-29 22:20:27.233318,P3-Medium,Software,AGT-00005,7.76,24,False,False,1
INC-00942,2025-06-23 19:55:00,2025-06-24 20:53:46.771054,P3-Medium,Software,AGT-00008,24.98,24,True,False,3
INC-00943,2025-01-17 09:41:00,2025-01-18 08:53:05.793925,P3-Medium,Software,AGT-00003,23.2,24,False,False,4
INC-00944,2025-06-28 11:10:00,2025-06-29 04:22:23.735123,P3-Medium,Email/Comm,AGT-00004,17.21,24,False,False,3
INC-00945,2025-06-25 10:38:00,2025-06-26 19:24:23.145486,P3-Medium,Hardware,AGT-00002,32.77,24,True,False,3
INC-00946,2025-04-10 21:53:00,2025-04-11 07:19:21.558730,P3-Medium,Access Management,AGT-00008,9.44,24,False,False,4
INC-00947,2025-02-11 14:18:00,2025-02-11 20:05:44.875077,P3-Medium,Software,AGT-00015,5.8,24,False,False,2
INC-00948,2025-05-06 07:26:00,2025-05-06 19:53:53.047587,P3-Medium,Network,AGT-00002,12.46,24,False,False,4
INC-00949,2025-04-02 19:22:00,2025-04-03 01:42:25.616194,P2-High,Software,AGT-00015,6.34,8,False,False,3
INC-00950,2025-03-28 11:39:00,2025-03-30 18:31:00.440351,P4-Low,Software,AGT-00010,54.87,72,False,False,4
INC-00951,2025-01-12 16:35:00,2025-01-13 08:39:12.401534,P3-Medium,Email/Comm,AGT-00010,16.07,24,False,False,3
INC-00952,2025-06-30 06:28:00,2025-07-01 03:16:59.195420,P3-Medium,Software,AGT-00008,20.82,24,False,False,5
INC-00953,2025-06-06 16:06:00,2025-06-07 17:04:09.161458,P4-Low,Email/Comm,AGT-00010,24.97,72,False,False,1
INC-00954,2025-04-03 08:18:00,2025-04-03 19:51:11.434011,P2-High,Software,AGT-00012,11.55,8,True,False,3
INC-00955,2025-04-04 10:08:00,2025-04-05 03:28:34.046062,P3-Medium,Access Management,AGT-00002,17.34,24,False,False,3
INC-00956,2025-05-02 10:32:00,2025-05-05 10:52:45.299874,P4-Low,Access Management,AGT-00001,72.35,72,True,False,2
INC-00957,2025-03-04 08:48:00,2025-03-05 05:32:30.489976,P3-Medium,Software,AGT-00007,20.74,24,False,False,5
INC-00958,2025-04-28 21:33:00,2025-04-29 05:38:55.090561,P2-High,Software,AGT-00013,8.1,8,True,False,2
INC-00959,2025-05-13 21:05:00,2025-05-14 01:13:22.324418,P1-Critical,Network,AGT-00001,4.14,4,True,False,2
INC-00960,2025-01-10 14:41:00,2025-01-13 01:38:15.016321,P4-Low,Software,AGT-00004,58.95,72,False,False,4
INC-00961,2025-05-14 22:26:00,2025-05-17 13:17:16.038710,P4-Low,Email/Comm,AGT-00010,62.85,72,False,False,4
INC-00962,2025-03-30 00:17:00,2025-03-31 04:54:59.592868,P3-Medium,Hardware,AGT-00009,28.63,24,True,False,3
INC-00963,2025-05-20 14:39:00,2025-05-20 21:50:16.166738,P2-High,Software,AGT-00007,7.19,8,False,False,4
INC-00964,2025-02-20 19:05:00,2025-02-23 11:15:48.270546,P4-Low,Access Management,AGT-00004,64.18,72,False,True,3
INC-00965,2025-05-19 10:05:00,2025-05-20 03:21:55.612005,P3-Medium,Access Management,AGT-00002,17.28,24,False,False,3
INC-00966,2025-05-19 14:15:00,2025-05-20 19:46:15.375805,P3-Medium,Software,AGT-00001,29.52,24,True,False,2
INC-00967,2025-04-06 09:32:00,2025-04-06 22:07:19.901701,P3-Medium,Software,AGT-00009,12.59,24,False,False,1
INC-00968,2025-01-02 12:15:00,2025-01-03 20:39:27.084468,P3-Medium,Network,AGT-00003,32.41,24,True,False,5
INC-00969,2025-05-17 18:14:00,2025-05-18 11:54:43.451021,P3-Medium,Access Management,AGT-00007,17.68,24,False,False,3
INC-00970,2025-04-07 13:15:00,2025-04-08 10:38:04.192648,P4-Low,Access Management,AGT-00008,21.38,72,False,False,4
INC-00971,2025-02-07 15:53:00,2025-02-07 22:49:54.115628,P2-High,Access Management,AGT-00005,6.95,8,False,False,2
INC-00972,2025-01-20 11:33:00,2025-01-21 00:06:05.712265,P3-Medium,Network,AGT-00002,12.55,24,False,False,4
INC-00973,2025-06-12 11:28:00,2025-06-15 06:16:46.335527,P4-Low,Access Management,AGT-00007,66.81,72,False,False,5
INC-00974,2025-05-10 08:45:00,2025-05-10 21:31:44.429396,P3-Medium,Software,AGT-00002,12.78,24,False,False,5
INC-00975,2025-04-27 12:47:00,2025-04-28 03:12:49.917123,P3-Medium,Software,AGT-00008,14.43,24,False,False,4
INC-00976,2025-01-29 08:36:00,2025-01-29 20:48:33.067372,P4-Low,Network,AGT-00012,12.21,72,False,False,4
INC-00977,2025-03-17 12:50:00,2025-03-17 17:45:00.940377,P2-High,Hardware,AGT-00004,4.92,8,False,False,5
INC-00978,2025-03-14 09:52:00,2025-03-14 10:22:00.000000,P3-Medium,Email/Comm,AGT-00003,0.5,24,False,False,1
INC-00979,2025-05-04 13:36:00,2025-05-04 18:55:43.598684,P3-Medium,Network,AGT-00001,5.33,24,False,False,3
INC-00980,2025-02-03 16:32:00,2025-02-04 16:36:59.942097,P3-Medium,Access Management,AGT-00011,24.08,24,True,False,3
INC-00981,2025-01-23 17:42:00,2025-01-24 17:59:11.044569,P3-Medium,Network,AGT-00008,24.29,24,True,False,2
INC-00982,2025-06-21 19:47:00,2025-06-24 06:17:32.944449,P4-Low,Hardware,AGT-00001,58.51,72,False,False,2
INC-00983,2025-03-21 13:07:00,2025-03-21 16:13:56.100597,P2-High,Network,AGT-00007,3.12,8,False,False,2
INC-00984,2025-05-26 13:48:00,2025-05-28 14:50:44.782358,P4-Low,Software,AGT-00009,49.05,72,False,False,5
INC-00985,2025-01-05 10:13:00,2025-01-05 16:42:14.608007,P2-High,Email/Comm,AGT-00002,6.49,8,False,False,5
INC-00986,2025-06-05 10:37:00,2025-06-06 13:26:57.742378,P4-Low,Software,AGT-00010,26.83,72,False,True,5
INC-00987,2025-05-16 10:16:00,2025-05-16 16:16:24.467773,P1-Critical,Software,AGT-00004,6.01,4,True,False,5
INC-00988,2025-01-23 08:26:00,2025-01-24 09:27:08.033969,P3-Medium,Hardware,AGT-00002,25.02,24,True,False,1
INC-00989,2025-03-18 11:20:00,2025-03-20 08:54:50.579484,P4-Low,Network,AGT-00008,45.58,72,False,False,5
INC-00990,2025-01-14 09:48:00,2025-01-15 04:00:54.312163,P3-Medium,Email/Comm,AGT-00013,18.22,24,False,False,3
INC-00991,2025-03-10 06:29:00,2025-03-11 02:09:01.424869,P3-Medium,Software,AGT-00014,19.67,24,False,False,2
INC-00992,2025-01-05 09:37:00,2025-01-05 10:07:00.000000,P1-Critical,Software,AGT-00013,0.5,4,False,False,3
INC-00993,2025-04-15 12:54:00,2025-04-16 04:55:21.291383,P3-Medium,Access Management,AGT-00003,16.02,24,False,False,3
INC-00994,2025-03-04 13:27:00,2025-03-06 01:48:37.134144,P4-Low,Software,AGT-00015,36.36,72,False,False,4
INC-00995,2025-06-08 10:10:00,2025-06-08 11:09:48.335929,P1-Critical,Access Management,AGT-00014,1.0,4,False,True,5
INC-00996,2025-04-08 23:53:00,2025-04-09 15:38:04.311565,P3-Medium,Software,AGT-00011,15.75,24,False,False,4
INC-00997,2025-05-25 06:05:00,2025-05-26 14:27:53.371973,P3-Medium,Network,AGT-00009,32.38,24,True,False,1
INC-00998,2025-04-21 09:32:00,2025-04-21 18:16:34.620052,P2-High,Software,AGT-00003,8.74,8,True,False,2
INC-00999,2025-04-26 10:42:00,2025-04-27 00:07:50.045094,P3-Medium,Hardware,AGT-00003,13.43,24,False,False,3
INC-01000,2025-06-27 08:59:00,2025-06-28 07:33:50.384103,P3-Medium,Software,AGT-00001,22.58,24,False,True,4
INC-01001,2025-06-28 15:48:00,2025-07-01 21:47:13.591434,P4-Low,Software,AGT-00004,77.99,72,True,False,1
INC-01002,2025-06-21 12:07:00,2025-06-24 08:36:33.625170,P4-Low,Software,AGT-00006,68.49,72,False,False,5
INC-01003,2025-06-28 23:07:00,2025-07-01 02:18:33.386634,P4-Low,Software,AGT-00002,51.19,72,False,False,5
INC-01004,2025-03-13 15:45:00,2025-03-14 04:34:28.220802,P3-Medium,Hardware,AGT-00001,12.82,24,False,False,2
INC-01005,2025-03-01 22:23:00,2025-03-02 21:58:08.831432,P3-Medium,Hardware,AGT-00008,23.59,24,False,True,4
INC-01006,2025-06-13 11:55:00,2025-06-14 09:03:52.379100,P3-Medium,Software,AGT-00001,21.15,24,False,False,4
INC-01007,2025-06-22 15:36:00,2025-06-23 01:13:59.434572,P2-High,Network,AGT-00009,9.63,8,True,False,2
INC-01008,2025-02-28 19:46:00,2025-03-01 18:50:52.947888,P3-Medium,Network,AGT-00014,23.08,24,False,False,3
INC-01009,2025-05-17 14:43:00,2025-05-18 17:06:47.118201,P3-Medium,Email/Comm,AGT-00008,26.4,24,True,False,2
INC-01010,2025-01-14 18:20:00,2025-01-16 09:37:43.064768,P4-Low,Software,AGT-00014,39.3,72,False,False,5
INC-01011,2025-04-03 13:02:00,2025-04-04 17:34:20.949090,P3-Medium,Software,AGT-00005,28.54,24,True,False,1
INC-01012,2025-01-02 11:21:00,2025-01-03 06:55:50.868615,P3-Medium,Software,AGT-00005,19.58,24,False,False,4
INC-01013,2025-04-19 21:58:00,2025-04-20 05:07:01.878283,P1-Critical,Access Management,AGT-00015,7.15,4,True,False,1
INC-01014,2025-05-03 11:01:00,2025-05-03 23:30:11.390839,P3-Medium,Software,AGT-00001,12.49,24,False,False,4
INC-01015,2025-03-03 21:53:00,2025-03-05 05:46:15.757531,P3-Medium,Hardware,AGT-00001,31.89,24,True,False,2
INC-01016,2025-06-08 12:06:00,2025-06-10 18:03:29.576409,P4-Low,Email/Comm,AGT-00010,53.96,72,False,False,4
INC-01017,2025-03-22 19:44:00,2025-03-22 23:57:12.133154,P2-High,Network,AGT-00001,4.22,8,False,False,2
INC-01018,2025-06-10 11:06:00,2025-06-12 03:25:20.219948,P4-Low,Software,AGT-00003,40.32,72,False,False,4
INC-01019,2025-04-16 09:38:00,2025-04-17 01:04:13.997524,P3-Medium,Software,AGT-00001,15.44,24,False,False,4
INC-01020,2025-06-08 14:21:00,2025-06-09 11:44:35.979256,P3-Medium,Software,AGT-00005,21.39,24,False,False,4
INC-01021,2025-01-28 07:38:00,2025-01-28 11:40:44.415514,P1-Critical,Software,AGT-00007,4.05,4,True,False,2
INC-01022,2025-05-11 09:26:00,2025-05-12 23:57:33.599716,P4-Low,Email/Comm,AGT-00002,38.53,72,False,False,4
INC-01023,2025-02-02 10:27:00,2025-02-02 16:51:53.132138,P2-High,Network,AGT-00001,6.41,8,False,False,4
INC-01024,2025-02-07 08:19:00,2025-02-08 19:27:17.386328,P3-Medium,Software,AGT-00006,35.14,24,True,False,2
INC-01025,2025-02-07 06:32:00,2025-02-10 19:05:03.108247,P4-Low,Software,AGT-00008,84.55,72,True,False,2
INC-01026,2025-06-13 19:50:00,2025-06-14 03:51:37.678238,P2-High,Hardware,AGT-00015,8.03,8,True,False,1
INC-01027,2025-06-27 10:37:00,2025-06-28 04:55:14.500171,P3-Medium,Software,AGT-00005,18.3,24,False,False,3
INC-01028,2025-01-11 12:58:00,2025-01-12 07:55:36.902209,P3-Medium,Hardware,AGT-00001,18.96,24,False,True,3
INC-01029,2025-03-26 17:24:00,2025-03-27 02:02:50.326456,P2-High,Software,AGT-00003,8.65,8,True,False,1
INC-01030,2025-01-08 13:09:00,2025-01-09 18:41:38.935306,P4-Low,Software,AGT-00001,29.54,72,False,False,3
INC-01031,2025-01-08 09:18:00,2025-01-09 01:14:27.555722,P3-Medium,Access Management,AGT-00001,15.94,24,False,False,5
INC-01032,2025-02-15 09:11:00,2025-02-15 13:50:04.778672,P3-Medium,Hardware,AGT-00006,4.65,24,False,False,5
INC-01033,2025-01-29 10:13:00,2025-01-29 14:00:54.406483,P1-Critical,Software,AGT-00004,3.8,4,False,False,3
INC-01034,2025-06-09 19:56:00,2025-06-12 10:52:38.107659,P4-Low,Software,AGT-00014,62.94,72,False,False,2
INC-01035,2025-05-17 11:23:00,2025-05-19 03:43:10.574714,P4-Low,Network,AGT-00002,40.34,72,False,False,4
INC-01036,2025-05-31 09:34:00,2025-06-01 16:09:30.818783,P3-Medium,Email/Comm,AGT-00009,30.59,24,True,False,1
INC-01037,2025-02-02 18:37:00,2025-02-02 20:49:35.352646,P2-High,Software,AGT-00003,2.21,8,False,False,3
INC-01038,2025-01-17 08:24:00,2025-01-17 09:46:28.876509,P2-High,Software,AGT-00008,1.37,8,False,False,4
INC-01039,2025-03-24 15:33:00,2025-03-25 11:20:44.212375,P3-Medium,Software,AGT-00005,19.8,24,False,False,5
INC-01040,2025-05-30 14:13:00,2025-05-31 16:35:36.431115,P3-Medium,Hardware,AGT-00004,26.38,24,True,False,1
INC-01041,2025-04-07 13:59:00,2025-04-11 01:39:42.793785,P4-Low,Software,AGT-00003,83.68,72,True,False,2
INC-01042,2025-05-13 10:37:00,2025-05-13 15:30:38.058288,P2-High,Access Management,AGT-00003,4.89,8,False,True,4
INC-01043,2025-04-05 17:20:00,2025-04-06 19:57:46.008003,P3-Medium,Software,AGT-00005,26.63,24,True,False,1
INC-01044,2025-01-22 10:32:00,2025-01-23 04:13:30.956078,P3-Medium,Hardware,AGT-00001,17.69,24,False,False,4
INC-01045,2025-01-19 11:34:00,2025-01-21 10:06:50.834404,P4-Low,Email/Comm,AGT-00001,46.55,72,False,False,3
INC-01046,2025-06-24 18:12:00,2025-06-25 19:16:09.406200,P3-Medium,Hardware,AGT-00011,25.07,24,True,False,5
INC-01047,2025-03-08 00:19:00,2025-03-10 15:21:47.247246,P4-Low,Access Management,AGT-00009,63.05,72,False,False,3
INC-01048,2025-06-17 00:41:00,2025-06-17 19:09:19.764697,P4-Low,Email/Comm,AGT-00011,18.47,72,False,False,5
INC-01049,2025-02-23 12:33:00,2025-02-24 00:13:04.408407,P2-High,Software,AGT-00002,11.67,8,True,False,2
INC-01050,2025-01-22 10:12:00,2025-01-23 15:14:26.630999,P3-Medium,Access Management,AGT-00003,29.04,24,True,False,4
INC-01051,2025-01-08 11:36:00,2025-01-09 00:35:43.794197,P3-Medium,Software,AGT-00012,13.0,24,False,False,3
INC-01052,2025-04-01 10:26:00,2025-04-02 07:35:59.141763,P3-Medium,Software,AGT-00008,21.17,24,False,False,5
INC-01053,2025-05-31 02:50:00,2025-06-02 14:42:50.173412,P4-Low,Software,AGT-00003,59.88,72,False,True,2
INC-01054,2025-06-04 20:36:00,2025-06-07 03:48:48.511139,P4-Low,Email/Comm,AGT-00006,55.21,72,False,False,5
INC-01055,2025-02-18 12:21:00,2025-02-18 16:55:26.155062,P2-High,Software,AGT-00006,4.57,8,False,False,4
INC-01056,2025-05-22 08:52:00,2025-05-23 21:26:03.117508,P4-Low,Network,AGT-00001,36.57,72,False,False,4
INC-01057,2025-03-14 09:18:00,2025-03-14 15:42:38.018706,P2-High,Network,AGT-00015,6.41,8,False,False,2
INC-01058,2025-04-16 11:07:00,2025-04-16 21:43:16.385643,P2-High,Software,AGT-00002,10.6,8,True,False,2
INC-01059,2025-02-22 08:13:00,2025-02-23 06:33:55.684452,P3-Medium,Software,AGT-00013,22.35,24,False,False,5
INC-01060,2025-03-21 13:32:00,2025-03-22 04:34:06.307236,P3-Medium,Network,AGT-00006,15.04,24,False,False,4
INC-01061,2025-04-13 14:15:00,2025-04-13 23:27:03.403754,P2-High,Email/Comm,AGT-00005,9.2,8,True,False,4
INC-01062,2025-01-24 10:56:00,2025-01-24 11:26:00.000000,P4-Low,Software,AGT-00006,0.5,72,False,False,3
INC-01063,2025-02-14 11:11:00,2025-02-17 12:09:31.130427,P4-Low,Access Management,AGT-00004,72.98,72,True,False,3
INC-01064,2025-05-26 07:44:00,2025-05-26 11:48:56.243171,P3-Medium,Email/Comm,AGT-00002,4.08,24,False,False,3
INC-01065,2025-03-16 15:04:00,2025-03-18 09:49:04.252219,P4-Low,Hardware,AGT-00007,42.75,72,False,False,5
INC-01066,2025-05-22 08:23:00,2025-05-22 10:57:52.159328,P2-High,Software,AGT-00015,2.58,8,False,False,2
INC-01067,2025-03-06 09:02:00,2025-03-07 09:08:22.933748,P4-Low,Hardware,AGT-00005,24.11,72,False,False,2
INC-01068,2025-04-13 18:25:00,2025-04-14 21:42:11.811477,P3-Medium,Access Management,AGT-00004,27.29,24,True,True,2
INC-01069,2025-04-29 12:04:00,2025-04-30 02:19:30.205402,P3-Medium,Network,AGT-00008,14.26,24,False,False,4
INC-01070,2025-03-13 18:10:00,2025-03-14 14:56:19.311794,P3-Medium,Software,AGT-00005,20.77,24,False,False,4
INC-01071,2025-02-13 07:48:00,2025-02-13 14:08:08.800706,P2-High,Network,AGT-00009,6.34,8,False,True,3
INC-01072,2025-06-22 13:28:00,2025-06-23 11:16:58.775824,P3-Medium,Network,AGT-00008,21.82,24,False,False,5
INC-01073,2025-01-27 11:19:00,2025-01-29 14:51:11.176156,P4-Low,Software,AGT-00008,51.54,72,False,False,4
INC-01074,2025-03-05 11:15:00,2025-03-05 11:45:00.000000,P1-Critical,Software,AGT-00002,0.5,4,False,False,1
INC-01075,2025-06-24 15:14:00,2025-06-24 20:13:33.121100,P1-Critical,Network,AGT-00011,4.99,4,True,False,1
INC-01076,2025-01-12 11:06:00,2025-01-14 03:13:29.526012,P4-Low,Software,AGT-00008,40.12,72,False,False,3
INC-01077,2025-04-12 20:07:00,2025-04-13 01:39:50.441319,P3-Medium,Software,AGT-00014,5.55,24,False,False,2
INC-01078,2025-01-04 11:29:00,2025-01-05 02:03:30.283364,P3-Medium,Network,AGT-00008,14.58,24,False,False,4
INC-01079,2025-02-25 11:49:00,2025-02-26 17:49:21.881970,P3-Medium,Software,AGT-00001,30.01,24,True,False,5
INC-01080,2025-05-26 08:06:00,2025-05-26 17:34:32.793951,P2-High,Software,AGT-00015,9.48,8,True,False,5
INC-01081,2025-06-27 08:11:00,2025-06-27 23:23:38.818529,P3-Medium,Software,AGT-00015,15.21,24,False,False,5
INC-01082,2025-03-27 01:58:00,2025-03-27 17:10:21.378116,P3-Medium,Access Management,AGT-00005,15.21,24,False,False,4
INC-01083,2025-01-04 09:39:00,2025-01-05 01:04:36.910525,P3-Medium,Hardware,AGT-00007,15.43,24,False,False,2
INC-01084,2025-01-21 06:23:00,2025-01-21 20:09:07.024593,P2-High,Software,AGT-00003,13.77,8,True,False,1
INC-01085,2025-06-03 23:28:00,2025-06-04 20:31:19.741024,P3-Medium,Software,AGT-00003,21.06,24,False,False,3
INC-01086,2025-05-14 17:26:00,2025-05-15 14:52:25.199439,P3-Medium,Software,AGT-00009,21.44,24,False,False,3
INC-01087,2025-03-04 09:03:00,2025-03-04 14:06:38.040869,P1-Critical,Access Management,AGT-00003,5.06,4,True,False,3
INC-01088,2025-06-05 18:33:00,2025-06-06 01:53:08.743404,P2-High,Software,AGT-00008,7.34,8,False,False,4
INC-01089,2025-02-19 06:09:00,2025-02-19 08:37:54.896550,P1-Critical,Access Management,AGT-00001,2.48,4,False,False,2
INC-01090,2025-02-22 09:05:00,2025-02-22 14:53:45.991902,P2-High,Software,AGT-00010,5.81,8,False,False,4
INC-01091,2025-06-05 09:18:00,2025-06-05 15:32:57.824131,P2-High,Network,AGT-00005,6.25,8,False,False,5
INC-01092,2025-04-03 11:10:00,2025-04-03 17:32:10.999820,P2-High,Access Management,AGT-00005,6.37,8,False,False,4
INC-01093,2025-05-04 01:24:00,2025-05-05 01:13:15.730857,P3-Medium,Software,AGT-00002,23.82,24,False,False,2
INC-01094,2025-05-22 16:16:00,2025-05-24 19:18:20.103778,P4-Low,Hardware,AGT-00006,51.04,72,False,False,3
INC-01095,2025-03-27 08:30:00,2025-03-28 08:21:40.034224,P3-Medium,Software,AGT-00005,23.86,24,False,False,5
INC-01096,2025-04-06 12:59:00,2025-04-06 15:49:18.840623,P1-Critical,Access Management,AGT-00008,2.84,4,False,False,4
INC-01097,2025-05-31 06:56:00,2025-06-01 01:33:44.693481,P3-Medium,Software,AGT-00003,18.63,24,False,True,5
INC-01098,2025-04-22 21:49:00,2025-04-22 23:49:51.820285,P3-Medium,Software,AGT-00002,2.01,24,False,False,5
INC-01099,2025-06-28 06:24:00,2025-06-29 07:43:50.237031,P3-Medium,Software,AGT-00008,25.33,24,True,False,3
INC-01100,2025-06-11 15:01:00,2025-06-11 22:43:45.754796,P2-High,Network,AGT-00011,7.71,8,False,False,4
INC-01101,2025-03-07 09:37:00,2025-03-08 11:36:02.691164,P3-Medium,Software,AGT-00008,25.98,24,True,False,3
INC-01102,2025-04-09 11:37:00,2025-04-09 12:07:00.000000,P1-Critical,Access Management,AGT-00007,0.5,4,False,False,2
INC-01103,2025-04-20 09:19:00,2025-04-24 05:05:02.978744,P4-Low,Access Management,AGT-00002,91.77,72,True,False,2
INC-01104,2025-01-23 07:36:00,2025-01-25 06:48:29.546773,P4-Low,Software,AGT-00009,47.21,72,False,False,3
INC-01105,2025-04-12 15:00:00,2025-04-13 01:22:43.103491,P2-High,Access Management,AGT-00014,10.38,8,True,False,3
INC-01106,2025-05-15 11:18:00,2025-05-15 12:13:12.677325,P1-Critical,Network,AGT-00008,0.92,4,False,False,3
INC-01107,2025-02-16 12:07:00,2025-02-17 11:01:07.888466,P3-Medium,Access Management,AGT-00002,22.9,24,False,False,5
INC-01108,2025-02-19 09:57:00,2025-02-19 12:45:46.963904,P2-High,Network,AGT-00002,2.81,8,False,False,4
INC-01109,2025-01-21 10:24:00,2025-01-22 23:55:28.634830,P4-Low,Network,AGT-00007,37.52,72,False,False,2
INC-01110,2025-01-26 00:17:00,2025-01-26 07:06:41.025748,P1-Critical,Hardware,AGT-00005,6.83,4,True,False,1
INC-01111,2025-05-14 17:24:00,2025-05-15 09:52:28.346858,P3-Medium,Email/Comm,AGT-00001,16.47,24,False,False,5
INC-01112,2025-03-28 14:21:00,2025-03-30 20:41:55.166869,P4-Low,Email/Comm,AGT-00005,54.35,72,False,False,5
INC-01113,2025-06-20 11:39:00,2025-06-23 07:03:04.876610,P4-Low,Access Management,AGT-00014,67.4,72,False,False,4
INC-01114,2025-06-28 11:53:00,2025-06-29 09:50:55.638374,P3-Medium,Network,AGT-00005,21.97,24,False,False,2
INC-01115,2025-06-29 16:15:00,2025-06-30 11:27:12.064468,P3-Medium,Access Management,AGT-00003,19.2,24,False,False,4
INC-01116,2025-02-18 00:40:00,2025-02-18 21:35:10.876871,P3-Medium,Software,AGT-00004,20.92,24,False,False,5
INC-01117,2025-03-25 15:14:00,2025-03-25 23:02:24.592214,P1-Critical,Software,AGT-00001,7.81,4,True,False,2
INC-01118,2025-05-02 23:54:00,2025-05-03 17:26:20.578645,P3-Medium,Network,AGT-00005,17.54,24,False,False,2
INC-01119,2025-05-14 18:50:00,2025-05-15 14:26:31.652545,P3-Medium,Software,AGT-00008,19.61,24,False,False,4
INC-01120,2025-06-22 23:55:00,2025-06-23 10:05:38.245390,P2-High,Access Management,AGT-00003,10.18,8,True,False,4
INC-01121,2025-03-04 09:48:00,2025-03-07 09:54:37.867173,P4-Low,Software,AGT-00006,72.11,72,True,False,3
INC-01122,2025-03-25 19:49:00,2025-03-26 06:28:16.581850,P2-High,Email/Comm,AGT-00001,10.65,8,True,False,3
INC-01123,2025-06-20 08:34:00,2025-06-21 07:40:35.430394,P3-Medium,Email/Comm,AGT-00008,23.11,24,False,False,4
INC-01124,2025-05-28 16:38:00,2025-05-29 19:46:23.646283,P4-Low,Hardware,AGT-00002,27.14,72,False,False,3
INC-01125,2025-06-17 14:35:00,2025-06-21 01:15:07.070326,P4-Low,Access Management,AGT-00008,82.67,72,True,False,2
INC-01126,2025-01-29 07:47:00,2025-01-29 10:16:16.048048,P2-High,Hardware,AGT-00003,2.49,8,False,False,3
INC-01127,2025-03-22 21:36:00,2025-03-25 05:39:09.753497,P4-Low,Software,AGT-00002,56.05,72,False,False,3
INC-01128,2025-04-19 10:23:00,2025-04-19 22:20:56.855519,P3-Medium,Network,AGT-00004,11.97,24,False,False,5
INC-01129,2025-01-28 11:34:00,2025-01-28 17:50:31.856833,P2-High,Software,AGT-00007,6.28,8,False,False,3
INC-01130,2025-06-24 12:38:00,2025-06-26 21:12:30.893542,P4-Low,Hardware,AGT-00002,56.58,72,False,False,5
INC-01131,2025-03-23 10:44:00,2025-03-25 19:09:37.719512,P4-Low,Access Management,AGT-00001,56.43,72,False,False,5
INC-01132,2025-05-07 10:24:00,2025-05-08 07:46:31.317722,P3-Medium,Software,AGT-00011,21.38,24,False,False,5
INC-01133,2025-02-27 15:03:00,2025-02-28 03:11:52.761990,P2-High,Access Management,AGT-00012,12.15,8,True,False,3
INC-01134,2025-06-18 20:10:00,2025-06-21 07:14:14.469709,P4-Low,Access Management,AGT-00003,59.07,72,False,False,4
INC-01135,2025-04-11 11:33:00,2025-04-12 03:35:48.288904,P3-Medium,Software,AGT-00015,16.05,24,False,False,3
INC-01136,2025-01-25 08:48:00,2025-01-28 06:04:54.276117,P4-Low,Access Management,AGT-00006,69.28,72,False,False,5
INC-01137,2025-06-17 08:08:00,2025-06-17 18:47:47.328160,P2-High,Email/Comm,AGT-00003,10.66,8,True,False,2
INC-01138,2025-02-20 16:00:00,2025-02-21 17:26:52.237310,P4-Low,Hardware,AGT-00010,25.45,72,False,False,5
INC-01139,2025-04-07 21:27:00,2025-04-08 06:02:27.240880,P2-High,Access Management,AGT-00012,8.59,8,True,False,1
INC-01140,2025-01-14 08:32:00,2025-01-14 17:29:14.776553,P2-High,Software,AGT-00005,8.95,8,True,False,2
INC-01141,2025-01-09 08:25:00,2025-01-11 04:27:55.427758,P4-Low,Software,AGT-00004,44.05,72,False,False,4
INC-01142,2025-06-27 23:42:00,2025-07-01 05:12:50.890558,P4-Low,Software,AGT-00004,77.51,72,True,False,3
INC-01143,2025-06-17 12:00:00,2025-06-19 10:59:55.997734,P4-Low,Software,AGT-00003,47.0,72,False,False,2
INC-01144,2025-01-06 13:36:00,2025-01-07 08:36:16.601860,P3-Medium,Software,AGT-00006,19.0,24,False,False,4
INC-01145,2025-06-15 15:19:00,2025-06-15 21:12:39.295014,P2-High,Software,AGT-00004,5.89,8,False,False,2
INC-01146,2025-02-17 11:44:00,2025-02-17 18:17:16.296000,P2-High,Email/Comm,AGT-00010,6.55,8,False,True,4
INC-01147,2025-05-13 18:34:00,2025-05-14 03:47:47.277497,P3-Medium,Access Management,AGT-00005,9.23,24,False,False,5
INC-01148,2025-01-31 08:38:00,2025-01-31 10:05:35.358879,P2-High,Access Management,AGT-00015,1.46,8,False,False,1
INC-01149,2025-05-28 09:10:00,2025-05-29 15:55:21.745821,P3-Medium,Hardware,AGT-00001,30.76,24,True,False,2
INC-01150,2025-03-18 11:34:00,2025-03-19 20:37:38.782921,P4-Low,Network,AGT-00002,33.06,72,False,False,5
INC-01151,2025-05-13 19:18:00,2025-05-14 05:22:07.900336,P3-Medium,Hardware,AGT-00001,10.07,24,False,False,4
INC-01152,2025-04-01 14:32:00,2025-04-01 15:18:22.364728,P3-Medium,Software,AGT-00006,0.77,24,False,False,2
INC-01153,2025-03-18 18:13:00,2025-03-20 07:26:14.754166,P4-Low,Hardware,AGT-00002,37.22,72,False,False,4
INC-01154,2025-06-09 11:35:00,2025-06-09 13:27:09.068603,P2-High,Software,AGT-00002,1.87,8,False,False,4
INC-01155,2025-03-07 15:44:00,2025-03-11 02:34:25.091530,P4-Low,Software,AGT-00001,82.84,72,True,False,1
INC-01156,2025-06-15 09:23:00,2025-06-16 11:27:42.732173,P3-Medium,Hardware,AGT-00007,26.08,24,True,False,3
INC-01157,2025-03-22 23:27:00,2025-03-23 11:56:41.270059,P3-Medium,Network,AGT-00011,12.49,24,False,False,5
INC-01158,2025-06-25 13:04:00,2025-06-26 03:27:00.691147,P2-High,Hardware,AGT-00006,14.38,8,True,False,1
INC-01159,2025-02-27 10:06:00,2025-03-02 07:44:07.115063,P4-Low,Access Management,AGT-00002,69.64,72,False,False,5
INC-01160,2025-02-14 13:56:00,2025-02-15 05:20:04.856155,P3-Medium,Network,AGT-00014,15.4,24,False,False,5
INC-01161,2025-03-14 13:38:00,2025-03-14 14:08:00.000000,P3-Medium,Software,AGT-00008,0.5,24,False,False,1
INC-01162,2025-06-23 22:34:00,2025-06-25 10:53:39.146091,P3-Medium,Access Management,AGT-00002,36.33,24,True,False,4
INC-01163,2025-06-25 13:09:00,2025-06-25 20:02:00.312957,P3-Medium,Software,AGT-00003,6.88,24,False,False,2
INC-01164,2025-06-13 22:45:00,2025-06-14 03:35:12.516088,P3-Medium,Hardware,AGT-00013,4.84,24,False,False,4
INC-01165,2025-04-01 17:32:00,2025-04-02 19:42:50.028442,P3-Medium,Software,AGT-00005,26.18,24,True,False,5
INC-01166,2025-02-28 10:54:00,2025-03-02 00:25:04.869303,P3-Medium,Access Management,AGT-00014,37.52,24,True,False,2
INC-01167,2025-01-20 16:05:00,2025-01-23 21:46:07.642933,P4-Low,Access Management,AGT-00007,77.69,72,True,False,1
INC-01168,2025-01-03 21:27:00,2025-01-04 19:57:40.582658,P3-Medium,Software,AGT-00005,22.51,24,False,False,5
INC-01169,2025-06-23 19:44:00,2025-06-24 04:18:53.904705,P2-High,Software,AGT-00008,8.58,8,True,False,1
INC-01170,2025-04-19 15:47:00,2025-04-20 01:16:13.036041,P2-High,Access Management,AGT-00001,9.49,8,True,False,5
INC-01171,2025-05-16 15:02:00,2025-05-17 15:06:17.143386,P3-Medium,Email/Comm,AGT-00015,24.07,24,True,False,5
INC-01172,2025-02-27 08:23:00,2025-02-28 04:37:58.313010,P3-Medium,Access Management,AGT-00006,20.25,24,False,False,4
INC-01173,2025-04-06 22:21:00,2025-04-09 02:26:02.479485,P4-Low,Software,AGT-00004,52.08,72,False,False,3
INC-01174,2025-03-18 12:16:00,2025-03-19 05:45:57.317916,P3-Medium,Access Management,AGT-00002,17.5,24,False,False,5
INC-01175,2025-06-14 13:57:00,2025-06-15 01:55:05.819841,P3-Medium,Hardware,AGT-00003,11.97,24,False,True,4
INC-01176,2025-06-07 12:19:00,2025-06-08 04:04:16.557786,P3-Medium,Software,AGT-00004,15.75,24,False,False,1
INC-01177,2025-01-26 11:12:00,2025-01-27 03:20:27.109378,P4-Low,Network,AGT-00004,16.14,72,False,False,4
INC-01178,2025-02-09 16:16:00,2025-02-09 22:25:20.920702,P2-High,Network,AGT-00005,6.16,8,False,False,4
INC-01179,2025-03-10 07:28:00,2025-03-10 17:33:28.576114,P3-Medium,Software,AGT-00002,10.09,24,False,False,4
INC-01180,2025-02-20 07:18:00,2025-02-20 09:56:14.774603,P2-High,Access Management,AGT-00001,2.64,8,False,True,4
INC-01181,2025-02-20 21:42:00,2025-02-21 17:08:20.951553,P3-Medium,Email/Comm,AGT-00002,19.44,24,False,False,2
INC-01182,2025-02-02 10:48:00,2025-02-03 15:56:09.665847,P3-Medium,Software,AGT-00008,29.14,24,True,False,2
INC-01183,2025-02-03 07:06:00,2025-02-04 08:26:47.518253,P3-Medium,Access Management,AGT-00011,25.35,24,True,False,1
INC-01184,2025-01-14 15:21:00,2025-01-14 20:47:09.582616,P3-Medium,Network,AGT-00008,5.44,24,False,False,4
INC-01185,2025-01-22 16:15:00,2025-01-22 17:16:14.677417,P1-Critical,Software,AGT-00003,1.02,4,False,False,5
INC-01186,2025-03-09 23:15:00,2025-03-10 09:02:33.716969,P2-High,Hardware,AGT-00001,9.79,8,True,False,2
INC-01187,2025-05-09 14:12:00,2025-05-10 00:20:24.363066,P3-Medium,Access Management,AGT-00001,10.14,24,False,False,4
INC-01188,2025-01-10 10:12:00,2025-01-11 02:24:10.565280,P3-Medium,Hardware,AGT-00002,16.2,24,False,False,4
INC-01189,2025-04-15 13:44:00,2025-04-16 12:08:01.500452,P3-Medium,Network,AGT-00001,22.4,24,False,False,3
INC-01190,2025-06-14 06:07:00,2025-06-14 16:22:11.679700,P3-Medium,Software,AGT-00006,10.25,24,False,False,3
INC-01191,2025-01-13 08:00:00,2025-01-14 02:50:34.814577,P3-Medium,Software,AGT-00003,18.84,24,False,False,5
INC-01192,2025-01-26 11:16:00,2025-01-26 13:05:51.278764,P2-High,Software,AGT-00013,1.83,8,False,False,4
INC-01193,2025-05-22 16:08:00,2025-05-23 05:19:20.611854,P3-Medium,Network,AGT-00001,13.19,24,False,False,5
INC-01194,2025-04-06 09:17:00,2025-04-07 05:50:29.719703,P3-Medium,Access Management,AGT-00006,20.56,24,False,False,4
INC-01195,2025-01-31 05:58:00,2025-02-01 00:06:24.451186,P4-Low,Network,AGT-00009,18.14,72,False,False,5
INC-01196,2025-05-20 14:19:00,2025-05-20 22:21:29.981698,P2-High,Software,AGT-00001,8.04,8,True,False,5
INC-01197,2025-02-19 11:45:00,2025-02-19 18:10:52.563734,P2-High,Access Management,AGT-00001,6.43,8,False,False,5
INC-01198,2025-04-04 12:45:00,2025-04-07 01:47:59.276718,P4-Low,Email/Comm,AGT-00015,61.05,72,False,False,4
INC-01199,2025-01-06 08:17:00,2025-01-07 04:04:28.727061,P3-Medium,Software,AGT-00014,19.79,24,False,False,2
INC-01200,2025-06-27 09:52:00,2025-06-27 15:35:41.811096,P1-Critical,Software,AGT-00010,5.73,4,True,False,3
INC-01201,2025-05-11 11:49:00,2025-05-13 16:19:16.164191,P4-Low,Email/Comm,AGT-00002,52.5,72,False,False,4
INC-01202,2025-06-01 15:56:00,2025-06-01 20:55:49.490182,P2-High,Network,AGT-00006,5.0,8,False,False,4
INC-01203,2025-02-26 10:17:00,2025-02-27 05:15:42.168087,P3-Medium,Access Management,AGT-00003,18.98,24,False,False,3
INC-01204,2025-02-07 21:17:00,2025-02-08 01:22:11.745809,P1-Critical,Hardware,AGT-00001,4.09,4,True,False,2
INC-01205,2025-02-23 13:00:00,2025-02-25 15:58:37.925063,P4-Low,Software,AGT-00003,50.98,72,False,False,4
INC-01206,2025-05-21 09:08:00,2025-05-23 11:56:42.601767,P4-Low,Hardware,AGT-00014,50.81,72,False,False,4
INC-01207,2025-04-02 09:17:00,2025-04-02 21:40:02.639391,P3-Medium,Network,AGT-00011,12.38,24,False,False,5
INC-01208,2025-05-30 07:47:00,2025-05-30 20:28:48.453575,P3-Medium,Email/Comm,AGT-00010,12.7,24,False,False,5
INC-01209,2025-02-22 17:14:00,2025-02-23 00:00:44.968172,P3-Medium,Software,AGT-00007,6.78,24,False,False,3
INC-01210,2025-04-25 09:46:00,2025-04-26 17:45:47.810204,P3-Medium,Access Management,AGT-00004,32.0,24,True,False,1
INC-01211,2025-02-15 09:31:00,2025-02-15 17:33:56.738821,P3-Medium,Software,AGT-00005,8.05,24,False,False,3
INC-01212,2025-04-11 15:12:00,2025-04-12 03:39:24.330303,P3-Medium,Hardware,AGT-00013,12.46,24,False,False,2
INC-01213,2025-01-26 15:08:00,2025-01-26 19:07:08.068454,P2-High,Email/Comm,AGT-00015,3.99,8,False,False,5
INC-01214,2025-01-04 16:41:00,2025-01-05 17:50:33.822056,P3-Medium,Software,AGT-00001,25.16,24,True,False,1
INC-01215,2025-06-03 00:00:00,2025-06-04 20:06:03.623163,P4-Low,Hardware,AGT-00014,44.1,72,False,False,2
INC-01216,2025-02-21 08:48:00,2025-02-22 12:46:54.971693,P3-Medium,Hardware,AGT-00008,27.98,24,True,False,2
INC-01217,2025-01-15 13:17:00,2025-01-15 17:25:34.018135,P2-High,Hardware,AGT-00002,4.14,8,False,False,2
INC-01218,2025-05-11 19:26:00,2025-05-14 03:00:47.579680,P4-Low,Network,AGT-00003,55.58,72,False,False,5
INC-01219,2025-06-17 10:58:00,2025-06-17 12:17:45.501217,P1-Critical,Software,AGT-00002,1.33,4,False,False,4
INC-01220,2025-02-13 23:14:00,2025-02-17 20:08:10.737200,P4-Low,Access Management,AGT-00001,92.9,72,True,False,5
INC-01221,2025-01-22 19:38:00,2025-01-23 04:07:57.165532,P3-Medium,Software,AGT-00002,8.5,24,False,False,4
INC-01222,2025-06-20 15:39:00,2025-06-21 12:07:42.836455,P3-Medium,Network,AGT-00005,20.48,24,False,False,3
INC-01223,2025-03-09 17:45:00,2025-03-10 02:28:05.588700,P2-High,Email/Comm,AGT-00008,8.72,8,True,False,3
INC-01224,2025-02-07 10:24:00,2025-02-09 20:40:33.535017,P4-Low,Email/Comm,AGT-00010,58.28,72,False,False,5
INC-01225,2025-04-20 21:17:00,2025-04-22 19:34:39.288561,P4-Low,Access Management,AGT-00001,46.29,72,False,False,3
INC-01226,2025-05-07 11:44:00,2025-05-07 17:46:44.259183,P2-High,Access Management,AGT-00004,6.05,8,False,False,4
INC-01227,2025-03-04 11:35:00,2025-03-05 05:56:01.770393,P3-Medium,Network,AGT-00014,18.35,24,False,False,4
INC-01228,2025-05-29 15:33:00,2025-05-30 08:22:26.342353,P3-Medium,Access Management,AGT-00004,16.82,24,False,False,4
INC-01229,2025-01-01 09:54:00,2025-01-02 11:36:39.718564,P3-Medium,Access Management,AGT-00003,25.71,24,True,True,2
INC-01230,2025-03-31 11:54:00,2025-04-04 10:06:37.656115,P4-Low,Email/Comm,AGT-00001,94.21,72,True,False,3
INC-01231,2025-04-18 09:52:00,2025-04-18 23:24:24.236592,P3-Medium,Network,AGT-00012,13.54,24,False,False,5
INC-01232,2025-01-07 15:27:00,2025-01-07 17:09:20.482457,P2-High,Software,AGT-00002,1.71,8,False,False,5
INC-01233,2025-02-10 03:23:00,2025-02-10 20:40:37.477007,P3-Medium,Network,AGT-00011,17.29,24,False,False,3
INC-01234,2025-02-16 12:08:00,2025-02-16 20:17:33.907231,P1-Critical,Access Management,AGT-00004,8.16,4,True,False,3
INC-01235,2025-06-15 15:18:00,2025-06-16 02:52:14.172442,P3-Medium,Software,AGT-00003,11.57,24,False,False,2
INC-01236,2025-02-11 00:53:00,2025-02-12 07:59:46.563997,P3-Medium,Software,AGT-00002,31.11,24,True,False,4
INC-01237,2025-05-27 12:45:00,2025-05-28 20:10:17.783445,P3-Medium,Access Management,AGT-00003,31.42,24,True,False,4
INC-01238,2025-02-02 16:25:00,2025-02-03 05:59:16.658639,P3-Medium,Network,AGT-00004,13.57,24,False,False,3
INC-01239,2025-01-20 17:29:00,2025-01-21 01:58:29.186798,P2-High,Access Management,AGT-00006,8.49,8,True,False,3
INC-01240,2025-04-06 14:12:00,2025-04-07 21:13:37.822746,P3-Medium,Software,AGT-00001,31.03,24,True,False,1
INC-01241,2025-03-03 10:34:00,2025-03-04 01:32:01.121060,P3-Medium,Access Management,AGT-00003,14.97,24,False,False,3
INC-01242,2025-02-21 14:02:00,2025-02-21 16:37:34.221407,P1-Critical,Email/Comm,AGT-00002,2.59,4,False,False,2
INC-01243,2025-05-04 05:20:00,2025-05-04 18:40:47.589678,P3-Medium,Network,AGT-00015,13.35,24,False,False,3
INC-01244,2025-05-09 09:48:00,2025-05-10 15:30:17.515390,P4-Low,Access Management,AGT-00014,29.7,72,False,False,4
INC-01245,2025-05-09 07:51:00,2025-05-09 12:04:39.102932,P2-High,Software,AGT-00003,4.23,8,False,False,1
INC-01246,2025-01-10 10:09:00,2025-01-11 11:40:16.300793,P4-Low,Software,AGT-00012,25.52,72,False,False,2
INC-01247,2025-02-25 17:41:00,2025-02-26 11:57:21.603886,P3-Medium,Email/Comm,AGT-00003,18.27,24,False,False,5
INC-01248,2025-06-05 14:59:00,2025-06-07 01:35:01.927364,P4-Low,Software,AGT-00015,34.6,72,False,False,4
INC-01249,2025-04-21 04:45:00,2025-04-21 12:04:05.702489,P2-High,Hardware,AGT-00007,7.32,8,False,False,4
INC-01250,2025-02-09 13:31:00,2025-02-09 14:34:15.714858,P2-High,Software,AGT-00001,1.05,8,False,False,1
INC-01251,2025-01-23 12:29:00,2025-01-25 21:06:03.376719,P4-Low,Hardware,AGT-00012,56.62,72,False,False,5
INC-01252,2025-01-23 06:45:00,2025-01-23 16:10:02.464916,P2-High,Hardware,AGT-00004,9.42,8,True,False,2
INC-01253,2025-06-16 20:07:00,2025-06-16 22:10:00.413494,P3-Medium,Hardware,AGT-00012,2.05,24,False,False,4
INC-01254,2025-06-08 20:08:00,2025-06-09 17:07:32.829212,P3-Medium,Hardware,AGT-00004,20.99,24,False,False,4
INC-01255,2025-04-16 12:16:00,2025-04-17 16:05:16.866983,P3-Medium,Hardware,AGT-00001,27.82,24,True,False,5
INC-01256,2025-03-04 15:35:00,2025-03-04 16:09:50.584665,P1-Critical,Email/Comm,AGT-00001,0.58,4,False,True,5
INC-01257,2025-01-19 09:55:00,2025-01-20 17:17:50.084741,P3-Medium,Network,AGT-00004,31.38,24,True,False,1
INC-01258,2025-04-30 07:11:00,2025-05-01 04:32:07.747470,P3-Medium,Software,AGT-00013,21.35,24,False,False,5
INC-01259,2025-03-26 06:21:00,2025-03-27 18:14:59.146385,P4-Low,Access Management,AGT-00002,35.9,72,False,False,4
INC-01260,2025-01-10 13:30:00,2025-01-11 07:03:13.850563,P3-Medium,Software,AGT-00003,17.55,24,False,False,3
INC-01261,2025-01-16 20:23:00,2025-01-17 18:50:59.815081,P3-Medium,Email/Comm,AGT-00010,22.47,24,False,False,5
INC-01262,2025-06-25 11:16:00,2025-06-25 18:01:57.667932,P2-High,Hardware,AGT-00001,6.77,8,False,False,2
INC-01263,2025-04-26 18:33:00,2025-04-27 02:56:08.325505,P2-High,Software,AGT-00003,8.39,8,True,False,4
INC-01264,2025-04-20 10:48:00,2025-04-20 14:04:39.512727,P2-High,Network,AGT-00013,3.28,8,False,False,3
INC-01265,2025-02-11 22:27:00,2025-02-14 03:50:13.979331,P4-Low,Software,AGT-00006,53.39,72,False,False,4
INC-01266,2025-06-02 09:46:00,2025-06-02 16:27:25.022489,P3-Medium,Network,AGT-00010,6.69,24,False,False,4
INC-01267,2025-03-23 00:57:00,2025-03-23 18:03:36.689433,P3-Medium,Email/Comm,AGT-00014,17.11,24,False,False,2
INC-01268,2025-04-15 09:46:00,2025-04-16 17:41:18.649815,P4-Low,Network,AGT-00015,31.92,72,False,True,4
INC-01269,2025-05-29 07:13:00,2025-05-30 18:30:21.844134,P4-Low,Network,AGT-00005,35.29,72,False,False,3
INC-01270,2025-02-25 10:12:00,2025-02-26 14:05:19.483446,P3-Medium,Access Management,AGT-00007,27.89,24,True,False,2
INC-01271,2025-03-20 12:55:00,2025-03-20 18:05:57.432868,P1-Critical,Access Management,AGT-00001,5.18,4,True,False,2
INC-01272,2025-05-19 11:48:00,2025-05-22 01:58:57.944705,P4-Low,Software,AGT-00004,62.18,72,False,False,5
INC-01273,2025-02-11 13:24:00,2025-02-11 22:39:41.392377,P3-Medium,Software,AGT-00006,9.26,24,False,False,4
INC-01274,2025-01-26 23:51:00,2025-01-27 15:19:07.436649,P3-Medium,Software,AGT-00008,15.47,24,False,False,2
INC-01275,2025-06-09 20:06:00,2025-06-10 01:31:34.303440,P1-Critical,Email/Comm,AGT-00001,5.43,4,True,False,2
INC-01276,2025-02-24 09:29:00,2025-02-26 14:19:03.617782,P4-Low,Software,AGT-00012,52.83,72,False,False,2
INC-01277,2025-04-29 11:52:00,2025-05-03 12:15:11.726879,P4-Low,Email/Comm,AGT-00004,96.39,72,True,False,3
INC-01278,2025-05-10 10:56:00,2025-05-11 08:04:47.553775,P3-Medium,Email/Comm,AGT-00010,21.15,24,False,False,3
INC-01279,2025-01-02 19:26:00,2025-01-05 01:16:27.536387,P4-Low,Email/Comm,AGT-00008,53.84,72,False,True,1
INC-01280,2025-06-03 10:10:00,2025-06-05 05:59:03.614577,P4-Low,Access Management,AGT-00006,43.82,72,False,False,5
INC-01281,2025-06-14 11:03:00,2025-06-14 18:01:02.615400,P2-High,Email/Comm,AGT-00002,6.97,8,False,False,4
INC-01282,2025-02-14 11:20:00,2025-02-14 17:17:58.880062,P2-High,Software,AGT-00015,5.97,8,False,False,4
INC-01283,2025-06-11 13:25:00,2025-06-11 22:23:42.169326,P2-High,Access Management,AGT-00006,8.98,8,True,False,3
INC-01284,2025-02-22 07:01:00,2025-02-23 08:40:13.026724,P3-Medium,Software,AGT-00014,25.65,24,True,False,3
INC-01285,2025-01-21 13:01:00,2025-01-22 00:43:43.503537,P3-Medium,Network,AGT-00008,11.71,24,False,False,2
INC-01286,2025-03-03 14:14:00,2025-03-03 21:35:00.490938,P3-Medium,Software,AGT-00004,7.35,24,False,False,4
INC-01287,2025-03-08 14:17:00,2025-03-08 14:47:00.000000,P2-High,Access Management,AGT-00010,0.5,8,False,False,2
INC-01288,2025-01-29 12:38:00,2025-01-29 16:38:57.537554,P1-Critical,Email/Comm,AGT-00012,4.02,4,True,False,1
INC-01289,2025-04-03 20:13:00,2025-04-04 05:23:23.041742,P3-Medium,Network,AGT-00001,9.17,24,False,False,4
INC-01290,2025-01-20 09:26:00,2025-01-20 09:56:00.000000,P1-Critical,Network,AGT-00014,0.5,4,False,False,3
INC-01291,2025-01-03 19:42:00,2025-01-06 05:28:17.659526,P4-Low,Access Management,AGT-00002,57.77,72,False,False,4
INC-01292,2025-05-04 23:38:00,2025-05-05 07:37:09.596526,P1-Critical,Email/Comm,AGT-00015,7.99,4,True,False,1
INC-01293,2025-01-08 13:33:00,2025-01-09 07:30:05.157748,P3-Medium,Email/Comm,AGT-00002,17.95,24,False,False,3
INC-01294,2025-03-25 08:05:00,2025-03-28 02:51:11.335761,P4-Low,Network,AGT-00002,66.77,72,False,False,5
INC-01295,2025-03-31 15:41:00,2025-04-01 10:20:16.685526,P3-Medium,Software,AGT-00014,18.65,24,False,False,5
INC-01296,2025-02-19 09:12:00,2025-02-20 02:24:31.977988,P3-Medium,Software,AGT-00004,17.21,24,False,False,5
INC-01297,2025-05-31 10:50:00,2025-06-01 12:11:09.402710,P3-Medium,Software,AGT-00007,25.35,24,True,False,3
INC-01298,2025-03-11 17:39:00,2025-03-12 09:19:40.093127,P3-Medium,Software,AGT-00007,15.68,24,False,False,4
INC-01299,2025-01-17 12:56:00,2025-01-17 20:22:09.143157,P2-High,Software,AGT-00013,7.44,8,False,True,4
INC-01300,2025-06-15 21:33:00,2025-06-16 18:07:24.896818,P3-Medium,Hardware,AGT-00011,20.57,24,False,False,1
INC-01301,2025-04-02 09:13:00,2025-04-02 13:22:42.060284,P2-High,Hardware,AGT-00010,4.16,8,False,False,4
INC-01302,2025-01-03 15:13:00,2025-01-06 13:03:27.049167,P4-Low,Network,AGT-00003,69.84,72,False,False,5
INC-01303,2025-06-04 09:13:00,2025-06-06 07:43:02.897518,P4-Low,Software,AGT-00004,46.5,72,False,False,3
INC-01304,2025-01-20 13:41:00,2025-01-21 01:38:14.539407,P3-Medium,Access Management,AGT-00012,11.95,24,False,False,5
INC-01305,2025-05-07 12:17:00,2025-05-08 10:34:31.483495,P3-Medium,Hardware,AGT-00002,22.29,24,False,False,2
INC-01306,2025-05-28 01:01:00,2025-05-28 04:22:19.303429,P2-High,Hardware,AGT-00004,3.36,8,False,False,5
INC-01307,2025-04-14 04:34:00,2025-04-16 07:07:49.043331,P4-Low,Email/Comm,AGT-00003,50.56,72,False,False,1
INC-01308,2025-04-17 15:17:00,2025-04-18 09:12:37.372897,P3-Medium,Network,AGT-00001,17.93,24,False,False,3
INC-01309,2025-01-13 11:44:00,2025-01-13 22:02:02.284129,P2-High,Access Management,AGT-00005,10.3,8,True,False,2
INC-01310,2025-06-08 07:14:00,2025-06-09 05:01:51.309107,P3-Medium,Email/Comm,AGT-00011,21.8,24,False,True,1
INC-01311,2025-04-22 09:05:00,2025-04-22 15:29:44.660320,P2-High,Hardware,AGT-00008,6.41,8,False,False,5
INC-01312,2025-06-26 18:16:00,2025-06-27 18:48:31.669417,P3-Medium,Email/Comm,AGT-00015,24.54,24,True,False,1
INC-01313,2025-06-26 14:51:00,2025-06-26 20:37:49.494353,P1-Critical,Hardware,AGT-00003,5.78,4,True,False,3
INC-01314,2025-03-23 18:48:00,2025-03-26 07:57:22.342057,P4-Low,Software,AGT-00002,61.16,72,False,False,5
INC-01315,2025-05-14 13:36:00,2025-05-16 15:48:25.388629,P4-Low,Software,AGT-00008,50.21,72,False,False,4
INC-01316,2025-01-24 09:18:00,2025-01-24 16:48:19.116508,P3-Medium,Access Management,AGT-00005,7.51,24,False,False,4
INC-01317,2025-02-22 15:04:00,2025-02-23 19:45:51.816259,P4-Low,Hardware,AGT-00007,28.7,72,False,False,2
INC-01318,2025-02-18 12:21:00,2025-02-18 14:44:22.382129,P1-Critical,Hardware,AGT-00011,2.39,4,False,False,4
INC-01319,2025-03-21 15:41:00,2025-03-22 04:48:26.048578,P3-Medium,Access Management,AGT-00009,13.12,24,False,False,4
INC-01320,2025-04-26 18:32:00,2025-04-28 16:47:38.066185,P4-Low,Hardware,AGT-00004,46.26,72,False,False,4
INC-01321,2025-05-28 14:09:00,2025-05-28 20:50:53.789054,P2-High,Software,AGT-00008,6.7,8,False,False,2
INC-01322,2025-03-10 02:42:00,2025-03-10 11:03:14.128705,P2-High,Network,AGT-00005,8.35,8,True,False,2
INC-01323,2025-02-24 08:32:00,2025-02-24 14:47:11.715396,P2-High,Software,AGT-00004,6.25,8,False,False,3
INC-01324,2025-04-08 16:27:00,2025-04-09 14:20:31.247342,P3-Medium,Software,AGT-00001,21.89,24,False,False,3
INC-01325,2025-05-13 11:43:00,2025-05-13 18:26:32.377627,P2-High,Hardware,AGT-00007,6.73,8,False,True,3
INC-01326,2025-05-28 09:04:00,2025-05-28 09:34:00.000000,P2-High,Network,AGT-00013,0.5,8,False,False,3
INC-01327,2025-04-11 07:46:00,2025-04-12 14:58:47.851645,P4-Low,Software,AGT-00004,31.21,72,False,False,4
INC-01328,2025-06-13 10:38:00,2025-06-14 03:28:50.278395,P3-Medium,Network,AGT-00002,16.85,24,False,False,1
INC-01329,2025-03-20 18:44:00,2025-03-20 20:59:57.846240,P2-High,Email/Comm,AGT-00007,2.27,8,False,False,3
INC-01330,2025-02-06 21:42:00,2025-02-07 06:17:59.101998,P2-High,Network,AGT-00013,8.6,8,True,False,2
INC-01331,2025-06-23 16:00:00,2025-06-24 03:51:27.460488,P2-High,Hardware,AGT-00001,11.86,8,True,False,5
INC-01332,2025-01-29 05:01:00,2025-01-30 08:46:00.341329,P3-Medium,Software,AGT-00003,27.75,24,True,False,5
INC-01333,2025-02-07 16:06:00,2025-02-09 13:49:52.113293,P4-Low,Software,AGT-00002,45.73,72,False,False,5
INC-01334,2025-03-07 15:16:00,2025-03-08 21:11:32.912741,P3-Medium,Access Management,AGT-00015,29.93,24,True,False,1
INC-01335,2025-06-19 18:57:00,2025-06-20 14:08:21.622767,P3-Medium,Access Management,AGT-00013,19.19,24,False,False,4
INC-01336,2025-02-07 22:54:00,2025-02-08 14:12:11.924032,P3-Medium,Software,AGT-00007,15.3,24,False,False,5
INC-01337,2025-06-28 22:23:00,2025-06-29 11:28:34.003290,P3-Medium,Network,AGT-00007,13.09,24,False,False,2
INC-01338,2025-03-12 19:43:00,2025-03-14 15:40:02.182573,P4-Low,Software,AGT-00001,43.95,72,False,False,5
INC-01339,2025-06-23 10:21:00,2025-06-25 04:35:11.269065,P4-Low,Access Management,AGT-00002,42.24,72,False,False,4
INC-01340,2025-05-14 15:53:00,2025-05-16 21:17:29.968011,P4-Low,Hardware,AGT-00001,53.41,72,False,False,4
INC-01341,2025-03-15 07:00:00,2025-03-16 02:17:04.530654,P3-Medium,Email/Comm,AGT-00010,19.28,24,False,False,4
INC-01342,2025-06-09 13:10:00,2025-06-10 07:11:27.725380,P3-Medium,Network,AGT-00015,18.02,24,False,False,3
INC-01343,2025-03-14 17:07:00,2025-03-17 03:51:19.548222,P4-Low,Network,AGT-00001,58.74,72,False,False,3
INC-01344,2025-03-06 08:56:00,2025-03-07 12:27:30.612714,P3-Medium,Software,AGT-00001,27.53,24,True,False,4
INC-01345,2025-01-23 15:09:00,2025-01-24 16:44:47.159101,P3-Medium,Access Management,AGT-00002,25.6,24,True,False,1
INC-01346,2025-05-02 20:15:00,2025-05-03 02:22:14.938509,P3-Medium,Network,AGT-00002,6.12,24,False,False,4
INC-01347,2025-03-08 20:38:00,2025-03-08 21:08:00.000000,P3-Medium,Email/Comm,AGT-00001,0.5,24,False,False,4
INC-01348,2025-06-24 16:16:00,2025-06-25 17:44:28.413444,P3-Medium,Hardware,AGT-00007,25.47,24,True,False,2
INC-01349,2025-06-10 12:11:00,2025-06-10 19:14:53.893486,P3-Medium,Network,AGT-00006,7.06,24,False,False,5
INC-01350,2025-03-22 12:43:00,2025-03-23 04:55:06.756425,P3-Medium,Network,AGT-00005,16.2,24,False,False,4
INC-01351,2025-01-08 20:01:00,2025-01-09 04:39:20.744849,P3-Medium,Software,AGT-00004,8.64,24,False,False,4
INC-01352,2025-03-04 13:23:00,2025-03-05 03:20:37.408494,P4-Low,Software,AGT-00003,13.96,72,False,False,4
INC-01353,2025-04-11 08:42:00,2025-04-12 07:01:54.126572,P3-Medium,Hardware,AGT-00009,22.33,24,False,True,5
INC-01354,2025-01-15 09:41:00,2025-01-18 02:51:59.171542,P4-Low,Software,AGT-00001,65.18,72,False,False,4
INC-01355,2025-01-16 08:37:00,2025-01-17 23:05:11.251148,P4-Low,Software,AGT-00008,38.47,72,False,False,5
INC-01356,2025-05-07 08:57:00,2025-05-07 09:27:00.000000,P2-High,Hardware,AGT-00002,0.5,8,False,False,5
INC-01357,2025-01-02 17:39:00,2025-01-03 07:16:48.159890,P3-Medium,Hardware,AGT-00015,13.63,24,False,False,2
INC-01358,2025-01-25 09:06:00,2025-01-25 12:53:00.988839,P1-Critical,Software,AGT-00002,3.78,4,False,False,5
INC-01359,2025-04-14 12:11:00,2025-04-14 18:21:07.346819,P3-Medium,Network,AGT-00002,6.17,24,False,False,5
INC-01360,2025-06-18 14:27:00,2025-06-19 09:55:00.765690,P3-Medium,Access Management,AGT-00008,19.47,24,False,False,1
INC-01361,2025-05-11 16:34:00,2025-05-11 23:00:47.095900,P2-High,Access Management,AGT-00003,6.45,8,False,False,4
INC-01362,2025-04-05 15:25:00,2025-04-06 14:03:03.595189,P3-Medium,Network,AGT-00007,22.63,24,False,False,5
INC-01363,2025-03-14 12:36:00,2025-03-15 07:33:23.914610,P3-Medium,Access Management,AGT-00002,18.96,24,False,False,4
INC-01364,2025-04-24 05:58:00,2025-04-24 07:01:13.903626,P1-Critical,Software,AGT-00008,1.05,4,False,False,2
INC-01365,2025-02-10 10:54:00,2025-02-13 12:49:53.148120,P4-Low,Software,AGT-00001,73.93,72,True,False,1
INC-01366,2025-02-14 14:22:00,2025-02-16 13:11:45.870742,P4-Low,Software,AGT-00006,46.83,72,False,False,4
INC-01367,2025-06-18 10:25:00,2025-06-19 04:11:53.629262,P3-Medium,Access Management,AGT-00002,17.78,24,False,False,5
INC-01368,2025-02-16 13:59:00,2025-02-17 00:31:01.882779,P3-Medium,Email/Comm,AGT-00007,10.53,24,False,False,4
INC-01369,2025-05-29 10:39:00,2025-05-30 01:06:13.471166,P3-Medium,Software,AGT-00007,14.45,24,False,False,2
INC-01370,2025-06-20 07:59:00,2025-06-20 09:12:49.420459,P1-Critical,Access Management,AGT-00003,1.23,4,False,False,3
INC-01371,2025-03-02 07:56:00,2025-03-02 13:49:40.879645,P2-High,Access Management,AGT-00013,5.89,8,False,False,5
INC-01372,2025-06-06 09:02:00,2025-06-09 21:16:03.010570,P4-Low,Software,AGT-00001,84.23,72,True,False,1
INC-01373,2025-02-14 10:44:00,2025-02-15 09:17:43.117709,P4-Low,Software,AGT-00011,22.56,72,False,False,2
INC-01374,2025-05-06 11:18:00,2025-05-06 16:23:29.431741,P3-Medium,Software,AGT-00002,5.09,24,False,False,5
INC-01375,2025-01-23 13:40:00,2025-01-24 19:26:09.705432,P3-Medium,Software,AGT-00010,29.77,24,True,False,1
INC-01376,2025-04-15 13:55:00,2025-04-15 16:29:52.869525,P1-Critical,Network,AGT-00001,2.58,4,False,False,3
INC-01377,2025-05-08 09:13:00,2025-05-08 21:51:50.705127,P3-Medium,Email/Comm,AGT-00007,12.65,24,False,False,4
INC-01378,2025-02-05 17:28:00,2025-02-06 19:47:09.254997,P3-Medium,Software,AGT-00006,26.32,24,True,False,2
INC-01379,2025-03-18 07:31:00,2025-03-18 11:53:49.244199,P2-High,Network,AGT-00010,4.38,8,False,False,4
INC-01380,2025-03-06 11:22:00,2025-03-07 19:58:29.079750,P3-Medium,Hardware,AGT-00014,32.61,24,True,False,4
INC-01381,2025-05-13 20:32:00,2025-05-16 12:05:30.662736,P4-Low,Network,AGT-00006,63.56,72,False,False,4
INC-01382,2025-03-09 14:02:00,2025-03-10 04:07:48.151445,P3-Medium,Access Management,AGT-00007,14.1,24,False,False,3
INC-01383,2025-05-21 17:21:00,2025-05-23 04:36:30.476542,P3-Medium,Access Management,AGT-00002,35.26,24,True,False,3
INC-01384,2025-05-25 19:44:00,2025-05-27 09:37:08.525544,P4-Low,Hardware,AGT-00001,37.89,72,False,False,5
INC-01385,2025-06-06 20:56:00,2025-06-07 20:52:12.346714,P3-Medium,Network,AGT-00004,23.94,24,False,False,5
INC-01386,2025-05-10 09:22:00,2025-05-11 05:45:39.626316,P3-Medium,Network,AGT-00001,20.39,24,False,False,3
INC-01387,2025-01-15 02:50:00,2025-01-18 06:52:05.372837,P4-Low,Email/Comm,AGT-00001,76.03,72,True,False,2
INC-01388,2025-05-22 12:24:00,2025-05-25 21:37:48.806164,P4-Low,Software,AGT-00009,81.23,72,True,False,3
INC-01389,2025-04-23 08:39:00,2025-04-24 02:54:21.719493,P3-Medium,Software,AGT-00002,18.26,24,False,False,4
INC-01390,2025-03-01 07:00:00,2025-03-01 10:51:46.934834,P2-High,Software,AGT-00001,3.86,8,False,False,5
INC-01391,2025-01-04 18:15:00,2025-01-07 05:26:57.994292,P4-Low,Access Management,AGT-00006,59.2,72,False,False,2
INC-01392,2025-03-31 14:56:00,2025-03-31 19:03:40.786341,P2-High,Network,AGT-00001,4.13,8,False,False,3
INC-01393,2025-01-20 07:34:00,2025-01-21 17:40:25.552729,P3-Medium,Software,AGT-00002,34.11,24,True,False,3
INC-01394,2025-04-24 15:23:00,2025-04-26 20:06:50.543838,P4-Low,Access Management,AGT-00012,52.73,72,False,False,3
INC-01395,2025-06-28 13:06:00,2025-06-29 04:10:38.739322,P3-Medium,Software,AGT-00003,15.08,24,False,False,5
INC-01396,2025-02-22 20:53:00,2025-02-23 16:21:38.792809,P3-Medium,Software,AGT-00003,19.48,24,False,False,3
INC-01397,2025-02-06 04:15:00,2025-02-06 11:28:22.762862,P3-Medium,Hardware,AGT-00004,7.22,24,False,False,4
INC-01398,2025-01-09 09:37:00,2025-01-09 19:50:37.515691,P3-Medium,Network,AGT-00005,10.23,24,False,False,5
INC-01399,2025-05-07 01:24:00,2025-05-07 12:06:05.215240,P2-High,Hardware,AGT-00007,10.7,8,True,False,1
INC-01400,2025-01-14 14:02:00,2025-01-14 18:14:03.132085,P2-High,Network,AGT-00005,4.2,8,False,False,3
INC-01401,2025-03-09 17:37:00,2025-03-09 18:31:22.240925,P1-Critical,Software,AGT-00013,0.91,4,False,False,1
INC-01402,2025-01-15 17:35:00,2025-01-16 15:52:35.599273,P3-Medium,Software,AGT-00012,22.29,24,False,False,5
INC-01403,2025-04-29 11:46:00,2025-04-30 15:15:08.279654,P3-Medium,Access Management,AGT-00014,27.49,24,True,False,2
INC-01404,2025-03-02 08:00:00,2025-03-02 17:00:58.811714,P2-High,Software,AGT-00009,9.02,8,True,False,3
INC-01405,2025-03-17 10:25:00,2025-03-18 12:23:06.173351,P3-Medium,Email/Comm,AGT-00010,25.97,24,True,True,2
INC-01406,2025-06-05 00:19:00,2025-06-05 12:15:44.301449,P3-Medium,Hardware,AGT-00007,11.95,24,False,False,3
INC-01407,2025-04-23 00:02:00,2025-04-23 06:39:31.852798,P3-Medium,Network,AGT-00005,6.63,24,False,False,4
INC-01408,2025-01-21 10:39:00,2025-01-24 18:40:36.022941,P4-Low,Hardware,AGT-00001,80.03,72,True,False,5
INC-01409,2025-03-08 18:08:00,2025-03-09 09:33:06.820641,P3-Medium,Hardware,AGT-00010,15.42,24,False,False,3
INC-01410,2025-06-17 04:43:00,2025-06-19 01:42:00.022815,P4-Low,Software,AGT-00003,44.98,72,False,False,4
INC-01411,2025-03-08 22:01:00,2025-03-10 02:38:31.991285,P3-Medium,Software,AGT-00002,28.63,24,True,False,4
INC-01412,2025-03-31 07:32:00,2025-04-01 05:58:59.424271,P3-Medium,Access Management,AGT-00007,22.45,24,False,False,4
INC-01413,2025-06-24 11:41:00,2025-06-24 19:46:44.185928,P2-High,Hardware,AGT-00004,8.1,8,True,False,2
INC-01414,2025-04-15 19:23:00,2025-04-16 02:42:48.016883,P1-Critical,Software,AGT-00004,7.33,4,True,False,5
INC-01415,2025-02-08 20:01:00,2025-02-09 08:52:06.674965,P3-Medium,Network,AGT-00001,12.85,24,False,False,3
INC-01416,2025-05-29 15:13:00,2025-05-30 16:38:21.795689,P3-Medium,Access Management,AGT-00009,25.42,24,True,False,2
INC-01417,2025-06-16 07:04:00,2025-06-17 01:31:21.977997,P3-Medium,Network,AGT-00009,18.46,24,False,False,5
INC-01418,2025-04-18 13:07:00,2025-04-19 09:15:55.457631,P3-Medium,Email/Comm,AGT-00007,20.15,24,False,False,4
INC-01419,2025-04-23 10:12:00,2025-04-23 22:02:58.702173,P2-High,Software,AGT-00006,11.85,8,True,False,2
INC-01420,2025-04-03 09:20:00,2025-04-03 17:36:38.730529,P2-High,Hardware,AGT-00009,8.28,8,True,False,1
INC-01421,2025-04-03 07:35:00,2025-04-03 15:58:02.530596,P2-High,Access Management,AGT-00012,8.38,8,True,False,4
INC-01422,2025-04-18 09:52:00,2025-04-19 12:26:48.211315,P3-Medium,Software,AGT-00005,26.58,24,True,False,1
INC-01423,2025-05-30 15:38:00,2025-05-31 06:42:49.361389,P3-Medium,Access Management,AGT-00004,15.08,24,False,False,3
INC-01424,2025-02-07 13:40:00,2025-02-08 00:57:10.761581,P3-Medium,Network,AGT-00004,11.29,24,False,False,3
INC-01425,2025-04-18 09:35:00,2025-04-18 12:25:35.404155,P2-High,Software,AGT-00002,2.84,8,False,False,4
INC-01426,2025-01-07 15:04:00,2025-01-07 15:34:00.000000,P2-High,Access Management,AGT-00011,0.5,8,False,False,5
INC-01427,2025-04-13 15:15:00,2025-04-17 10:22:26.913356,P4-Low,Email/Comm,AGT-00004,91.12,72,True,False,1
INC-01428,2025-06-07 07:46:00,2025-06-08 11:42:08.997668,P4-Low,Access Management,AGT-00007,27.94,72,False,True,5
INC-01429,2025-04-26 16:27:00,2025-04-27 08:40:47.895641,P3-Medium,Software,AGT-00004,16.23,24,False,False,4
INC-01430,2025-05-11 07:57:00,2025-05-11 13:28:52.152421,P2-High,Network,AGT-00009,5.53,8,False,True,4
INC-01431,2025-02-15 12:37:00,2025-02-16 09:04:33.312897,P3-Medium,Software,AGT-00003,20.46,24,False,False,5
INC-01432,2025-05-13 19:37:00,2025-05-14 04:58:18.288878,P2-High,Software,AGT-00001,9.36,8,True,False,4
INC-01433,2025-02-06 05:47:00,2025-02-07 06:40:01.636465,P3-Medium,Software,AGT-00009,24.88,24,True,False,3
INC-01434,2025-03-22 07:18:00,2025-03-22 20:38:07.369769,P3-Medium,Hardware,AGT-00012,13.34,24,False,False,3
INC-01435,2025-03-08 23:48:00,2025-03-09 16:27:46.894643,P3-Medium,Hardware,AGT-00002,16.66,24,False,False,3
INC-01436,2025-05-11 16:01:00,2025-05-12 12:16:38.302574,P3-Medium,Network,AGT-00006,20.26,24,False,False,1
INC-01437,2025-05-06 17:01:00,2025-05-08 14:02:34.238915,P4-Low,Software,AGT-00002,45.03,72,False,False,3
INC-01438,2025-02-02 17:18:00,2025-02-06 03:26:48.881473,P4-Low,Software,AGT-00005,82.15,72,True,False,3
INC-01439,2025-05-07 09:55:00,2025-05-09 21:44:10.196518,P4-Low,Network,AGT-00013,59.82,72,False,False,3
INC-01440,2025-02-26 16:20:00,2025-02-27 16:12:44.480238,P3-Medium,Email/Comm,AGT-00010,23.88,24,False,False,3
INC-01441,2025-01-19 15:20:00,2025-01-20 14:38:10.980538,P3-Medium,Access Management,AGT-00008,23.3,24,False,False,1
INC-01442,2025-02-18 18:42:00,2025-02-19 05:18:25.770604,P2-High,Access Management,AGT-00006,10.61,8,True,False,3
INC-01443,2025-05-31 11:14:00,2025-06-02 16:51:13.552227,P4-Low,Software,AGT-00003,53.62,72,False,False,3
INC-01444,2025-03-14 08:40:00,2025-03-14 10:37:39.917456,P2-High,Access Management,AGT-00009,1.96,8,False,False,5
INC-01445,2025-01-18 12:39:00,2025-01-20 22:38:37.532526,P4-Low,Access Management,AGT-00001,57.99,72,False,False,3
INC-01446,2025-05-30 09:22:00,2025-05-30 22:09:20.921459,P3-Medium,Hardware,AGT-00004,12.79,24,False,False,4
INC-01447,2025-03-16 15:31:00,2025-03-16 20:09:59.429810,P2-High,Hardware,AGT-00003,4.65,8,False,False,4
INC-01448,2025-01-29 22:57:00,2025-01-30 21:38:27.283740,P3-Medium,Software,AGT-00001,22.69,24,False,False,3
INC-01449,2025-01-30 08:20:00,2025-02-02 11:05:56.381143,P4-Low,Hardware,AGT-00008,74.77,72,True,False,2
INC-01450,2025-05-06 14:43:00,2025-05-07 08:53:12.621410,P3-Medium,Network,AGT-00012,18.17,24,False,False,3
INC-01451,2025-01-16 13:20:00,2025-01-17 09:48:14.390763,P3-Medium,Access Management,AGT-00010,20.47,24,False,False,3
INC-01452,2025-01-14 09:46:00,2025-01-15 17:23:03.790405,P3-Medium,Software,AGT-00004,31.62,24,True,False,3
INC-01453,2025-02-12 13:49:00,2025-02-12 17:17:53.422892,P1-Critical,Software,AGT-00002,3.48,4,False,False,5
INC-01454,2025-01-06 21:01:00,2025-01-08 11:49:48.473688,P3-Medium,Hardware,AGT-00007,38.81,24,True,False,1
INC-01455,2025-05-22 06:03:00,2025-05-23 04:34:26.677794,P3-Medium,Email/Comm,AGT-00009,22.52,24,False,False,4
INC-01456,2025-02-28 10:10:00,2025-02-28 10:40:00.000000,P2-High,Network,AGT-00006,0.5,8,False,False,3
INC-01457,2025-01-10 18:48:00,2025-01-11 03:56:12.104426,P2-High,Access Management,AGT-00014,9.14,8,True,False,1
INC-01458,2025-03-19 02:40:00,2025-03-19 23:42:57.361485,P3-Medium,Software,AGT-00002,21.05,24,False,False,3
INC-01459,2025-06-17 11:52:00,2025-06-18 16:11:04.879318,P3-Medium,Network,AGT-00010,28.32,24,True,False,2
INC-01460,2025-04-17 01:47:00,2025-04-17 10:38:22.085026,P2-High,Network,AGT-00008,8.86,8,True,False,3
INC-01461,2025-02-19 17:54:00,2025-02-19 23:54:55.454602,P2-High,Access Management,AGT-00010,6.02,8,False,False,3
INC-01462,2025-02-21 07:41:00,2025-02-21 15:53:20.210795,P3-Medium,Network,AGT-00003,8.21,24,False,False,4
INC-01463,2025-03-13 12:58:00,2025-03-14 05:17:40.130190,P3-Medium,Hardware,AGT-00004,16.33,24,False,False,4
INC-01464,2025-04-06 16:45:00,2025-04-07 03:56:45.010919,P3-Medium,Email/Comm,AGT-00008,11.2,24,False,False,3
INC-01465,2025-04-05 12:06:00,2025-04-07 02:29:22.311614,P4-Low,Software,AGT-00003,38.39,72,False,False,3
INC-01466,2025-02-13 09:31:00,2025-02-15 23:17:17.645118,P4-Low,Email/Comm,AGT-00001,61.77,72,False,False,2
INC-01467,2025-05-26 16:03:00,2025-05-27 23:24:33.249725,P3-Medium,Access Management,AGT-00006,31.36,24,True,False,2
INC-01468,2025-03-24 15:38:00,2025-03-25 12:47:26.540059,P3-Medium,Hardware,AGT-00002,21.16,24,False,False,1
INC-01469,2025-05-20 12:41:00,2025-05-20 21:06:58.567813,P3-Medium,Access Management,AGT-00010,8.43,24,False,False,4
INC-01470,2025-01-21 20:27:00,2025-01-22 18:00:24.556845,P3-Medium,Software,AGT-00009,21.56,24,False,False,4
INC-01471,2025-02-12 09:55:00,2025-02-15 11:50:57.467038,P4-Low,Network,AGT-00009,73.93,72,True,False,1
INC-01472,2025-05-05 08:55:00,2025-05-05 22:02:18.252356,P3-Medium,Network,AGT-00010,13.12,24,False,False,4
INC-01473,2025-06-23 09:20:00,2025-06-24 02:15:40.305600,P3-Medium,Software,AGT-00003,16.93,24,False,False,4
INC-01474,2025-02-22 17:45:00,2025-02-23 11:52:03.020008,P3-Medium,Network,AGT-00006,18.12,24,False,False,4
INC-01475,2025-02-04 08:45:00,2025-02-04 20:28:14.928583,P3-Medium,Hardware,AGT-00003,11.72,24,False,False,1
INC-01476,2025-01-02 10:12:00,2025-01-03 09:23:10.476495,P3-Medium,Network,AGT-00001,23.19,24,False,False,2
INC-01477,2025-06-02 08:22:00,2025-06-03 01:23:56.693320,P3-Medium,Network,AGT-00007,17.03,24,False,False,5
INC-01478,2025-03-14 17:55:00,2025-03-15 15:16:22.534385,P3-Medium,Network,AGT-00002,21.36,24,False,False,5
INC-01479,2025-05-24 13:42:00,2025-05-25 00:36:00.225279,P3-Medium,Access Management,AGT-00014,10.9,24,False,False,4
INC-01480,2025-05-25 07:51:00,2025-05-25 12:49:08.025416,P2-High,Hardware,AGT-00002,4.97,8,False,False,4
INC-01481,2025-06-04 10:51:00,2025-06-05 10:37:44.583105,P3-Medium,Software,AGT-00012,23.78,24,False,False,4
INC-01482,2025-03-01 23:05:00,2025-03-03 17:37:36.013049,P4-Low,Hardware,AGT-00001,42.54,72,False,False,4
INC-01483,2025-01-20 19:03:00,2025-01-21 07:35:39.744526,P2-High,Software,AGT-00001,12.54,8,True,False,3
INC-01484,2025-01-31 09:25:00,2025-02-01 00:13:10.477854,P3-Medium,Software,AGT-00003,14.8,24,False,False,4
INC-01485,2025-05-16 07:38:00,2025-05-17 03:25:50.920102,P3-Medium,Hardware,AGT-00006,19.8,24,False,False,5
INC-01486,2025-04-22 13:31:00,2025-04-25 10:10:06.539895,P4-Low,Access Management,AGT-00008,68.65,72,False,False,3
INC-01487,2025-02-15 02:23:00,2025-02-15 03:55:08.591765,P2-High,Access Management,AGT-00007,1.54,8,False,False,5
INC-01488,2025-02-18 11:11:00,2025-02-18 15:05:48.706215,P3-Medium,Software,AGT-00007,3.91,24,False,False,5
INC-01489,2025-05-31 10:06:00,2025-05-31 11:15:36.730436,P2-High,Software,AGT-00002,1.16,8,False,False,5
INC-01490,2025-06-15 10:30:00,2025-06-16 14:36:02.422179,P3-Medium,Network,AGT-00003,28.1,24,True,False,5
INC-01491,2025-05-27 17:55:00,2025-05-28 07:30:06.485398,P3-Medium,Hardware,AGT-00001,13.59,24,False,False,4
INC-01492,2025-06-15 16:51:00,2025-06-17 07:18:56.139427,P3-Medium,Software,AGT-00002,38.47,24,True,False,2
INC-01493,2025-02-15 18:08:00,2025-02-16 07:37:09.669159,P3-Medium,Access Management,AGT-00008,13.49,24,False,False,5
INC-01494,2025-03-22 07:34:00,2025-03-22 14:42:45.346420,P2-High,Software,AGT-00008,7.15,8,False,False,5
INC-01495,2025-06-22 18:20:00,2025-06-24 00:40:12.766634,P3-Medium,Access Management,AGT-00003,30.34,24,True,False,1
INC-01496,2025-01-04 21:25:00,2025-01-08 15:32:18.687947,P4-Low,Access Management,AGT-00004,90.12,72,True,False,3
INC-01497,2025-02-07 16:05:00,2025-02-08 05:47:54.945066,P2-High,Network,AGT-00009,13.72,8,True,False,1
INC-01498,2025-06-12 16:53:00,2025-06-13 20:33:00.947441,P3-Medium,Software,AGT-00004,27.67,24,True,False,2
INC-01499,2025-06-28 07:59:00,2025-06-29 10:10:33.000743,P3-Medium,Network,AGT-00005,26.19,24,True,False,1
INC-01500,2025-06-01 14:01:00,2025-06-01 22:35:25.839560,P2-High,Access Management,AGT-00002,8.57,8,True,False,3
INC-01501,2025-03-05 10:43:00,2025-03-05 19:56:27.349560,P2-High,Software,AGT-00001,9.22,8,True,False,4
INC-01502,2025-01-14 11:18:00,2025-01-14 15:52:15.059974,P2-High,Access Management,AGT-00002,4.57,8,False,False,2
INC-01503,2025-02-21 08:18:00,2025-02-21 19:45:15.872157,P3-Medium,Hardware,AGT-00002,11.45,24,False,False,4
INC-01504,2025-06-14 13:53:00,2025-06-14 20:22:17.481837,P2-High,Software,AGT-00004,6.49,8,False,False,5
INC-01505,2025-05-18 13:44:00,2025-05-18 16:23:34.670718,P1-Critical,Access Management,AGT-00004,2.66,4,False,False,4
INC-01506,2025-05-09 13:47:00,2025-05-10 04:09:27.032179,P3-Medium,Hardware,AGT-00003,14.37,24,False,False,2
INC-01507,2025-01-09 20:33:00,2025-01-12 12:28:39.896217,P4-Low,Hardware,AGT-00005,63.93,72,False,False,3
INC-01508,2025-04-07 14:57:00,2025-04-08 00:47:36.845628,P2-High,Software,AGT-00004,9.84,8,True,True,3
INC-01509,2025-04-18 12:21:00,2025-04-19 07:03:26.118325,P3-Medium,Access Management,AGT-00001,18.71,24,False,False,2
INC-01510,2025-02-17 16:28:00,2025-02-21 00:01:02.165836,P4-Low,Hardware,AGT-00005,79.55,72,True,False,2
INC-01511,2025-03-04 09:23:00,2025-03-04 18:14:59.353513,P3-Medium,Software,AGT-00004,8.87,24,False,False,4
INC-01512,2025-03-01 16:57:00,2025-03-02 09:24:02.607573,P3-Medium,Network,AGT-00014,16.45,24,False,False,2
INC-01513,2025-06-01 02:32:00,2025-06-01 14:47:55.517167,P3-Medium,Hardware,AGT-00007,12.27,24,False,False,3
INC-01514,2025-05-26 16:08:00,2025-05-26 19:12:03.745428,P3-Medium,Software,AGT-00006,3.07,24,False,False,5
INC-01515,2025-02-06 17:29:00,2025-02-06 23:41:38.223358,P2-High,Network,AGT-00010,6.21,8,False,False,4
INC-01516,2025-03-20 07:15:00,2025-03-21 00:16:33.671759,P3-Medium,Hardware,AGT-00002,17.03,24,False,False,4
INC-01517,2025-04-06 00:10:00,2025-04-07 06:16:27.352605,P3-Medium,Network,AGT-00006,30.11,24,True,False,2
INC-01518,2025-06-21 11:29:00,2025-06-22 10:31:47.376515,P3-Medium,Software,AGT-00013,23.05,24,False,False,5
INC-01519,2025-02-04 11:20:00,2025-02-04 14:14:55.246013,P2-High,Network,AGT-00009,2.92,8,False,False,5
INC-01520,2025-01-19 10:42:00,2025-01-20 19:31:57.865910,P3-Medium,Software,AGT-00004,32.83,24,True,False,2
INC-01521,2025-04-05 11:32:00,2025-04-05 22:18:25.024564,P2-High,Software,AGT-00009,10.77,8,True,False,3
INC-01522,2025-02-05 12:02:00,2025-02-08 01:40:31.034650,P4-Low,Email/Comm,AGT-00007,61.64,72,False,False,4
INC-01523,2025-03-14 10:43:00,2025-03-15 02:54:17.257953,P3-Medium,Software,AGT-00005,16.19,24,False,False,1
INC-01524,2025-06-24 13:06:00,2025-06-25 19:54:40.374956,P4-Low,Software,AGT-00002,30.81,72,False,False,2
INC-01525,2025-01-04 08:08:00,2025-01-04 23:09:20.444849,P3-Medium,Network,AGT-00012,15.02,24,False,False,4
INC-01526,2025-04-13 11:03:00,2025-04-14 13:45:35.960247,P3-Medium,Software,AGT-00014,26.71,24,True,False,2
INC-01527,2025-04-26 12:49:00,2025-04-27 21:53:36.085611,P3-Medium,Software,AGT-00010,33.08,24,True,False,2
INC-01528,2025-04-19 13:24:00,2025-04-20 19:44:45.413614,P3-Medium,Software,AGT-00010,30.35,24,True,False,1
INC-01529,2025-03-08 09:52:00,2025-03-08 11:53:20.284163,P1-Critical,Email/Comm,AGT-00008,2.02,4,False,False,5
INC-01530,2025-05-06 12:03:00,2025-05-06 21:05:35.017921,P3-Medium,Software,AGT-00001,9.04,24,False,False,4
INC-01531,2025-01-07 13:11:00,2025-01-08 08:18:37.523911,P3-Medium,Hardware,AGT-00003,19.13,24,False,False,4
INC-01532,2025-01-29 10:02:00,2025-01-29 13:53:08.946272,P3-Medium,Hardware,AGT-00001,3.85,24,False,False,4
INC-01533,2025-02-07 14:27:00,2025-02-07 22:04:51.913199,P2-High,Software,AGT-00002,7.63,8,False,False,3
INC-01534,2025-05-15 13:02:00,2025-05-16 05:51:09.045515,P3-Medium,Software,AGT-00013,16.82,24,False,False,4
INC-01535,2025-01-26 11:46:00,2025-01-26 16:38:07.940076,P2-High,Email/Comm,AGT-00007,4.87,8,False,False,5
INC-01536,2025-03-07 15:47:00,2025-03-07 21:01:32.551663,P3-Medium,Software,AGT-00001,5.24,24,False,False,5
INC-01537,2025-03-08 23:39:00,2025-03-09 21:45:31.683069,P3-Medium,Network,AGT-00002,22.11,24,False,False,5
INC-01538,2025-05-02 09:59:00,2025-05-02 14:37:07.969420,P2-High,Access Management,AGT-00004,4.64,8,False,False,5
INC-01539,2025-06-04 11:11:00,2025-06-05 13:47:05.987829,P4-Low,Hardware,AGT-00008,26.6,72,False,False,3
INC-01540,2025-02-03 10:29:00,2025-02-03 10:59:00.000000,P3-Medium,Network,AGT-00004,0.5,24,False,False,5
INC-01541,2025-03-25 09:39:00,2025-03-26 03:25:47.570735,P3-Medium,Hardware,AGT-00001,17.78,24,False,False,5
INC-01542,2025-03-26 13:30:00,2025-03-30 02:56:42.114960,P4-Low,Software,AGT-00007,85.45,72,True,False,1
INC-01543,2025-04-29 18:31:00,2025-05-01 01:48:24.265379,P3-Medium,Hardware,AGT-00005,31.29,24,True,False,3
INC-01544,2025-05-27 22:40:00,2025-05-28 13:00:35.627810,P3-Medium,Hardware,AGT-00001,14.34,24,False,False,5
INC-01545,2025-03-19 10:20:00,2025-03-19 14:43:32.128039,P2-High,Access Management,AGT-00006,4.39,8,False,False,4
INC-01546,2025-05-25 11:48:00,2025-05-25 19:56:26.555627,P2-High,Software,AGT-00007,8.14,8,True,True,5
INC-01547,2025-05-18 08:38:00,2025-05-18 18:38:46.499351,P3-Medium,Software,AGT-00003,10.01,24,False,False,2
INC-01548,2025-03-16 08:10:00,2025-03-17 04:34:51.606715,P3-Medium,Hardware,AGT-00001,20.41,24,False,False,5
INC-01549,2025-02-25 11:38:00,2025-02-28 04:57:17.780044,P4-Low,Software,AGT-00004,65.32,72,False,False,5
INC-01550,2025-06-12 16:20:00,2025-06-13 20:08:55.676848,P3-Medium,Software,AGT-00008,27.82,24,True,False,2
INC-01551,2025-03-15 17:28:00,2025-03-15 23:36:58.058636,P2-High,Software,AGT-00009,6.15,8,False,False,5
INC-01552,2025-04-29 14:43:00,2025-04-30 07:05:14.195995,P3-Medium,Network,AGT-00011,16.37,24,False,False,4
INC-01553,2025-06-12 03:14:00,2025-06-12 14:12:34.101501,P3-Medium,Email/Comm,AGT-00004,10.98,24,False,False,4
INC-01554,2025-01-06 10:15:00,2025-01-07 19:42:44.614509,P4-Low,Software,AGT-00009,33.46,72,False,False,4
INC-01555,2025-06-03 19:41:00,2025-06-04 11:52:17.407913,P3-Medium,Email/Comm,AGT-00001,16.19,24,False,False,4
INC-01556,2025-03-03 08:59:00,2025-03-03 16:46:08.805386,P2-High,Email/Comm,AGT-00005,7.79,8,False,False,3
INC-01557,2025-05-28 12:15:00,2025-05-28 21:56:51.166291,P2-High,Network,AGT-00001,9.7,8,True,False,2
INC-01558,2025-06-14 07:38:00,2025-06-14 11:19:19.945221,P2-High,Network,AGT-00005,3.69,8,False,False,5
INC-01559,2025-01-18 00:02:00,2025-01-21 07:53:13.576965,P4-Low,Hardware,AGT-00008,79.85,72,True,False,2
INC-01560,2025-04-17 21:56:00,2025-04-18 13:45:51.640290,P3-Medium,Software,AGT-00004,15.83,24,False,False,2
INC-01561,2025-01-07 12:52:00,2025-01-09 14:26:21.554807,P4-Low,Software,AGT-00006,49.57,72,False,False,3
INC-01562,2025-04-04 11:59:00,2025-04-05 00:00:20.303641,P3-Medium,Access Management,AGT-00009,12.02,24,False,False,4
INC-01563,2025-03-09 16:37:00,2025-03-09 17:07:00.000000,P3-Medium,Network,AGT-00002,0.5,24,False,False,2
INC-01564,2025-03-04 17:13:00,2025-03-05 02:48:38.971994,P2-High,Software,AGT-00003,9.59,8,True,False,2
INC-01565,2025-03-04 16:21:00,2025-03-05 16:14:41.104236,P3-Medium,Software,AGT-00008,23.89,24,False,False,4
INC-01566,2025-06-02 04:08:00,2025-06-04 00:30:24.415887,P4-Low,Software,AGT-00006,44.37,72,False,False,3
INC-01567,2025-03-16 10:45:00,2025-03-16 17:29:04.083037,P2-High,Software,AGT-00004,6.73,8,False,False,4
INC-01568,2025-06-27 08:38:00,2025-06-28 06:45:39.049470,P3-Medium,Software,AGT-00003,22.13,24,False,False,4
INC-01569,2025-03-19 08:00:00,2025-03-19 13:29:58.679322,P3-Medium,Network,AGT-00002,5.5,24,False,False,5
INC-01570,2025-06-08 19:22:00,2025-06-09 09:08:03.282892,P3-Medium,Email/Comm,AGT-00004,13.77,24,False,False,4
INC-01571,2025-05-05 14:55:00,2025-05-06 15:16:14.822773,P3-Medium,Software,AGT-00004,24.35,24,True,False,1
INC-01572,2025-03-29 09:13:00,2025-03-30 10:07:51.161532,P4-Low,Network,AGT-00014,24.91,72,False,False,3
INC-01573,2025-04-02 12:36:00,2025-04-04 20:28:16.171116,P4-Low,Access Management,AGT-00007,55.87,72,False,False,5
INC-01574,2025-05-15 19:47:00,2025-05-16 18:39:06.110067,P4-Low,Access Management,AGT-00010,22.87,72,False,False,4
INC-01575,2025-01-18 09:34:00,2025-01-19 07:17:53.183494,P3-Medium,Network,AGT-00003,21.73,24,False,False,4
INC-01576,2025-05-14 09:16:00,2025-05-14 15:38:30.917323,P2-High,Access Management,AGT-00005,6.38,8,False,False,3
INC-01577,2025-04-27 08:38:00,2025-04-28 02:19:50.509255,P4-Low,Access Management,AGT-00002,17.7,72,False,False,3
INC-01578,2025-02-03 13:03:00,2025-02-04 16:22:04.493408,P3-Medium,Access Management,AGT-00013,27.32,24,True,False,1
INC-01579,2025-01-14 10:40:00,2025-01-15 21:58:29.406471,P4-Low,Software,AGT-00001,35.31,72,False,False,4
INC-01580,2025-05-31 09:31:00,2025-05-31 21:02:04.729814,P3-Medium,Software,AGT-00001,11.52,24,False,False,1
INC-01581,2025-04-24 16:12:00,2025-04-25 11:48:16.392880,P3-Medium,Email/Comm,AGT-00008,19.6,24,False,False,4
INC-01582,2025-04-15 14:31:00,2025-04-18 15:29:21.889159,P4-Low,Email/Comm,AGT-00003,72.97,72,True,False,2
INC-01583,2025-03-09 18:15:00,2025-03-10 04:07:24.331613,P3-Medium,Hardware,AGT-00007,9.87,24,False,False,4
INC-01584,2025-02-16 12:20:00,2025-02-17 06:49:36.379676,P3-Medium,Software,AGT-00001,18.49,24,False,False,4
INC-01585,2025-06-22 10:59:00,2025-06-23 08:24:49.915210,P3-Medium,Network,AGT-00009,21.43,24,False,False,3
INC-01586,2025-01-28 16:13:00,2025-01-29 15:45:41.441489,P3-Medium,Access Management,AGT-00002,23.54,24,False,False,3
INC-01587,2025-06-06 09:43:00,2025-06-08 15:14:43.791980,P4-Low,Software,AGT-00008,53.53,72,False,False,3
INC-01588,2025-06-06 15:20:00,2025-06-08 09:59:33.995586,P4-Low,Access Management,AGT-00012,42.66,72,False,False,5
INC-01589,2025-03-10 09:16:00,2025-03-10 20:38:45.401645,P3-Medium,Access Management,AGT-00010,11.38,24,False,False,5
INC-01590,2025-04-01 17:20:00,2025-04-02 12:01:20.943832,P3-Medium,Network,AGT-00003,18.69,24,False,False,4
INC-01591,2025-04-14 06:26:00,2025-04-14 15:51:22.396455,P3-Medium,Software,AGT-00009,9.42,24,False,False,5
INC-01592,2025-06-30 09:42:00,2025-06-30 10:12:00.000000,P4-Low,Access Management,AGT-00001,0.5,72,False,False,3
INC-01593,2025-03-25 13:47:00,2025-03-26 11:16:32.922360,P3-Medium,Hardware,AGT-00010,21.49,24,False,False,3
INC-01594,2025-03-04 08:46:00,2025-03-05 09:59:53.323423,P3-Medium,Access Management,AGT-00001,25.23,24,True,False,3
INC-01595,2025-06-18 11:58:00,2025-06-18 12:28:00.000000,P3-Medium,Email/Comm,AGT-00001,0.5,24,False,False,3
INC-01596,2025-01-15 14:17:00,2025-01-16 20:05:19.389261,P4-Low,Software,AGT-00001,29.81,72,False,False,4
INC-01597,2025-01-19 10:49:00,2025-01-20 09:46:11.642717,P3-Medium,Software,AGT-00012,22.95,24,False,False,5
INC-01598,2025-05-24 07:15:00,2025-05-28 02:23:59.673819,P4-Low,Software,AGT-00006,91.15,72,True,False,2
INC-01599,2025-06-26 01:49:00,2025-06-26 19:58:58.858781,P3-Medium,Software,AGT-00011,18.17,24,False,False,5
INC-01600,2025-04-03 19:28:00,2025-04-04 07:38:33.515293,P3-Medium,Access Management,AGT-00014,12.18,24,False,False,3
INC-01601,2025-02-20 15:45:00,2025-02-21 08:17:12.582496,P3-Medium,Hardware,AGT-00004,16.54,24,False,False,4
INC-01602,2025-04-20 11:31:00,2025-04-23 17:00:51.102179,P4-Low,Network,AGT-00007,77.5,72,True,False,3
INC-01603,2025-05-25 11:02:00,2025-05-25 15:16:20.851343,P2-High,Email/Comm,AGT-00004,4.24,8,False,False,5
INC-01604,2025-03-27 14:47:00,2025-03-28 02:23:23.270208,P3-Medium,Software,AGT-00003,11.61,24,False,False,2
INC-01605,2025-05-12 18:05:00,2025-05-13 08:13:16.986561,P3-Medium,Network,AGT-00002,14.14,24,False,False,4
INC-01606,2025-06-25 11:17:00,2025-06-25 21:39:24.136082,P3-Medium,Network,AGT-00001,10.37,24,False,False,5
INC-01607,2025-02-16 14:21:00,2025-02-18 18:48:12.262752,P4-Low,Network,AGT-00003,52.45,72,False,False,5
INC-01608,2025-04-13 13:00:00,2025-04-14 19:59:50.739604,P3-Medium,Email/Comm,AGT-00013,31.0,24,True,False,2
INC-01609,2025-02-27 13:49:00,2025-02-27 17:27:46.170766,P1-Critical,Hardware,AGT-00002,3.65,4,False,False,4
INC-01610,2025-04-01 19:45:00,2025-04-02 11:43:52.219139,P3-Medium,Access Management,AGT-00006,15.98,24,False,False,3
INC-01611,2025-01-07 13:54:00,2025-01-09 10:03:49.588638,P4-Low,Hardware,AGT-00002,44.16,72,False,True,2
INC-01612,2025-02-28 14:12:00,2025-02-28 19:41:40.104710,P3-Medium,Network,AGT-00012,5.49,24,False,False,4
INC-01613,2025-04-01 02:56:00,2025-04-02 03:59:53.561582,P3-Medium,Email/Comm,AGT-00002,25.06,24,True,False,2
INC-01614,2025-02-23 11:28:00,2025-02-25 11:54:35.721815,P4-Low,Software,AGT-00005,48.44,72,False,False,3
INC-01615,2025-02-14 12:37:00,2025-02-16 11:00:25.446221,P4-Low,Software,AGT-00002,46.39,72,False,False,2
INC-01616,2025-06-04 11:20:00,2025-06-09 05:11:43.744885,P4-Low,Network,AGT-00005,113.86,72,True,False,1
INC-01617,2025-05-11 07:29:00,2025-05-11 15:01:44.286645,P2-High,Software,AGT-00005,7.55,8,False,True,4
INC-01618,2025-04-03 21:53:00,2025-04-04 09:52:08.417757,P3-Medium,Email/Comm,AGT-00001,11.99,24,False,False,5
INC-01619,2025-06-16 14:24:00,2025-06-17 04:59:20.901229,P3-Medium,Hardware,AGT-00008,14.59,24,False,False,1
INC-01620,2025-01-12 08:15:00,2025-01-15 09:13:08.091062,P4-Low,Access Management,AGT-00013,72.97,72,True,False,1
INC-01621,2025-01-10 06:51:00,2025-01-11 01:45:22.187823,P3-Medium,Network,AGT-00005,18.91,24,False,False,5
INC-01622,2025-04-18 08:59:00,2025-04-18 15:28:37.594224,P3-Medium,Software,AGT-00011,6.49,24,False,False,3
INC-01623,2025-01-29 17:01:00,2025-02-01 13:24:04.483289,P4-Low,Software,AGT-00004,68.38,72,False,False,3
INC-01624,2025-03-24 02:01:00,2025-03-24 14:40:17.450336,P3-Medium,Email/Comm,AGT-00003,12.65,24,False,False,5
INC-01625,2025-01-12 13:48:00,2025-01-12 20:32:47.743989,P1-Critical,Access Management,AGT-00013,6.75,4,True,False,2
INC-01626,2025-01-24 11:04:00,2025-01-24 21:20:48.605628,P2-High,Network,AGT-00013,10.28,8,True,False,2
INC-01627,2025-02-04 18:51:00,2025-02-06 11:54:12.823513,P4-Low,Access Management,AGT-00006,41.05,72,False,False,3
INC-01628,2025-06-18 13:39:00,2025-06-19 17:53:53.271218,P3-Medium,Email/Comm,AGT-00002,28.25,24,True,False,1
INC-01629,2025-02-02 09:08:00,2025-02-03 03:40:34.238703,P3-Medium,Access Management,AGT-00006,18.54,24,False,False,2
INC-01630,2025-03-14 19:06:00,2025-03-15 19:55:19.881844,P3-Medium,Access Management,AGT-00008,24.82,24,True,False,2
INC-01631,2025-04-29 15:33:00,2025-04-30 13:25:40.305138,P3-Medium,Hardware,AGT-00008,21.88,24,False,False,5
INC-01632,2025-04-06 14:37:00,2025-04-07 01:50:44.928336,P3-Medium,Access Management,AGT-00003,11.23,24,False,False,5
INC-01633,2025-02-20 22:00:00,2025-02-21 10:51:05.764829,P3-Medium,Access Management,AGT-00007,12.85,24,False,False,1
INC-01634,2025-05-27 12:54:00,2025-05-30 11:29:57.178866,P4-Low,Network,AGT-00003,70.6,72,False,False,4
INC-01635,2025-02-24 12:16:00,2025-02-26 07:34:16.176088,P4-Low,Software,AGT-00005,43.3,72,False,False,2
INC-01636,2025-03-28 23:11:00,2025-03-29 13:57:14.924259,P3-Medium,Access Management,AGT-00014,14.77,24,False,False,5
INC-01637,2025-06-21 18:48:00,2025-06-22 05:09:32.469715,P3-Medium,Software,AGT-00008,10.36,24,False,False,2
INC-01638,2025-02-02 07:29:00,2025-02-03 04:52:19.653089,P3-Medium,Software,AGT-00015,21.39,24,False,False,2
INC-01639,2025-04-26 11:05:00,2025-04-27 21:35:00.717674,P3-Medium,Network,AGT-00004,34.5,24,True,False,5
INC-01640,2025-05-11 09:53:00,2025-05-11 12:38:49.085280,P2-High,Access Management,AGT-00013,2.76,8,False,False,5
INC-01641,2025-02-08 13:33:00,2025-02-08 20:08:05.165154,P2-High,Access Management,AGT-00006,6.58,8,False,False,5
INC-01642,2025-05-16 08:10:00,2025-05-17 13:27:51.951996,P3-Medium,Hardware,AGT-00014,29.3,24,True,False,1
INC-01643,2025-02-08 13:39:00,2025-02-09 07:00:46.327932,P3-Medium,Software,AGT-00011,17.36,24,False,False,3
INC-01644,2025-04-10 19:26:00,2025-04-10 23:20:17.076933,P1-Critical,Email/Comm,AGT-00004,3.9,4,False,False,4
INC-01645,2025-03-06 15:42:00,2025-03-06 18:28:53.841545,P2-High,Email/Comm,AGT-00001,2.78,8,False,False,5
INC-01646,2025-04-16 08:30:00,2025-04-17 05:55:35.244400,P3-Medium,Email/Comm,AGT-00001,21.43,24,False,False,5
INC-01647,2025-02-10 14:25:00,2025-02-12 12:40:25.612920,P4-Low,Email/Comm,AGT-00003,46.26,72,False,False,3
INC-01648,2025-02-05 19:07:00,2025-02-06 21:00:09.023876,P3-Medium,Hardware,AGT-00014,25.89,24,True,False,2
INC-01649,2025-03-12 16:00:00,2025-03-13 19:29:56.718285,P3-Medium,Hardware,AGT-00002,27.5,24,True,False,2
INC-01650,2025-03-01 14:19:00,2025-03-03 05:01:59.432890,P3-Medium,Access Management,AGT-00007,38.72,24,True,False,2
INC-01651,2025-03-29 18:02:00,2025-03-30 16:40:13.435389,P3-Medium,Network,AGT-00012,22.64,24,False,False,5
INC-01652,2025-06-27 18:31:00,2025-06-28 02:09:25.033589,P2-High,Software,AGT-00007,7.64,8,False,False,3
INC-01653,2025-06-03 18:15:00,2025-06-04 01:25:49.242200,P2-High,Email/Comm,AGT-00007,7.18,8,False,False,4
INC-01654,2025-06-13 07:49:00,2025-06-15 02:45:12.026918,P4-Low,Email/Comm,AGT-00004,42.94,72,False,False,5
INC-01655,2025-04-18 15:16:00,2025-04-19 11:58:28.334692,P3-Medium,Hardware,AGT-00006,20.71,24,False,False,2
INC-01656,2025-05-07 09:27:00,2025-05-07 14:54:57.942232,P2-High,Access Management,AGT-00003,5.47,8,False,False,2
INC-01657,2025-05-25 11:33:00,2025-05-27 16:55:09.190291,P4-Low,Access Management,AGT-00006,53.37,72,False,False,4
INC-01658,2025-06-14 21:36:00,2025-06-15 03:14:06.702256,P1-Critical,Network,AGT-00011,5.64,4,True,False,5
INC-01659,2025-06-04 11:25:00,2025-06-04 14:23:37.563677,P2-High,Software,AGT-00008,2.98,8,False,False,1
INC-01660,2025-05-14 04:25:00,2025-05-15 07:32:08.502561,P3-Medium,Software,AGT-00005,27.12,24,True,False,3
INC-01661,2025-05-26 08:40:00,2025-05-29 13:00:32.284848,P4-Low,Software,AGT-00001,76.34,72,True,False,1
INC-01662,2025-03-06 11:43:00,2025-03-08 11:21:19.066057,P4-Low,Access Management,AGT-00008,47.64,72,False,False,5
INC-01663,2025-04-28 15:40:00,2025-04-28 16:10:00.000000,P2-High,Software,AGT-00001,0.5,8,False,False,5
INC-01664,2025-03-24 16:48:00,2025-03-24 21:10:21.442963,P2-High,Access Management,AGT-00006,4.37,8,False,False,5
INC-01665,2025-06-07 13:51:00,2025-06-10 17:47:23.607352,P4-Low,Access Management,AGT-00003,75.94,72,True,False,1
INC-01666,2025-06-13 11:39:00,2025-06-15 13:11:33.499514,P4-Low,Network,AGT-00008,49.54,72,False,False,3
INC-01667,2025-03-31 10:28:00,2025-03-31 20:28:20.095710,P3-Medium,Hardware,AGT-00008,10.01,24,False,False,5
INC-01668,2025-05-29 10:32:00,2025-05-31 02:26:16.205672,P4-Low,Hardware,AGT-00001,39.9,72,False,False,4
INC-01669,2025-06-28 07:05:00,2025-07-01 01:53:44.641908,P4-Low,Software,AGT-00004,66.81,72,False,False,4
INC-01670,2025-03-29 13:25:00,2025-04-01 02:21:04.816910,P4-Low,Software,AGT-00003,60.93,72,False,False,4
INC-01671,2025-03-17 14:05:00,2025-03-19 11:18:16.888860,P4-Low,Access Management,AGT-00012,45.22,72,False,False,3
INC-01672,2025-03-12 02:14:00,2025-03-13 20:53:48.642349,P4-Low,Hardware,AGT-00002,42.66,72,False,False,5
INC-01673,2025-02-25 08:18:00,2025-02-25 13:25:43.847322,P2-High,Hardware,AGT-00007,5.13,8,False,False,1
INC-01674,2025-05-22 23:12:00,2025-05-23 09:49:14.586686,P3-Medium,Access Management,AGT-00004,10.62,24,False,False,5
INC-01675,2025-04-10 16:45:00,2025-04-11 23:40:22.819857,P3-Medium,Software,AGT-00013,30.92,24,True,False,2
INC-01676,2025-03-02 10:22:00,2025-03-04 05:55:12.926217,P4-Low,Software,AGT-00004,43.55,72,False,False,4
INC-01677,2025-05-18 13:06:00,2025-05-19 16:50:14.165400,P3-Medium,Access Management,AGT-00008,27.74,24,True,False,3
INC-01678,2025-06-04 09:22:00,2025-06-05 15:32:13.902295,P3-Medium,Software,AGT-00003,30.17,24,True,False,3
INC-01679,2025-05-28 18:29:00,2025-05-29 20:28:11.353867,P3-Medium,Email/Comm,AGT-00005,25.99,24,True,False,2
INC-01680,2025-05-24 12:41:00,2025-05-25 03:13:49.334994,P3-Medium,Email/Comm,AGT-00002,14.55,24,False,False,3
INC-01681,2025-01-17 21:17:00,2025-01-20 07:21:28.566504,P4-Low,Network,AGT-00008,58.07,72,False,False,5
INC-01682,2025-06-30 16:08:00,2025-07-01 09:56:23.166536,P3-Medium,Access Management,AGT-00005,17.81,24,False,False,3
INC-01683,2025-03-26 09:51:00,2025-03-26 20:37:13.386411,P3-Medium,Software,AGT-00008,10.77,24,False,False,5
INC-01684,2025-03-22 18:39:00,2025-03-23 02:17:06.926950,P2-High,Software,AGT-00008,7.64,8,False,False,5
INC-01685,2025-01-17 13:46:00,2025-01-17 22:20:03.654015,P3-Medium,Access Management,AGT-00001,8.57,24,False,False,3
INC-01686,2025-02-16 03:59:00,2025-02-19 05:44:12.915969,P4-Low,Access Management,AGT-00015,73.75,72,True,False,1
INC-01687,2025-06-25 11:26:00,2025-06-25 16:18:25.822054,P2-High,Email/Comm,AGT-00006,4.87,8,False,False,4
INC-01688,2025-02-15 15:56:00,2025-02-17 21:57:23.495223,P4-Low,Network,AGT-00003,54.02,72,False,False,2
INC-01689,2025-06-15 14:21:00,2025-06-16 10:36:58.690701,P3-Medium,Hardware,AGT-00004,20.27,24,False,False,2
INC-01690,2025-05-23 06:23:00,2025-05-23 22:18:43.536757,P3-Medium,Access Management,AGT-00001,15.93,24,False,False,1
INC-01691,2025-03-20 02:57:00,2025-03-22 16:41:01.953706,P4-Low,Network,AGT-00003,61.73,72,False,False,4
INC-01692,2025-05-08 08:13:00,2025-05-08 13:03:16.213927,P2-High,Network,AGT-00007,4.84,8,False,False,2
INC-01693,2025-02-15 19:45:00,2025-02-16 20:43:13.362167,P3-Medium,Network,AGT-00004,24.97,24,True,False,3
INC-01694,2025-06-09 04:34:00,2025-06-09 11:47:55.785209,P3-Medium,Access Management,AGT-00005,7.23,24,False,False,5
INC-01695,2025-01-28 10:11:00,2025-01-28 17:07:32.382702,P2-High,Email/Comm,AGT-00014,6.94,8,False,False,3
INC-01696,2025-06-06 20:29:00,2025-06-07 09:46:10.505388,P2-High,Network,AGT-00002,13.29,8,True,False,2
INC-01697,2025-05-22 06:15:00,2025-05-22 16:14:50.457851,P3-Medium,Software,AGT-00002,10.0,24,False,False,3
INC-01698,2025-04-02 06:58:00,2025-04-03 19:24:42.362122,P4-Low,Network,AGT-00004,36.45,72,False,False,5
INC-01699,2025-05-14 07:41:00,2025-05-15 05:47:40.546070,P3-Medium,Access Management,AGT-00007,22.11,24,False,False,4
INC-01700,2025-05-20 14:18:00,2025-05-21 09:44:11.955320,P3-Medium,Software,AGT-00004,19.44,24,False,False,4
INC-01701,2025-04-22 11:31:00,2025-04-22 19:14:37.939251,P2-High,Email/Comm,AGT-00005,7.73,8,False,True,2
INC-01702,2025-03-15 16:44:00,2025-03-16 14:38:48.589348,P3-Medium,Software,AGT-00003,21.91,24,False,False,5
INC-01703,2025-05-27 13:41:00,2025-05-27 22:24:17.490504,P2-High,Network,AGT-00013,8.72,8,True,False,1
INC-01704,2025-04-01 22:03:00,2025-04-02 03:16:09.838862,P1-Critical,Email/Comm,AGT-00004,5.22,4,True,False,3
INC-01705,2025-05-11 11:44:00,2025-05-12 09:00:42.777320,P3-Medium,Software,AGT-00012,21.28,24,False,True,3
INC-01706,2025-03-23 07:13:00,2025-03-23 23:17:11.779547,P3-Medium,Network,AGT-00002,16.07,24,False,False,4
INC-01707,2025-06-26 08:18:00,2025-06-27 07:40:50.122595,P3-Medium,Network,AGT-00004,23.38,24,False,True,3
INC-01708,2025-04-10 17:23:00,2025-04-14 09:22:51.499312,P4-Low,Access Management,AGT-00015,88.0,72,True,False,2
INC-01709,2025-03-08 19:27:00,2025-03-09 01:29:08.814796,P2-High,Software,AGT-00007,6.04,8,False,False,5
INC-01710,2025-06-17 16:17:00,2025-06-18 22:47:33.890064,P4-Low,Hardware,AGT-00014,30.51,72,False,False,1
INC-01711,2025-02-18 17:31:00,2025-02-21 17:39:29.808189,P4-Low,Software,AGT-00011,72.14,72,True,False,1
INC-01712,2025-02-02 15:14:00,2025-02-03 08:16:13.022478,P3-Medium,Network,AGT-00009,17.04,24,False,False,2
INC-01713,2025-05-18 10:47:00,2025-05-18 11:17:00.000000,P2-High,Access Management,AGT-00001,0.5,8,False,False,4
INC-01714,2025-03-14 18:16:00,2025-03-17 13:12:54.360755,P4-Low,Software,AGT-00006,66.95,72,False,False,2
INC-01715,2025-05-23 18:12:00,2025-05-25 09:29:36.370611,P4-Low,Access Management,AGT-00014,39.29,72,False,False,5
INC-01716,2025-04-10 08:48:00,2025-04-11 02:04:32.641470,P3-Medium,Network,AGT-00002,17.28,24,False,False,2
INC-01717,2025-04-24 14:02:00,2025-04-25 10:41:21.033520,P3-Medium,Software,AGT-00009,20.66,24,False,False,4
INC-01718,2025-01-12 13:09:00,2025-01-14 18:57:35.976944,P4-Low,Access Management,AGT-00008,53.81,72,False,False,5
INC-01719,2025-06-14 06:24:00,2025-06-16 22:35:20.530834,P4-Low,Software,AGT-00002,64.19,72,False,False,3
INC-01720,2025-06-18 15:01:00,2025-06-18 19:59:32.871731,P2-High,Network,AGT-00002,4.98,8,False,False,2
INC-01721,2025-02-06 13:20:00,2025-02-06 21:37:45.133057,P2-High,Software,AGT-00006,8.3,8,True,False,3
INC-01722,2025-02-13 15:20:00,2025-02-14 07:15:25.055686,P3-Medium,Software,AGT-00007,15.92,24,False,False,2
INC-01723,2025-05-25 06:24:00,2025-05-25 15:29:09.012059,P2-High,Hardware,AGT-00004,9.09,8,True,False,1
INC-01724,2025-01-19 01:52:00,2025-01-19 10:31:13.630299,P2-High,Software,AGT-00006,8.65,8,True,False,4
INC-01725,2025-04-26 19:15:00,2025-04-27 05:45:59.365381,P3-Medium,Hardware,AGT-00007,10.52,24,False,False,4
INC-01726,2025-02-09 12:56:00,2025-02-10 15:37:16.284946,P3-Medium,Email/Comm,AGT-00005,26.69,24,True,False,1
INC-01727,2025-03-07 19:23:00,2025-03-08 09:05:44.252781,P3-Medium,Network,AGT-00015,13.71,24,False,False,4
INC-01728,2025-05-19 18:25:00,2025-05-20 18:52:52.064590,P3-Medium,Network,AGT-00004,24.46,24,True,False,3
INC-01729,2025-04-28 16:28:00,2025-04-29 00:15:07.820149,P2-High,Software,AGT-00012,7.79,8,False,False,4
INC-01730,2025-05-16 09:13:00,2025-05-17 17:55:19.689892,P3-Medium,Software,AGT-00002,32.71,24,True,False,2
INC-01731,2025-04-04 19:35:00,2025-04-06 17:06:50.449269,P4-Low,Access Management,AGT-00010,45.53,72,False,False,5
INC-01732,2025-05-01 07:41:00,2025-05-01 22:53:19.676272,P3-Medium,Hardware,AGT-00004,15.21,24,False,False,5
INC-01733,2025-02-21 09:35:00,2025-02-23 11:11:41.788376,P4-Low,Access Management,AGT-00004,49.61,72,False,False,4
INC-01734,2025-01-07 15:24:00,2025-01-09 11:20:11.055636,P4-Low,Software,AGT-00014,43.94,72,False,False,3
INC-01735,2025-06-14 11:50:00,2025-06-17 05:49:55.816940,P4-Low,Software,AGT-00010,66.0,72,False,False,3
INC-01736,2025-05-05 10:59:00,2025-05-05 16:03:10.254477,P3-Medium,Hardware,AGT-00009,5.07,24,False,False,4
INC-01737,2025-01-17 07:00:00,2025-01-17 16:34:13.946329,P3-Medium,Network,AGT-00001,9.57,24,False,False,5
INC-01738,2025-04-02 09:09:00,2025-04-02 18:36:27.275859,P3-Medium,Network,AGT-00014,9.46,24,False,False,3
INC-01739,2025-04-25 12:45:00,2025-04-25 22:34:33.875659,P2-High,Software,AGT-00003,9.83,8,True,False,2
INC-01740,2025-02-11 11:34:00,2025-02-14 23:46:44.162826,P4-Low,Network,AGT-00012,84.21,72,True,False,2
INC-01741,2025-03-13 15:57:00,2025-03-14 09:06:51.862506,P3-Medium,Software,AGT-00008,17.16,24,False,False,2
INC-01742,2025-01-11 08:24:00,2025-01-13 07:01:24.835930,P4-Low,Email/Comm,AGT-00001,46.62,72,False,False,4
INC-01743,2025-04-03 20:37:00,2025-04-06 00:01:03.755744,P4-Low,Software,AGT-00015,51.4,72,False,False,4
INC-01744,2025-03-30 19:05:00,2025-03-31 00:24:25.523779,P1-Critical,Software,AGT-00008,5.32,4,True,False,1
INC-01745,2025-02-08 07:59:00,2025-02-08 11:14:15.350509,P2-High,Hardware,AGT-00004,3.25,8,False,False,4
INC-01746,2025-01-22 10:51:00,2025-01-24 17:37:02.566757,P4-Low,Hardware,AGT-00008,54.77,72,False,False,4
INC-01747,2025-03-06 09:17:00,2025-03-07 11:05:05.691738,P3-Medium,Email/Comm,AGT-00004,25.8,24,True,False,4
INC-01748,2025-06-16 09:19:00,2025-06-16 13:19:07.878024,P1-Critical,Hardware,AGT-00002,4.0,4,True,False,5
INC-01749,2025-06-18 12:05:00,2025-06-19 07:35:59.950558,P3-Medium,Hardware,AGT-00015,19.52,24,False,False,1
INC-01750,2025-05-27 01:24:00,2025-05-29 23:25:15.318665,P4-Low,Email/Comm,AGT-00001,70.02,72,False,False,4
INC-01751,2025-04-07 10:51:00,2025-04-07 11:21:00.000000,P3-Medium,Software,AGT-00003,0.5,24,False,False,5
INC-01752,2025-03-30 15:35:00,2025-03-31 15:00:22.809202,P3-Medium,Access Management,AGT-00002,23.42,24,False,False,3
INC-01753,2025-06-20 20:55:00,2025-06-21 01:07:38.646393,P2-High,Software,AGT-00008,4.21,8,False,False,2
INC-01754,2025-01-20 08:04:00,2025-01-20 21:27:14.431426,P4-Low,Access Management,AGT-00001,13.39,72,False,False,5
INC-01755,2025-01-04 16:21:00,2025-01-07 04:34:26.587166,P4-Low,Access Management,AGT-00001,60.22,72,False,False,4
INC-01756,2025-04-28 14:21:00,2025-04-29 01:39:28.097669,P2-High,Software,AGT-00012,11.31,8,True,False,1
INC-01757,2025-01-21 08:45:00,2025-01-21 14:46:08.148716,P2-High,Access Management,AGT-00002,6.02,8,False,False,1
INC-01758,2025-01-21 11:40:00,2025-01-24 08:43:26.967399,P4-Low,Hardware,AGT-00001,69.06,72,False,False,4
INC-01759,2025-02-17 12:46:00,2025-02-18 00:54:34.706051,P2-High,Email/Comm,AGT-00007,12.14,8,True,False,4
INC-01760,2025-02-15 22:16:00,2025-02-16 09:22:07.922115,P2-High,Network,AGT-00001,11.1,8,True,False,2
INC-01761,2025-01-20 09:54:00,2025-01-23 20:41:57.446115,P4-Low,Software,AGT-00008,82.8,72,True,False,5
INC-01762,2025-06-03 11:40:00,2025-06-03 20:45:50.806388,P2-High,Software,AGT-00007,9.1,8,True,False,2
INC-01763,2025-06-17 19:43:00,2025-06-19 23:13:31.222001,P4-Low,Access Management,AGT-00006,51.51,72,False,False,5
INC-01764,2025-01-16 14:52:00,2025-01-16 15:45:35.230770,P2-High,Network,AGT-00003,0.89,8,False,False,4
INC-01765,2025-06-22 07:37:00,2025-06-24 04:41:43.500855,P4-Low,Software,AGT-00015,45.08,72,False,False,5
INC-01766,2025-05-26 09:53:00,2025-05-26 21:08:14.498055,P3-Medium,Software,AGT-00014,11.25,24,False,False,4
INC-01767,2025-05-06 10:47:00,2025-05-10 08:12:07.875660,P4-Low,Software,AGT-00003,93.42,72,True,False,2
INC-01768,2025-04-29 10:50:00,2025-04-29 13:28:53.622150,P1-Critical,Software,AGT-00005,2.65,4,False,False,5
INC-01769,2025-02-06 16:24:00,2025-02-07 11:23:08.298435,P3-Medium,Access Management,AGT-00005,18.99,24,False,False,1
INC-01770,2025-06-11 08:23:00,2025-06-11 16:48:48.715738,P2-High,Hardware,AGT-00015,8.43,8,True,True,3
INC-01771,2025-02-17 09:01:00,2025-02-18 03:21:55.750456,P3-Medium,Network,AGT-00007,18.35,24,False,False,2
INC-01772,2025-03-19 17:54:00,2025-03-21 01:27:37.469964,P3-Medium,Network,AGT-00004,31.56,24,True,False,1
INC-01773,2025-02-10 12:42:00,2025-02-11 01:43:07.698382,P3-Medium,Access Management,AGT-00005,13.02,24,False,False,5
INC-01774,2025-03-16 08:33:00,2025-03-16 15:43:52.053936,P2-High,Hardware,AGT-00005,7.18,8,False,False,5
INC-01775,2025-02-10 10:19:00,2025-02-10 22:22:36.847132,P3-Medium,Network,AGT-00003,12.06,24,False,False,4
INC-01776,2025-04-06 17:55:00,2025-04-06 19:47:47.716359,P2-High,Network,AGT-00003,1.88,8,False,False,4
INC-01777,2025-03-05 09:20:00,2025-03-05 22:26:21.050182,P3-Medium,Network,AGT-00004,13.11,24,False,False,5
INC-01778,2025-05-02 17:35:00,2025-05-04 18:50:33.350613,P4-Low,Software,AGT-00013,49.26,72,False,False,5
INC-01779,2025-06-11 13:58:00,2025-06-12 04:31:56.095934,P3-Medium,Email/Comm,AGT-00015,14.57,24,False,False,4
INC-01780,2025-05-01 19:20:00,2025-05-01 23:24:35.495654,P2-High,Access Management,AGT-00005,4.08,8,False,False,2
INC-01781,2025-05-06 12:57:00,2025-05-07 10:49:25.142616,P4-Low,Software,AGT-00001,21.87,72,False,False,5
INC-01782,2025-03-12 15:23:00,2025-03-13 08:43:06.559508,P3-Medium,Software,AGT-00010,17.34,24,False,False,2
INC-01783,2025-06-08 12:09:00,2025-06-08 13:23:00.523287,P2-High,Software,AGT-00003,1.23,8,False,False,5
INC-01784,2025-02-21 17:41:00,2025-02-22 17:45:49.611754,P3-Medium,Hardware,AGT-00012,24.08,24,True,False,4
INC-01785,2025-02-19 13:32:00,2025-02-20 08:11:34.264885,P3-Medium,Hardware,AGT-00001,18.66,24,False,False,5
INC-01786,2025-03-08 09:18:00,2025-03-08 15:38:22.516815,P3-Medium,Access Management,AGT-00001,6.34,24,False,True,4
INC-01787,2025-02-07 12:24:00,2025-02-09 08:12:56.946452,P4-Low,Network,AGT-00005,43.82,72,False,False,4
INC-01788,2025-03-12 09:38:00,2025-03-13 20:35:24.738797,P4-Low,Network,AGT-00003,34.96,72,False,False,3
INC-01789,2025-03-25 13:23:00,2025-03-25 21:00:01.598831,P2-High,Email/Comm,AGT-00002,7.62,8,False,False,5
INC-01790,2025-03-24 11:20:00,2025-03-25 16:03:24.972845,P3-Medium,Network,AGT-00005,28.72,24,True,False,3
INC-01791,2025-01-11 19:03:00,2025-01-11 22:02:55.032874,P3-Medium,Hardware,AGT-00009,3.0,24,False,False,5
INC-01792,2025-01-27 13:45:00,2025-01-28 08:40:12.751079,P3-Medium,Email/Comm,AGT-00002,18.92,24,False,False,5
INC-01793,2025-01-18 12:34:00,2025-01-20 11:21:50.438719,P4-Low,Hardware,AGT-00004,46.8,72,False,False,4
INC-01794,2025-01-23 17:28:00,2025-01-26 08:53:36.485504,P4-Low,Software,AGT-00006,63.43,72,False,False,5
INC-01795,2025-06-24 13:03:00,2025-06-26 19:18:50.157233,P4-Low,Hardware,AGT-00001,54.26,72,False,False,4
INC-01796,2025-02-09 21:08:00,2025-02-10 09:07:03.283246,P3-Medium,Network,AGT-00009,11.98,24,False,False,3
INC-01797,2025-03-16 12:42:00,2025-03-18 08:19:08.116632,P4-Low,Software,AGT-00001,43.62,72,False,False,4
INC-01798,2025-02-28 13:00:00,2025-02-28 16:42:50.074204,P2-High,Hardware,AGT-00001,3.71,8,False,False,2
INC-01799,2025-04-12 09:34:00,2025-04-15 09:05:12.513979,P4-Low,Software,AGT-00011,71.52,72,False,True,4
INC-01800,2025-04-10 08:12:00,2025-04-11 02:22:13.775482,P3-Medium,Hardware,AGT-00004,18.17,24,False,False,3
INC-01801,2025-06-16 10:01:00,2025-06-16 23:10:15.002640,P2-High,Access Management,AGT-00004,13.15,8,True,False,5
INC-01802,2025-01-29 05:51:00,2025-01-29 23:21:52.968562,P3-Medium,Access Management,AGT-00002,17.51,24,False,False,5
INC-01803,2025-03-18 17:43:00,2025-03-18 21:44:14.074737,P2-High,Access Management,AGT-00009,4.02,8,False,False,4
INC-01804,2025-02-28 13:56:00,2025-02-28 19:49:25.025493,P3-Medium,Software,AGT-00007,5.89,24,False,False,3
INC-01805,2025-03-27 09:46:00,2025-03-27 10:16:00.000000,P1-Critical,Network,AGT-00011,0.5,4,False,False,3
INC-01806,2025-05-06 12:38:00,2025-05-07 06:57:02.212104,P4-Low,Software,AGT-00002,18.32,72,False,False,5
INC-01807,2025-01-01 18:39:00,2025-01-04 01:59:33.118873,P4-Low,Hardware,AGT-00007,55.34,72,False,False,1
INC-01808,2025-05-26 21:06:00,2025-05-27 19:10:11.280669,P3-Medium,Network,AGT-00005,22.07,24,False,False,3
INC-01809,2025-01-20 10:41:00,2025-01-20 11:38:56.997154,P2-High,Software,AGT-00012,0.97,8,False,True,5
INC-01810,2025-02-22 08:40:00,2025-02-25 04:34:02.758613,P4-Low,Hardware,AGT-00003,67.9,72,False,False,4
INC-01811,2025-01-04 07:46:00,2025-01-04 09:48:01.960428,P1-Critical,Email/Comm,AGT-00005,2.03,4,False,False,5
INC-01812,2025-06-29 13:04:00,2025-06-30 08:14:27.638745,P3-Medium,Software,AGT-00003,19.17,24,False,False,3
INC-01813,2025-05-08 11:29:00,2025-05-08 23:37:33.979916,P2-High,Software,AGT-00001,12.14,8,True,False,5
INC-01814,2025-03-13 15:46:00,2025-03-14 16:56:28.972297,P3-Medium,Network,AGT-00001,25.17,24,True,False,3
INC-01815,2025-03-02 15:51:00,2025-03-02 18:18:46.579335,P1-Critical,Hardware,AGT-00012,2.46,4,False,True,4
INC-01816,2025-06-29 12:14:00,2025-06-30 20:24:34.159770,P4-Low,Access Management,AGT-00005,32.18,72,False,False,5
INC-01817,2025-05-01 13:23:00,2025-05-01 14:10:07.716442,P3-Medium,Network,AGT-00004,0.79,24,False,False,4
INC-01818,2025-03-30 11:37:00,2025-03-30 23:51:48.384406,P3-Medium,Network,AGT-00009,12.25,24,False,False,4
INC-01819,2025-05-07 15:26:00,2025-05-08 07:44:39.449122,P3-Medium,Hardware,AGT-00011,16.31,24,False,False,4
INC-01820,2025-04-02 14:28:00,2025-04-03 00:34:09.229618,P3-Medium,Access Management,AGT-00003,10.1,24,False,False,5
INC-01821,2025-06-10 08:21:00,2025-06-10 14:23:26.162215,P2-High,Network,AGT-00006,6.04,8,False,False,5
INC-01822,2025-02-22 17:25:00,2025-02-23 00:11:08.333725,P2-High,Access Management,AGT-00002,6.77,8,False,False,4
INC-01823,2025-01-27 13:16:00,2025-01-27 18:58:46.814629,P2-High,Software,AGT-00001,5.71,8,False,False,4
INC-01824,2025-03-27 12:20:00,2025-03-27 16:33:29.967482,P2-High,Hardware,AGT-00008,4.22,8,False,False,5
INC-01825,2025-04-11 09:22:00,2025-04-12 04:42:57.254553,P3-Medium,Software,AGT-00008,19.35,24,False,False,4
INC-01826,2025-02-09 18:57:00,2025-02-12 05:47:19.726769,P4-Low,Hardware,AGT-00007,58.84,72,False,False,5
INC-01827,2025-05-07 08:04:00,2025-05-08 12:15:31.266424,P4-Low,Email/Comm,AGT-00010,28.19,72,False,False,3
INC-01828,2025-06-13 07:52:00,2025-06-16 14:05:07.131342,P4-Low,Hardware,AGT-00002,78.22,72,True,False,1
INC-01829,2025-06-24 06:16:00,2025-06-24 23:28:40.661790,P3-Medium,Hardware,AGT-00011,17.21,24,False,False,2
INC-01830,2025-06-02 10:24:00,2025-06-04 12:46:37.172852,P4-Low,Software,AGT-00001,50.38,72,False,False,3
INC-01831,2025-06-01 05:31:00,2025-06-02 05:10:56.575390,P3-Medium,Email/Comm,AGT-00007,23.67,24,False,False,4
INC-01832,2025-04-09 16:49:00,2025-04-10 12:40:56.624580,P3-Medium,Hardware,AGT-00005,19.87,24,False,False,4
INC-01833,2025-05-06 23:24:00,2025-05-08 01:01:30.335057,P3-Medium,Software,AGT-00015,25.63,24,True,True,2
INC-01834,2025-01-22 09:53:00,2025-01-24 17:37:32.939895,P4-Low,Software,AGT-00006,55.74,72,False,False,5
INC-01835,2025-05-01 03:19:00,2025-05-01 16:25:01.803610,P3-Medium,Access Management,AGT-00003,13.1,24,False,False,5
INC-01836,2025-06-25 08:55:00,2025-06-26 05:48:31.301526,P3-Medium,Software,AGT-00001,20.89,24,False,False,1
INC-01837,2025-03-12 15:24:00,2025-03-13 00:15:00.685229,P3-Medium,Network,AGT-00002,8.85,24,False,False,4
INC-01838,2025-05-13 12:57:00,2025-05-14 07:49:06.519526,P3-Medium,Hardware,AGT-00002,18.87,24,False,False,5
INC-01839,2025-06-25 08:53:00,2025-06-25 11:49:00.744067,P1-Critical,Software,AGT-00005,2.93,4,False,False,4
INC-01840,2025-06-17 19:49:00,2025-06-18 01:35:17.727598,P2-High,Software,AGT-00009,5.77,8,False,False,3
INC-01841,2025-05-07 09:28:00,2025-05-07 15:31:00.427356,P2-High,Access Management,AGT-00007,6.05,8,False,False,5
INC-01842,2025-06-04 13:28:00,2025-06-04 13:58:00.000000,P2-High,Network,AGT-00002,0.5,8,False,False,5
INC-01843,2025-04-05 14:06:00,2025-04-06 03:42:36.722657,P3-Medium,Access Management,AGT-00013,13.61,24,False,False,1
INC-01844,2025-01-23 09:42:00,2025-01-24 04:26:33.933153,P3-Medium,Access Management,AGT-00001,18.74,24,False,False,4
INC-01845,2025-01-31 02:05:00,2025-02-02 07:16:49.660224,P4-Low,Email/Comm,AGT-00012,53.2,72,False,False,4
INC-01846,2025-03-09 12:50:00,2025-03-09 22:36:42.955941,P3-Medium,Email/Comm,AGT-00004,9.78,24,False,False,4
INC-01847,2025-03-18 08:44:00,2025-03-18 19:39:47.918795,P2-High,Network,AGT-00002,10.93,8,True,False,2
INC-01848,2025-03-10 13:00:00,2025-03-11 00:04:14.164371,P3-Medium,Network,AGT-00006,11.07,24,False,False,5
INC-01849,2025-02-24 09:30:00,2025-02-25 11:15:20.367375,P3-Medium,Hardware,AGT-00005,25.76,24,True,False,1
INC-01850,2025-01-19 08:08:00,2025-01-19 16:07:42.648960,P2-High,Software,AGT-00007,8.0,8,False,False,2
INC-01851,2025-01-19 13:15:00,2025-01-21 02:19:31.633691,P4-Low,Software,AGT-00015,37.08,72,False,False,4
INC-01852,2025-04-15 06:27:00,2025-04-16 14:39:08.953707,P3-Medium,Email/Comm,AGT-00011,32.2,24,True,True,2
INC-01853,2025-04-06 11:38:00,2025-04-06 20:05:03.259245,P3-Medium,Network,AGT-00008,8.45,24,False,False,3
INC-01854,2025-05-11 19:41:00,2025-05-14 16:03:59.100500,P4-Low,Software,AGT-00014,68.38,72,False,False,4
INC-01855,2025-01-20 11:01:00,2025-01-20 21:01:07.337207,P2-High,Software,AGT-00005,10.0,8,True,False,2
INC-01856,2025-01-11 11:25:00,2025-01-12 00:03:06.137979,P3-Medium,Access Management,AGT-00010,12.64,24,False,False,4
INC-01857,2025-06-04 10:19:00,2025-06-07 16:09:57.501605,P4-Low,Hardware,AGT-00011,77.85,72,True,False,2
INC-01858,2025-05-31 15:59:00,2025-06-01 07:58:58.660380,P3-Medium,Access Management,AGT-00011,16.0,24,False,False,4
INC-01859,2025-06-27 12:21:00,2025-06-29 20:07:25.941308,P4-Low,Network,AGT-00003,55.77,72,False,False,4
INC-01860,2025-03-15 14:14:00,2025-03-15 21:38:40.055169,P2-High,Software,AGT-00014,7.41,8,False,False,5
INC-01861,2025-03-20 09:21:00,2025-03-22 08:39:49.770614,P4-Low,Software,AGT-00004,47.31,72,False,False,4
INC-01862,2025-06-06 19:08:00,2025-06-07 19:37:11.278267,P3-Medium,Software,AGT-00008,24.49,24,True,False,3
INC-01863,2025-05-22 10:51:00,2025-05-22 20:07:37.957879,P2-High,Software,AGT-00008,9.28,8,True,False,2
INC-01864,2025-03-05 09:50:00,2025-03-05 10:20:00.000000,P2-High,Access Management,AGT-00003,0.5,8,False,False,3
INC-01865,2025-04-11 12:17:00,2025-04-14 16:22:12.497487,P4-Low,Access Management,AGT-00004,76.09,72,True,False,2
INC-01866,2025-02-01 22:52:00,2025-02-02 03:34:00.230745,P3-Medium,Hardware,AGT-00001,4.7,24,False,False,4
INC-01867,2025-05-07 12:35:00,2025-05-07 22:41:50.082175,P2-High,Access Management,AGT-00003,10.11,8,True,False,2
INC-01868,2025-04-20 14:31:00,2025-04-21 17:31:49.107941,P3-Medium,Network,AGT-00001,27.01,24,True,False,2
INC-01869,2025-04-03 16:03:00,2025-04-04 01:19:20.166810,P3-Medium,Network,AGT-00002,9.27,24,False,True,2
INC-01870,2025-01-25 20:43:00,2025-01-26 01:46:43.739972,P2-High,Software,AGT-00002,5.06,8,False,False,1
INC-01871,2025-06-09 15:18:00,2025-06-10 00:27:15.705548,P3-Medium,Network,AGT-00001,9.15,24,False,False,3
INC-01872,2025-05-22 10:15:00,2025-05-23 02:31:50.274328,P3-Medium,Software,AGT-00003,16.28,24,False,False,4
INC-01873,2025-04-09 09:39:00,2025-04-10 01:11:08.612615,P3-Medium,Hardware,AGT-00010,15.54,24,False,True,3
INC-01874,2025-05-05 08:15:00,2025-05-06 08:29:14.223329,P3-Medium,Software,AGT-00015,24.24,24,True,False,1
INC-01875,2025-02-26 10:00:00,2025-02-27 14:28:56.891888,P3-Medium,Network,AGT-00002,28.48,24,True,False,2
INC-01876,2025-02-24 09:54:00,2025-02-25 15:03:55.693751,P3-Medium,Software,AGT-00004,29.17,24,True,False,3
INC-01877,2025-06-07 16:01:00,2025-06-08 05:31:09.560835,P3-Medium,Access Management,AGT-00004,13.5,24,False,False,3
INC-01878,2025-05-15 10:01:00,2025-05-17 07:49:56.025090,P4-Low,Software,AGT-00010,45.82,72,False,False,4
INC-01879,2025-06-30 07:53:00,2025-07-01 00:12:52.450160,P4-Low,Software,AGT-00004,16.33,72,False,False,4
INC-01880,2025-04-14 10:45:00,2025-04-15 20:37:57.355212,P4-Low,Hardware,AGT-00003,33.88,72,False,False,3
INC-01881,2025-05-25 09:44:00,2025-05-26 11:27:07.727033,P3-Medium,Software,AGT-00001,25.72,24,True,False,3
INC-01882,2025-01-06 12:46:00,2025-01-06 18:59:52.196330,P1-Critical,Software,AGT-00004,6.23,4,True,False,2
INC-01883,2025-03-08 12:10:00,2025-03-08 20:17:30.752490,P3-Medium,Hardware,AGT-00003,8.13,24,False,False,4
INC-01884,2025-01-10 22:23:00,2025-01-11 11:38:37.029336,P3-Medium,Software,AGT-00002,13.26,24,False,True,3
INC-01885,2025-05-22 06:05:00,2025-05-22 23:52:19.514200,P3-Medium,Network,AGT-00007,17.79,24,False,False,3
INC-01886,2025-02-17 09:19:00,2025-02-17 16:47:50.030601,P2-High,Network,AGT-00005,7.48,8,False,False,2
INC-01887,2025-02-15 10:30:00,2025-02-16 20:18:28.546566,P4-Low,Software,AGT-00006,33.81,72,False,False,5
INC-01888,2025-01-20 06:06:00,2025-01-20 14:05:03.169160,P2-High,Access Management,AGT-00002,7.98,8,False,False,5
INC-01889,2025-04-05 15:09:00,2025-04-06 05:21:33.426804,P3-Medium,Access Management,AGT-00006,14.21,24,False,False,3
INC-01890,2025-03-11 13:01:00,2025-03-13 14:43:39.436497,P4-Low,Hardware,AGT-00002,49.71,72,False,False,5
INC-01891,2025-02-03 09:38:00,2025-02-04 08:00:12.986343,P3-Medium,Network,AGT-00005,22.37,24,False,False,4
INC-01892,2025-01-29 15:10:00,2025-01-30 09:13:04.961371,P3-Medium,Hardware,AGT-00002,18.05,24,False,False,5
INC-01893,2025-04-28 13:31:00,2025-04-28 18:29:21.537779,P2-High,Software,AGT-00001,4.97,8,False,False,4
INC-01894,2025-06-15 21:22:00,2025-06-16 14:29:23.237647,P3-Medium,Software,AGT-00006,17.12,24,False,False,4
INC-01895,2025-04-15 08:54:00,2025-04-17 09:07:57.866937,P4-Low,Software,AGT-00003,48.23,72,False,False,5
INC-01896,2025-03-18 08:57:00,2025-03-18 14:09:17.861023,P2-High,Software,AGT-00004,5.2,8,False,False,4
INC-01897,2025-01-05 09:49:00,2025-01-06 01:44:46.673395,P3-Medium,Hardware,AGT-00002,15.93,24,False,False,2
INC-01898,2025-06-16 17:25:00,2025-06-20 03:23:22.596276,P4-Low,Access Management,AGT-00009,81.97,72,True,False,1
INC-01899,2025-04-30 15:23:00,2025-04-30 23:50:47.585044,P2-High,Software,AGT-00005,8.46,8,True,False,2
INC-01900,2025-06-13 20:18:00,2025-06-14 11:56:10.166841,P3-Medium,Network,AGT-00014,15.64,24,False,False,4
INC-01901,2025-01-20 14:22:00,2025-01-23 06:18:20.717125,P4-Low,Access Management,AGT-00012,63.94,72,False,False,4
INC-01902,2025-01-18 10:12:00,2025-01-18 12:31:56.499674,P1-Critical,Email/Comm,AGT-00012,2.33,4,False,False,4
INC-01903,2025-05-24 09:01:00,2025-05-24 14:21:46.497391,P1-Critical,Network,AGT-00009,5.35,4,True,False,3
INC-01904,2025-06-06 12:39:00,2025-06-07 09:36:25.695135,P3-Medium,Software,AGT-00003,20.96,24,False,False,4
INC-01905,2025-05-05 11:32:00,2025-05-07 11:23:14.245632,P4-Low,Software,AGT-00012,47.85,72,False,True,5
INC-01906,2025-02-09 20:24:00,2025-02-10 17:58:54.247463,P3-Medium,Software,AGT-00001,21.58,24,False,False,5
INC-01907,2025-02-20 07:24:00,2025-02-20 12:49:58.766820,P3-Medium,Software,AGT-00002,5.43,24,False,False,3
INC-01908,2025-04-18 13:26:00,2025-04-18 14:10:47.274224,P1-Critical,Network,AGT-00002,0.75,4,False,False,5
INC-01909,2025-02-23 00:04:00,2025-02-23 08:30:54.959816,P3-Medium,Software,AGT-00015,8.45,24,False,False,1
INC-01910,2025-02-12 20:31:00,2025-02-13 15:39:36.761129,P3-Medium,Access Management,AGT-00002,19.14,24,False,False,4
INC-01911,2025-04-06 18:16:00,2025-04-10 06:55:01.079963,P4-Low,Hardware,AGT-00008,84.65,72,True,False,2
INC-01912,2025-03-25 13:42:00,2025-03-29 12:19:33.610526,P4-Low,Access Management,AGT-00007,94.63,72,True,False,3
INC-01913,2025-03-04 09:01:00,2025-03-05 08:07:15.871721,P3-Medium,Hardware,AGT-00007,23.1,24,False,False,3
INC-01914,2025-04-14 06:37:00,2025-04-16 18:38:00.802196,P4-Low,Hardware,AGT-00015,60.02,72,False,False,5
INC-01915,2025-02-26 19:15:00,2025-02-26 19:45:00.000000,P2-High,Network,AGT-00002,0.5,8,False,False,3
INC-01916,2025-04-13 11:21:00,2025-04-13 15:57:02.310123,P2-High,Software,AGT-00004,4.6,8,False,False,3
INC-01917,2025-03-22 20:03:00,2025-03-23 07:44:51.827945,P3-Medium,Email/Comm,AGT-00008,11.7,24,False,False,5
INC-01918,2025-04-05 08:15:00,2025-04-05 12:34:37.320262,P2-High,Software,AGT-00001,4.33,8,False,False,5
INC-01919,2025-04-21 18:18:00,2025-04-23 16:56:13.645062,P4-Low,Software,AGT-00002,46.64,72,False,False,5
INC-01920,2025-01-22 07:05:00,2025-01-22 21:18:23.791362,P3-Medium,Software,AGT-00007,14.22,24,False,False,1
INC-01921,2025-06-28 14:03:00,2025-06-28 16:12:56.165461,P3-Medium,Software,AGT-00001,2.17,24,False,True,3
INC-01922,2025-06-25 20:44:00,2025-06-26 05:51:03.669227,P2-High,Email/Comm,AGT-00004,9.12,8,True,False,2
INC-01923,2025-01-10 23:05:00,2025-01-10 23:56:16.250215,P1-Critical,Access Management,AGT-00003,0.85,4,False,False,4
INC-01924,2025-04-11 17:31:00,2025-04-14 00:18:05.774216,P4-Low,Network,AGT-00002,54.78,72,False,False,4
INC-01925,2025-03-14 08:29:00,2025-03-15 19:04:33.580889,P3-Medium,Software,AGT-00011,34.59,24,True,False,2
INC-01926,2025-06-05 09:18:00,2025-06-05 19:56:41.723762,P3-Medium,Software,AGT-00001,10.64,24,False,True,5
INC-01927,2025-04-02 21:19:00,2025-04-02 21:49:00.000000,P3-Medium,Software,AGT-00011,0.5,24,False,False,5
INC-01928,2025-03-21 15:13:00,2025-03-22 06:55:43.078410,P3-Medium,Access Management,AGT-00003,15.71,24,False,False,2
INC-01929,2025-01-31 08:28:00,2025-01-31 18:49:12.091401,P2-High,Network,AGT-00007,10.35,8,True,False,3
INC-01930,2025-03-03 15:27:00,2025-03-05 01:07:00.406682,P3-Medium,Hardware,AGT-00003,33.67,24,True,False,4
INC-01931,2025-03-19 20:13:00,2025-03-20 04:22:48.971680,P3-Medium,Software,AGT-00008,8.16,24,False,False,4
INC-01932,2025-01-13 03:54:00,2025-01-14 01:52:24.937629,P3-Medium,Software,AGT-00003,21.97,24,False,False,4
INC-01933,2025-03-24 12:52:00,2025-03-26 05:33:37.647112,P4-Low,Software,AGT-00015,40.69,72,False,False,5
INC-01934,2025-05-26 18:11:00,2025-05-27 11:20:08.687396,P3-Medium,Hardware,AGT-00013,17.15,24,False,True,5
INC-01935,2025-03-27 08:56:00,2025-03-31 15:49:12.720985,P4-Low,Software,AGT-00005,102.89,72,True,False,2
INC-01936,2025-02-16 11:49:00,2025-02-16 17:47:34.454542,P3-Medium,Hardware,AGT-00002,5.98,24,False,True,4
INC-01937,2025-01-27 12:52:00,2025-01-28 08:53:47.702251,P3-Medium,Software,AGT-00003,20.03,24,False,False,3
INC-01938,2025-05-10 10:25:00,2025-05-10 18:33:12.933964,P2-High,Software,AGT-00012,8.14,8,True,False,5
INC-01939,2025-01-11 12:46:00,2025-01-12 15:27:10.646158,P3-Medium,Software,AGT-00005,26.69,24,True,False,2
INC-01940,2025-01-05 11:40:00,2025-01-07 15:37:34.787050,P4-Low,Software,AGT-00003,51.96,72,False,False,2
INC-01941,2025-06-05 13:59:00,2025-06-07 22:08:39.638844,P4-Low,Software,AGT-00005,56.16,72,False,False,4
INC-01942,2025-01-10 17:42:00,2025-01-11 08:34:00.521258,P3-Medium,Hardware,AGT-00007,14.87,24,False,False,3
INC-01943,2025-04-26 09:00:00,2025-04-27 05:09:10.855908,P3-Medium,Software,AGT-00001,20.15,24,False,False,5
INC-01944,2025-05-20 21:01:00,2025-05-22 16:09:10.156164,P4-Low,Hardware,AGT-00011,43.14,72,False,False,5
INC-01945,2025-06-03 15:31:00,2025-06-06 05:56:53.176070,P4-Low,Software,AGT-00003,62.43,72,False,False,3
INC-01946,2025-03-02 20:24:00,2025-03-03 11:26:35.222322,P3-Medium,Hardware,AGT-00002,15.04,24,False,False,3
INC-01947,2025-01-21 10:15:00,2025-01-22 07:16:00.491344,P3-Medium,Hardware,AGT-00008,21.02,24,False,False,1
INC-01948,2025-06-18 10:16:00,2025-06-18 16:39:51.288548,P2-High,Access Management,AGT-00003,6.4,8,False,False,5
INC-01949,2025-03-15 10:34:00,2025-03-15 21:00:28.233160,P2-High,Network,AGT-00001,10.44,8,True,False,3
INC-01950,2025-01-01 21:04:00,2025-01-02 03:23:12.439083,P2-High,Network,AGT-00002,6.32,8,False,False,5
INC-01951,2025-04-26 10:32:00,2025-04-27 01:04:21.662289,P4-Low,Email/Comm,AGT-00001,14.54,72,False,False,5
INC-01952,2025-03-13 17:22:00,2025-03-14 21:27:43.339221,P3-Medium,Network,AGT-00008,28.1,24,True,False,2
INC-01953,2025-01-05 19:39:00,2025-01-06 06:24:14.909735,P3-Medium,Network,AGT-00014,10.75,24,False,False,5
INC-01954,2025-02-11 13:44:00,2025-02-11 17:56:42.544133,P2-High,Network,AGT-00002,4.21,8,False,False,4
INC-01955,2025-04-10 17:27:00,2025-04-12 07:32:12.386829,P4-Low,Software,AGT-00001,38.09,72,False,False,4
INC-01956,2025-06-13 12:37:00,2025-06-16 18:06:19.542708,P4-Low,Hardware,AGT-00002,77.49,72,True,False,1
INC-01957,2025-05-07 13:29:00,2025-05-07 20:46:11.456594,P4-Low,Hardware,AGT-00008,7.29,72,False,False,4
INC-01958,2025-01-01 13:01:00,2025-01-02 06:29:55.631524,P2-High,Network,AGT-00005,17.48,8,True,False,4
INC-01959,2025-03-22 18:05:00,2025-03-23 20:31:54.436101,P3-Medium,Software,AGT-00011,26.45,24,True,False,1
INC-01960,2025-05-02 12:35:00,2025-05-03 08:22:09.280727,P3-Medium,Access Management,AGT-00007,19.79,24,False,False,3
INC-01961,2025-03-23 09:34:00,2025-03-24 03:07:39.052782,P3-Medium,Network,AGT-00011,17.56,24,False,False,3
INC-01962,2025-02-05 15:52:00,2025-02-07 23:34:39.893390,P4-Low,Network,AGT-00003,55.71,72,False,False,3
INC-01963,2025-05-16 11:31:00,2025-05-17 09:41:08.325937,P3-Medium,Software,AGT-00001,22.17,24,False,False,3
INC-01964,2025-01-24 18:59:00,2025-01-24 23:16:25.552219,P1-Critical,Email/Comm,AGT-00003,4.29,4,True,False,2
INC-01965,2025-03-27 10:07:00,2025-03-27 18:33:40.616272,P2-High,Network,AGT-00015,8.44,8,True,False,1
INC-01966,2025-05-21 16:58:00,2025-05-23 20:45:29.809050,P4-Low,Hardware,AGT-00003,51.79,72,False,False,5
INC-01967,2025-03-18 19:42:00,2025-03-19 12:07:16.653495,P3-Medium,Software,AGT-00008,16.42,24,False,False,5
INC-01968,2025-04-18 07:21:00,2025-04-20 06:19:28.323577,P4-Low,Network,AGT-00013,46.97,72,False,False,2
INC-01969,2025-01-28 19:02:00,2025-01-29 00:51:04.155668,P2-High,Email/Comm,AGT-00007,5.82,8,False,False,4
INC-01970,2025-05-24 19:15:00,2025-05-25 22:19:12.578790,P3-Medium,Hardware,AGT-00007,27.07,24,True,False,1
INC-01971,2025-06-11 17:30:00,2025-06-12 16:14:54.433602,P3-Medium,Software,AGT-00012,22.75,24,False,False,5
INC-01972,2025-05-11 09:26:00,2025-05-11 09:56:00.000000,P2-High,Email/Comm,AGT-00012,0.5,8,False,True,4
INC-01973,2025-02-18 12:15:00,2025-02-19 11:29:49.942364,P3-Medium,Access Management,AGT-00010,23.25,24,False,False,3
INC-01974,2025-03-30 08:37:00,2025-03-31 04:10:28.402408,P3-Medium,Network,AGT-00006,19.56,24,False,False,4
INC-01975,2025-06-30 11:41:00,2025-07-01 05:32:01.187814,P3-Medium,Software,AGT-00013,17.85,24,False,False,1
INC-01976,2025-06-26 08:11:00,2025-06-26 13:19:24.667491,P2-High,Software,AGT-00009,5.14,8,False,False,4
INC-01977,2025-03-01 23:47:00,2025-03-05 00:15:56.115839,P4-Low,Hardware,AGT-00008,72.48,72,True,True,1
INC-01978,2025-01-29 13:41:00,2025-01-30 15:15:48.762109,P3-Medium,Email/Comm,AGT-00003,25.58,24,True,False,1
INC-01979,2025-04-25 08:46:00,2025-04-25 20:35:01.123167,P3-Medium,Software,AGT-00003,11.82,24,False,False,2
INC-01980,2025-05-13 15:28:00,2025-05-14 12:43:23.105869,P3-Medium,Email/Comm,AGT-00004,21.26,24,False,False,5
INC-01981,2025-06-20 18:42:00,2025-06-20 21:47:57.125145,P2-High,Software,AGT-00002,3.1,8,False,False,4
INC-01982,2025-04-29 08:50:00,2025-04-29 15:47:46.996854,P3-Medium,Network,AGT-00001,6.96,24,False,False,2
INC-01983,2025-03-15 08:17:00,2025-03-15 21:16:10.543932,P3-Medium,Hardware,AGT-00004,12.99,24,False,False,5
INC-01984,2025-04-27 10:41:00,2025-04-28 11:34:56.932005,P3-Medium,Access Management,AGT-00001,24.9,24,True,False,1
INC-01985,2025-03-11 08:14:00,2025-03-14 05:17:45.003267,P4-Low,Access Management,AGT-00015,69.06,72,False,False,2
INC-01986,2025-05-22 12:59:00,2025-05-25 01:14:42.150247,P4-Low,Software,AGT-00004,60.26,72,False,False,3
INC-01987,2025-06-18 13:19:00,2025-06-19 13:07:02.758661,P3-Medium,Hardware,AGT-00001,23.8,24,False,False,1
INC-01988,2025-03-14 09:15:00,2025-03-15 07:22:45.934669,P3-Medium,Access Management,AGT-00003,22.13,24,False,False,4
INC-01989,2025-05-16 20:40:00,2025-05-17 09:32:05.330058,P3-Medium,Software,AGT-00010,12.87,24,False,False,4
INC-01990,2025-05-22 11:21:00,2025-05-22 19:21:42.224063,P2-High,Network,AGT-00009,8.01,8,True,True,1
INC-01991,2025-03-06 15:17:00,2025-03-07 00:35:05.160018,P2-High,Hardware,AGT-00009,9.3,8,True,False,3
INC-01992,2025-04-02 07:30:00,2025-04-03 07:32:03.590299,P3-Medium,Email/Comm,AGT-00006,24.03,24,True,False,4
INC-01993,2025-03-03 13:31:00,2025-03-04 17:01:40.705098,P3-Medium,Access Management,AGT-00004,27.51,24,True,False,5
INC-01994,2025-02-05 09:55:00,2025-02-05 14:19:59.787700,P1-Critical,Network,AGT-00006,4.42,4,True,True,2
INC-01995,2025-05-21 12:08:00,2025-05-22 08:56:41.708377,P3-Medium,Access Management,AGT-00001,20.81,24,False,False,3
INC-01996,2025-05-31 11:17:00,2025-06-01 13:50:40.326864,P3-Medium,Network,AGT-00001,26.56,24,True,False,4
INC-01997,2025-06-06 08:51:00,2025-06-08 10:19:10.469334,P4-Low,Network,AGT-00014,49.47,72,False,False,4
INC-01998,2025-05-02 15:34:00,2025-05-03 02:30:42.010045,P3-Medium,Email/Comm,AGT-00003,10.95,24,False,False,5
INC-01999,2025-02-25 17:56:00,2025-02-26 10:37:43.671438,P3-Medium,Email/Comm,AGT-00005,16.7,24,False,False,2
INC-02000,2025-04-20 15:59:00,2025-04-21 04:01:26.803830,P3-Medium,Email/Comm,AGT-00003,12.04,24,False,False,4
INC-02001,2025-06-10 13:42:00,2025-06-11 02:17:54.865681,P3-Medium,Network,AGT-00001,12.6,24,False,False,3
INC-02002,2025-02-20 17:12:00,2025-02-20 23:11:39.064749,P2-High,Access Management,AGT-00009,5.99,8,False,False,4
INC-02003,2025-01-31 16:46:00,2025-02-01 04:25:38.306275,P3-Medium,Hardware,AGT-00002,11.66,24,False,False,4
INC-02004,2025-02-09 15:53:00,2025-02-11 11:43:26.769866,P4-Low,Hardware,AGT-00008,43.84,72,False,False,4
INC-02005,2025-06-25 18:26:00,2025-06-25 18:56:00.000000,P1-Critical,Software,AGT-00006,0.5,4,False,False,5
INC-02006,2025-02-28 15:10:00,2025-02-28 22:24:47.500713,P2-High,Network,AGT-00001,7.25,8,False,False,4
INC-02007,2025-06-01 19:58:00,2025-06-02 13:58:34.717690,P3-Medium,Software,AGT-00014,18.01,24,False,False,3
INC-02008,2025-06-19 13:28:00,2025-06-20 00:55:47.847425,P3-Medium,Access Management,AGT-00007,11.46,24,False,False,4
INC-02009,2025-02-24 20:51:00,2025-02-27 12:02:05.688127,P4-Low,Hardware,AGT-00003,63.18,72,False,False,1
INC-02010,2025-01-24 18:07:00,2025-01-25 19:37:02.019964,P3-Medium,Software,AGT-00006,25.5,24,True,False,1
INC-02011,2025-01-29 13:25:00,2025-01-29 14:17:24.745709,P2-High,Access Management,AGT-00006,0.87,8,False,False,4
INC-02012,2025-05-18 18:51:00,2025-05-19 06:44:53.526377,P3-Medium,Network,AGT-00006,11.9,24,False,False,5
INC-02013,2025-03-03 13:05:00,2025-03-04 00:55:48.700326,P3-Medium,Software,AGT-00012,11.85,24,False,False,4
INC-02014,2025-02-15 05:31:00,2025-02-15 15:59:50.790688,P3-Medium,Hardware,AGT-00002,10.48,24,False,False,3
INC-02015,2025-05-13 08:28:00,2025-05-16 03:03:22.188619,P4-Low,Hardware,AGT-00007,66.59,72,False,False,5
INC-02016,2025-02-12 15:54:00,2025-02-13 08:20:57.807203,P3-Medium,Access Management,AGT-00003,16.45,24,False,False,1
INC-02017,2025-01-07 18:46:00,2025-01-07 21:14:15.493143,P1-Critical,Network,AGT-00008,2.47,4,False,True,3
INC-02018,2025-01-22 15:30:00,2025-01-23 01:25:21.909763,P4-Low,Access Management,AGT-00007,9.92,72,False,False,2
INC-02019,2025-06-11 16:38:00,2025-06-14 07:20:30.098175,P4-Low,Software,AGT-00004,62.71,72,False,True,2
INC-02020,2025-05-10 14:48:00,2025-05-10 22:53:09.358228,P3-Medium,Software,AGT-00001,8.09,24,False,False,3
INC-02021,2025-05-19 12:31:00,2025-05-20 06:59:46.059752,P3-Medium,Network,AGT-00008,18.48,24,False,False,5
INC-02022,2025-06-09 17:20:00,2025-06-10 00:48:14.949418,P2-High,Access Management,AGT-00003,7.47,8,False,False,1
INC-02023,2025-01-01 15:56:00,2025-01-02 20:49:06.967560,P3-Medium,Network,AGT-00007,28.89,24,True,False,2
INC-02024,2025-05-16 08:24:00,2025-05-16 15:55:45.972505,P3-Medium,Software,AGT-00006,7.53,24,False,False,3
INC-02025,2025-03-24 11:03:00,2025-03-24 11:33:00.000000,P2-High,Hardware,AGT-00002,0.5,8,False,False,5
INC-02026,2025-01-11 14:03:00,2025-01-13 19:43:37.167222,P4-Low,Software,AGT-00001,53.68,72,False,False,3
INC-02027,2025-04-01 17:01:00,2025-04-03 01:25:14.722028,P3-Medium,Software,AGT-00005,32.4,24,True,False,3
INC-02028,2025-02-02 06:17:00,2025-02-05 09:03:44.137412,P4-Low,Access Management,AGT-00006,74.78,72,True,False,4
INC-02029,2025-05-23 20:47:00,2025-05-26 02:58:35.477900,P4-Low,Hardware,AGT-00006,54.19,72,False,True,4
INC-02030,2025-05-02 12:59:00,2025-05-03 03:03:00.877854,P3-Medium,Access Management,AGT-00002,14.07,24,False,False,3
INC-02031,2025-04-13 09:09:00,2025-04-14 09:36:25.130783,P3-Medium,Network,AGT-00007,24.46,24,True,False,1
INC-02032,2025-05-14 13:42:00,2025-05-14 23:54:41.869449,P3-Medium,Software,AGT-00008,10.21,24,False,False,3
INC-02033,2025-02-03 11:46:00,2025-02-04 09:34:39.103757,P3-Medium,Network,AGT-00012,21.81,24,False,False,4
INC-02034,2025-04-29 18:52:00,2025-04-30 03:08:08.924005,P2-High,Email/Comm,AGT-00003,8.27,8,True,False,4
INC-02035,2025-04-06 16:55:00,2025-04-07 19:23:54.045336,P3-Medium,Network,AGT-00014,26.48,24,True,False,1
INC-02036,2025-05-20 15:18:00,2025-05-25 00:29:35.522802,P4-Low,Access Management,AGT-00004,105.19,72,True,False,4
INC-02037,2025-03-20 11:17:00,2025-03-21 08:25:21.579855,P3-Medium,Software,AGT-00005,21.14,24,False,False,4
INC-02038,2025-01-06 16:46:00,2025-01-08 08:35:14.618949,P4-Low,Software,AGT-00013,39.82,72,False,False,3
INC-02039,2025-03-12 10:08:00,2025-03-13 03:55:43.459809,P3-Medium,Software,AGT-00011,17.8,24,False,False,5
INC-02040,2025-06-25 14:54:00,2025-06-25 15:24:00.000000,P2-High,Software,AGT-00001,0.5,8,False,False,3
INC-02041,2025-02-19 17:16:00,2025-02-19 21:20:06.614548,P2-High,Email/Comm,AGT-00011,4.07,8,False,False,5
INC-02042,2025-01-27 07:45:00,2025-01-27 12:49:03.041280,P2-High,Access Management,AGT-00010,5.07,8,False,False,4
INC-02043,2025-06-05 22:15:00,2025-06-06 12:03:26.254139,P3-Medium,Access Management,AGT-00006,13.81,24,False,False,4
INC-02044,2025-03-24 23:02:00,2025-03-25 06:03:59.671388,P2-High,Hardware,AGT-00004,7.03,8,False,False,5
INC-02045,2025-06-06 16:31:00,2025-06-07 03:56:14.305947,P3-Medium,Email/Comm,AGT-00013,11.42,24,False,False,3
INC-02046,2025-04-15 16:46:00,2025-04-16 19:44:05.683219,P3-Medium,Software,AGT-00006,26.97,24,True,False,4
INC-02047,2025-01-08 13:21:00,2025-01-08 16:21:01.490867,P1-Critical,Network,AGT-00011,3.0,4,False,False,2
INC-02048,2025-03-04 15:21:00,2025-03-04 21:49:02.815954,P2-High,Software,AGT-00014,6.47,8,False,False,5
INC-02049,2025-01-31 21:58:00,2025-02-01 13:20:36.632164,P3-Medium,Hardware,AGT-00015,15.38,24,False,False,1
INC-02050,2025-03-30 08:03:00,2025-03-31 03:17:29.491695,P3-Medium,Hardware,AGT-00004,19.24,24,False,False,4
INC-02051,2025-05-28 10:34:00,2025-05-31 05:04:07.075056,P4-Low,Access Management,AGT-00007,66.5,72,False,False,3
INC-02052,2025-02-05 16:26:00,2025-02-06 03:29:46.649788,P3-Medium,Hardware,AGT-00001,11.06,24,False,False,5
INC-02053,2025-02-07 07:28:00,2025-02-07 11:39:47.732238,P2-High,Hardware,AGT-00007,4.2,8,False,False,3
INC-02054,2025-03-17 08:34:00,2025-03-17 14:00:13.052037,P2-High,Hardware,AGT-00001,5.44,8,False,False,5
INC-02055,2025-03-28 09:59:00,2025-03-29 09:03:57.293510,P4-Low,Software,AGT-00010,23.08,72,False,False,4
INC-02056,2025-01-30 16:27:00,2025-02-01 02:03:53.434100,P4-Low,Network,AGT-00008,33.61,72,False,False,1
INC-02057,2025-05-14 19:23:00,2025-05-14 21:25:51.209710,P1-Critical,Network,AGT-00015,2.05,4,False,False,5
INC-02058,2025-02-09 15:04:00,2025-02-10 00:37:37.303677,P2-High,Access Management,AGT-00001,9.56,8,True,False,3
INC-02059,2025-03-29 10:52:00,2025-03-29 18:17:08.272745,P2-High,Network,AGT-00002,7.42,8,False,False,4
INC-02060,2025-05-05 11:35:00,2025-05-06 07:07:55.389447,P3-Medium,Network,AGT-00007,19.55,24,False,False,2
INC-02061,2025-01-11 08:19:00,2025-01-11 17:47:41.314323,P2-High,Software,AGT-00003,9.48,8,True,False,1
INC-02062,2025-03-18 09:55:00,2025-03-19 02:49:03.692494,P3-Medium,Software,AGT-00002,16.9,24,False,False,4
INC-02063,2025-03-01 14:39:00,2025-03-04 00:27:33.469195,P4-Low,Network,AGT-00001,57.81,72,False,False,2
INC-02064,2025-06-05 17:32:00,2025-06-06 10:42:27.213516,P3-Medium,Software,AGT-00008,17.17,24,False,False,4
INC-02065,2025-02-16 20:45:00,2025-02-17 16:52:22.435663,P3-Medium,Access Management,AGT-00003,20.12,24,False,False,5
INC-02066,2025-06-30 13:40:00,2025-07-01 03:00:16.550661,P3-Medium,Network,AGT-00009,13.34,24,False,False,4
INC-02067,2025-05-22 14:48:00,2025-05-22 16:01:25.164604,P4-Low,Access Management,AGT-00008,1.22,72,False,False,5
INC-02068,2025-05-14 10:34:00,2025-05-15 03:29:32.760129,P3-Medium,Email/Comm,AGT-00005,16.93,24,False,False,4
INC-02069,2025-05-25 07:01:00,2025-05-26 12:23:55.146320,P3-Medium,Software,AGT-00002,29.38,24,True,False,4
INC-02070,2025-02-14 19:06:00,2025-02-15 20:30:35.003585,P3-Medium,Access Management,AGT-00012,25.41,24,True,False,3
INC-02071,2025-04-21 11:35:00,2025-04-24 08:53:28.618891,P4-Low,Hardware,AGT-00002,69.31,72,False,False,2
INC-02072,2025-02-09 11:07:00,2025-02-10 15:00:20.564788,P3-Medium,Network,AGT-00006,27.89,24,True,False,2
INC-02073,2025-02-25 10:46:00,2025-02-27 14:32:23.346549,P4-Low,Software,AGT-00002,51.77,72,False,False,4
INC-02074,2025-06-16 09:33:00,2025-06-17 05:07:42.692373,P3-Medium,Software,AGT-00013,19.58,24,False,False,5
INC-02075,2025-01-01 19:26:00,2025-01-03 09:04:49.063529,P4-Low,Access Management,AGT-00015,37.65,72,False,False,2
INC-02076,2025-03-29 03:51:00,2025-03-29 09:14:37.482014,P2-High,Software,AGT-00007,5.39,8,False,False,2
INC-02077,2025-04-22 14:05:00,2025-04-23 13:00:34.209113,P3-Medium,Software,AGT-00008,22.93,24,False,False,4
INC-02078,2025-02-25 01:30:00,2025-02-26 05:07:51.871790,P3-Medium,Software,AGT-00001,27.63,24,True,False,1
INC-02079,2025-05-16 10:21:00,2025-05-18 09:33:39.868151,P4-Low,Access Management,AGT-00009,47.21,72,False,False,5
INC-02080,2025-05-19 08:37:00,2025-05-19 23:00:54.549172,P3-Medium,Network,AGT-00003,14.4,24,False,False,3
INC-02081,2025-01-08 17:10:00,2025-01-09 11:10:15.205215,P3-Medium,Software,AGT-00001,18.0,24,False,False,3
INC-02082,2025-04-11 19:24:00,2025-04-11 23:36:08.688592,P1-Critical,Access Management,AGT-00005,4.2,4,True,False,1
INC-02083,2025-01-20 07:12:00,2025-01-21 04:19:22.453238,P4-Low,Access Management,AGT-00006,21.12,72,False,False,3
INC-02084,2025-01-17 11:03:00,2025-01-17 15:07:34.971374,P4-Low,Access Management,AGT-00001,4.08,72,False,False,3
INC-02085,2025-03-24 06:26:00,2025-03-24 20:01:44.538735,P3-Medium,Software,AGT-00012,13.6,24,False,False,5
INC-02086,2025-06-14 11:09:00,2025-06-14 19:23:03.482134,P3-Medium,Access Management,AGT-00014,8.23,24,False,False,4
INC-02087,2025-04-23 12:18:00,2025-04-24 02:14:05.562308,P3-Medium,Hardware,AGT-00013,13.93,24,False,False,2
INC-02088,2025-04-16 15:38:00,2025-04-18 14:40:39.817045,P4-Low,Access Management,AGT-00008,47.04,72,False,False,1
INC-02089,2025-06-10 17:59:00,2025-06-12 10:55:06.114550,P4-Low,Access Management,AGT-00005,40.94,72,False,False,1
INC-02090,2025-03-09 01:59:00,2025-03-09 13:34:01.090934,P2-High,Software,AGT-00007,11.58,8,True,False,2
INC-02091,2025-03-01 07:08:00,2025-03-01 14:46:36.984034,P2-High,Network,AGT-00002,7.64,8,False,False,3
INC-02092,2025-04-13 07:34:00,2025-04-14 03:58:13.661557,P3-Medium,Network,AGT-00003,20.4,24,False,False,4
INC-02093,2025-06-23 07:38:00,2025-06-23 16:18:39.810015,P2-High,Email/Comm,AGT-00013,8.68,8,True,False,2
INC-02094,2025-06-21 10:29:00,2025-06-21 12:59:50.702716,P2-High,Software,AGT-00011,2.51,8,False,False,4
INC-02095,2025-01-20 19:34:00,2025-01-21 21:52:46.419478,P3-Medium,Network,AGT-00002,26.31,24,True,False,2
INC-02096,2025-03-24 05:55:00,2025-03-24 08:45:54.497137,P1-Critical,Email/Comm,AGT-00012,2.85,4,False,False,4
INC-02097,2025-01-14 09:13:00,2025-01-17 00:37:34.604441,P4-Low,Network,AGT-00003,63.41,72,False,False,5
INC-02098,2025-04-29 16:31:00,2025-04-30 01:56:30.511688,P3-Medium,Software,AGT-00014,9.43,24,False,False,3
INC-02099,2025-01-24 19:57:00,2025-01-24 21:00:42.639548,P2-High,Network,AGT-00002,1.06,8,False,False,4
INC-02100,2025-04-18 08:34:00,2025-04-18 17:55:45.409691,P2-High,Software,AGT-00003,9.36,8,True,False,3
INC-02101,2025-04-20 18:14:00,2025-04-23 03:45:41.485879,P4-Low,Software,AGT-00005,57.53,72,False,False,4
INC-02102,2025-06-24 23:26:00,2025-06-26 07:23:32.288086,P4-Low,Access Management,AGT-00002,31.96,72,False,True,3
INC-02103,2025-06-29 13:46:00,2025-06-30 22:22:24.258148,P4-Low,Email/Comm,AGT-00001,32.61,72,False,False,4
INC-02104,2025-01-16 11:31:00,2025-01-19 12:01:31.304478,P4-Low,Network,AGT-00005,72.51,72,True,False,2
INC-02105,2025-04-04 16:24:00,2025-04-05 18:36:42.343714,P4-Low,Network,AGT-00010,26.21,72,False,False,2
INC-02106,2025-03-25 15:05:00,2025-03-29 01:56:12.452634,P4-Low,Network,AGT-00007,82.85,72,True,False,3
INC-02107,2025-04-25 20:43:00,2025-04-26 07:30:42.122842,P3-Medium,Network,AGT-00003,10.8,24,False,False,4
INC-02108,2025-02-14 07:36:00,2025-02-15 06:42:25.687458,P3-Medium,Software,AGT-00010,23.11,24,False,False,4
INC-02109,2025-05-23 14:49:00,2025-05-25 10:14:39.469746,P4-Low,Access Management,AGT-00014,43.43,72,False,False,3
INC-02110,2025-01-05 21:08:00,2025-01-06 19:57:31.798015,P3-Medium,Software,AGT-00010,22.83,24,False,False,1
INC-02111,2025-02-28 15:34:00,2025-03-01 05:12:49.516739,P3-Medium,Network,AGT-00007,13.65,24,False,False,5
INC-02112,2025-06-15 08:56:00,2025-06-16 01:37:51.564305,P3-Medium,Hardware,AGT-00015,16.7,24,False,False,5
INC-02113,2025-01-22 10:28:00,2025-01-23 04:47:38.472251,P3-Medium,Software,AGT-00001,18.33,24,False,False,4
INC-02114,2025-06-17 12:22:00,2025-06-18 18:19:22.503184,P4-Low,Access Management,AGT-00001,29.96,72,False,False,3
INC-02115,2025-05-19 16:42:00,2025-05-20 16:37:35.741148,P3-Medium,Software,AGT-00005,23.93,24,False,False,5
INC-02116,2025-06-07 06:40:00,2025-06-07 20:33:39.449286,P3-Medium,Software,AGT-00001,13.89,24,False,False,4
INC-02117,2025-06-09 13:27:00,2025-06-10 05:37:16.322438,P3-Medium,Software,AGT-00006,16.17,24,False,False,5
INC-02118,2025-05-28 09:47:00,2025-05-28 12:48:11.197880,P2-High,Access Management,AGT-00003,3.02,8,False,True,4
INC-02119,2025-02-17 15:50:00,2025-02-17 16:20:00.000000,P3-Medium,Software,AGT-00004,0.5,24,False,False,2
INC-02120,2025-04-03 16:24:00,2025-04-04 08:52:18.400437,P3-Medium,Network,AGT-00013,16.47,24,False,False,4
INC-02121,2025-02-01 08:57:00,2025-02-02 22:15:03.324142,P3-Medium,Software,AGT-00001,37.3,24,True,False,3
INC-02122,2025-05-15 11:37:00,2025-05-16 11:53:36.603491,P3-Medium,Software,AGT-00003,24.28,24,True,False,1
INC-02123,2025-03-05 14:08:00,2025-03-07 15:44:53.252659,P4-Low,Software,AGT-00002,49.61,72,False,False,5
INC-02124,2025-02-26 18:12:00,2025-02-28 14:56:31.860297,P4-Low,Access Management,AGT-00011,44.74,72,False,False,5
INC-02125,2025-03-08 07:43:00,2025-03-09 01:53:47.017713,P3-Medium,Network,AGT-00004,18.18,24,False,False,3
INC-02126,2025-02-15 20:21:00,2025-02-18 09:17:32.576293,P4-Low,Access Management,AGT-00014,60.94,72,False,False,5
INC-02127,2025-06-27 09:33:00,2025-06-27 11:55:01.758527,P2-High,Email/Comm,AGT-00002,2.37,8,False,False,4
INC-02128,2025-01-28 13:25:00,2025-01-28 23:49:00.453353,P2-High,Access Management,AGT-00014,10.4,8,True,False,1
INC-02129,2025-05-24 10:39:00,2025-05-25 10:22:22.981885,P3-Medium,Software,AGT-00014,23.72,24,False,False,4
INC-02130,2025-02-19 10:39:00,2025-02-20 10:23:43.748900,P3-Medium,Access Management,AGT-00002,23.75,24,False,False,4
INC-02131,2025-01-29 20:38:00,2025-01-30 18:08:28.101278,P3-Medium,Software,AGT-00014,21.51,24,False,False,1
INC-02132,2025-03-10 17:05:00,2025-03-11 11:14:24.959742,P3-Medium,Access Management,AGT-00007,18.16,24,False,False,3
INC-02133,2025-03-25 17:12:00,2025-03-26 16:34:58.403596,P3-Medium,Hardware,AGT-00005,23.38,24,False,False,5
INC-02134,2025-05-02 16:33:00,2025-05-03 15:17:04.247052,P3-Medium,Access Management,AGT-00011,22.73,24,False,False,5
INC-02135,2025-06-08 09:54:00,2025-06-09 01:04:03.627525,P3-Medium,Hardware,AGT-00001,15.17,24,False,False,5
INC-02136,2025-01-23 04:22:00,2025-01-24 18:53:40.672351,P4-Low,Hardware,AGT-00010,38.53,72,False,False,4
INC-02137,2025-05-15 12:03:00,2025-05-16 06:51:53.461304,P3-Medium,Email/Comm,AGT-00008,18.81,24,False,False,5
INC-02138,2025-03-02 18:33:00,2025-03-06 03:31:49.450908,P4-Low,Network,AGT-00004,80.98,72,True,False,3
INC-02139,2025-05-23 17:51:00,2025-05-24 01:56:13.716221,P3-Medium,Access Management,AGT-00014,8.09,24,False,False,4
INC-02140,2025-04-17 17:28:00,2025-04-18 14:06:58.180866,P4-Low,Access Management,AGT-00007,20.65,72,False,False,3
INC-02141,2025-05-11 10:47:00,2025-05-13 16:04:42.780569,P4-Low,Network,AGT-00008,53.3,72,False,False,3
INC-02142,2025-04-04 17:20:00,2025-04-05 11:44:25.565813,P3-Medium,Access Management,AGT-00004,18.41,24,False,False,5
INC-02143,2025-06-07 19:05:00,2025-06-08 14:28:12.239934,P3-Medium,Software,AGT-00003,19.39,24,False,False,4
INC-02144,2025-01-11 05:51:00,2025-01-12 01:48:05.852100,P3-Medium,Network,AGT-00012,19.95,24,False,False,4
INC-02145,2025-03-02 08:56:00,2025-03-03 01:08:51.775067,P3-Medium,Access Management,AGT-00001,16.21,24,False,False,5
INC-02146,2025-02-23 00:21:00,2025-02-23 12:03:52.279326,P2-High,Hardware,AGT-00003,11.71,8,True,False,2
INC-02147,2025-06-24 07:19:00,2025-06-24 12:30:33.965420,P3-Medium,Software,AGT-00009,5.19,24,False,False,4
INC-02148,2025-05-06 08:54:00,2025-05-06 20:16:19.285686,P3-Medium,Software,AGT-00007,11.37,24,False,False,5
INC-02149,2025-03-16 14:09:00,2025-03-17 07:19:26.262908,P3-Medium,Access Management,AGT-00010,17.17,24,False,False,2
INC-02150,2025-04-05 10:04:00,2025-04-06 03:12:10.405597,P4-Low,Email/Comm,AGT-00008,17.14,72,False,False,5
INC-02151,2025-02-04 09:04:00,2025-02-04 14:57:04.234504,P2-High,Software,AGT-00011,5.88,8,False,False,4
INC-02152,2025-06-09 07:24:00,2025-06-12 18:37:45.851932,P4-Low,Software,AGT-00007,83.23,72,True,False,4
INC-02153,2025-02-22 15:29:00,2025-02-23 09:39:01.530863,P3-Medium,Software,AGT-00005,18.17,24,False,False,4
INC-02154,2025-06-20 12:50:00,2025-06-22 19:26:50.465212,P4-Low,Software,AGT-00008,54.61,72,False,False,4
INC-02155,2025-05-24 14:30:00,2025-05-24 22:25:07.254763,P3-Medium,Hardware,AGT-00015,7.92,24,False,False,3
INC-02156,2025-01-24 13:49:00,2025-01-25 02:53:08.791448,P3-Medium,Network,AGT-00002,13.07,24,False,False,5
INC-02157,2025-01-27 11:35:00,2025-01-28 02:34:54.344247,P3-Medium,Software,AGT-00003,15.0,24,False,False,5
INC-02158,2025-04-28 15:12:00,2025-04-30 10:50:44.513034,P4-Low,Software,AGT-00002,43.65,72,False,False,5
INC-02159,2025-02-17 21:59:00,2025-02-18 08:58:08.711817,P2-High,Software,AGT-00007,10.99,8,True,True,1
INC-02160,2025-02-24 16:56:00,2025-02-25 01:23:06.907365,P2-High,Email/Comm,AGT-00013,8.45,8,True,False,1
INC-02161,2025-01-20 14:15:00,2025-01-20 23:21:30.010840,P3-Medium,Hardware,AGT-00012,9.11,24,False,False,2
INC-02162,2025-03-04 17:54:00,2025-03-07 00:49:48.344047,P4-Low,Hardware,AGT-00004,54.93,72,False,False,3
INC-02163,2025-05-06 15:29:00,2025-05-07 13:28:08.786357,P3-Medium,Hardware,AGT-00004,21.99,24,False,False,5
INC-02164,2025-01-06 13:16:00,2025-01-06 23:45:25.877885,P2-High,Access Management,AGT-00003,10.49,8,True,False,2
INC-02165,2025-01-30 08:28:00,2025-02-02 18:04:38.929433,P4-Low,Software,AGT-00008,81.61,72,True,False,3
INC-02166,2025-04-23 06:03:00,2025-04-23 15:55:45.287275,P3-Medium,Network,AGT-00006,9.88,24,False,False,4
INC-02167,2025-01-29 09:45:00,2025-01-29 21:15:47.303677,P3-Medium,Access Management,AGT-00013,11.51,24,False,False,3
INC-02168,2025-03-04 08:01:00,2025-03-04 15:57:21.757663,P3-Medium,Software,AGT-00013,7.94,24,False,False,5
INC-02169,2025-01-14 13:11:00,2025-01-14 18:51:51.349775,P2-High,Access Management,AGT-00004,5.68,8,False,True,1
INC-02170,2025-06-25 19:33:00,2025-06-28 06:52:37.802960,P4-Low,Software,AGT-00011,59.33,72,False,False,5
INC-02171,2025-06-30 19:42:00,2025-07-01 21:35:55.234078,P3-Medium,Software,AGT-00008,25.9,24,True,False,1
INC-02172,2025-01-11 09:17:00,2025-01-12 02:40:32.610519,P3-Medium,Software,AGT-00001,17.39,24,False,False,3
INC-02173,2025-05-27 10:29:00,2025-05-28 01:55:28.391330,P3-Medium,Network,AGT-00006,15.44,24,False,False,5
INC-02174,2025-01-24 01:09:00,2025-01-24 08:10:52.150702,P2-High,Hardware,AGT-00008,7.03,8,False,False,3
INC-02175,2025-06-19 02:19:00,2025-06-20 11:36:49.711083,P4-Low,Email/Comm,AGT-00009,33.3,72,False,False,3
INC-02176,2025-02-20 20:36:00,2025-02-24 16:23:26.787962,P4-Low,Software,AGT-00001,91.79,72,True,False,2
INC-02177,2025-01-30 08:03:00,2025-01-30 08:55:23.471058,P2-High,Software,AGT-00001,0.87,8,False,False,5
INC-02178,2025-06-29 21:26:00,2025-06-30 04:34:47.731294,P2-High,Network,AGT-00012,7.15,8,False,False,4
INC-02179,2025-01-23 08:24:00,2025-01-23 21:58:57.438362,P2-High,Software,AGT-00009,13.58,8,True,False,1
INC-02180,2025-04-25 08:21:00,2025-04-25 14:52:25.678041,P2-High,Network,AGT-00008,6.52,8,False,False,5
INC-02181,2025-06-09 16:13:00,2025-06-11 14:24:57.189480,P4-Low,Email/Comm,AGT-00002,46.2,72,False,True,4
INC-02182,2025-06-19 08:41:00,2025-06-19 23:49:25.571823,P3-Medium,Hardware,AGT-00006,15.14,24,False,False,5
INC-02183,2025-03-14 08:05:00,2025-03-16 06:28:31.798913,P4-Low,Network,AGT-00009,46.39,72,False,False,5
INC-02184,2025-03-28 18:36:00,2025-03-29 23:34:58.036071,P3-Medium,Software,AGT-00002,28.98,24,True,False,5
INC-02185,2025-06-01 09:54:00,2025-06-01 10:24:00.000000,P2-High,Hardware,AGT-00002,0.5,8,False,False,5
INC-02186,2025-06-17 00:59:00,2025-06-18 07:15:02.890597,P3-Medium,Access Management,AGT-00001,30.27,24,True,False,3
INC-02187,2025-05-08 17:49:00,2025-05-09 00:25:30.034009,P3-Medium,Network,AGT-00008,6.61,24,False,False,5
INC-02188,2025-04-02 13:34:00,2025-04-02 19:08:00.180652,P2-High,Hardware,AGT-00005,5.57,8,False,False,3
INC-02189,2025-01-20 19:49:00,2025-01-22 13:13:54.401738,P4-Low,Hardware,AGT-00001,41.42,72,False,False,2
INC-02190,2025-06-07 08:14:00,2025-06-08 06:56:30.334169,P3-Medium,Network,AGT-00002,22.71,24,False,False,3
INC-02191,2025-01-22 11:55:00,2025-01-22 12:49:23.633166,P2-High,Software,AGT-00005,0.91,8,False,False,4
INC-02192,2025-01-28 10:16:00,2025-01-28 18:23:03.375593,P2-High,Access Management,AGT-00006,8.12,8,True,False,1
INC-02193,2025-06-29 15:18:00,2025-07-03 09:47:10.292877,P4-Low,Software,AGT-00001,90.49,72,True,True,1
INC-02194,2025-05-08 13:49:00,2025-05-08 14:19:00.000000,P1-Critical,Software,AGT-00013,0.5,4,False,False,4
INC-02195,2025-04-24 13:49:00,2025-04-26 19:36:38.844068,P4-Low,Hardware,AGT-00001,53.79,72,False,False,4
INC-02196,2025-05-03 18:08:00,2025-05-04 06:50:14.913279,P3-Medium,Network,AGT-00003,12.7,24,False,False,3
INC-02197,2025-01-31 17:32:00,2025-02-01 14:56:25.551538,P3-Medium,Network,AGT-00006,21.41,24,False,False,3
INC-02198,2025-02-28 07:25:00,2025-03-02 09:47:58.639974,P4-Low,Access Management,AGT-00004,50.38,72,False,False,5
INC-02199,2025-01-04 13:51:00,2025-01-05 02:43:05.177020,P3-Medium,Software,AGT-00001,12.87,24,False,False,4
INC-02200,2025-01-28 22:45:00,2025-01-29 06:57:27.190789,P2-High,Software,AGT-00012,8.21,8,True,False,1
INC-02201,2025-01-14 12:14:00,2025-01-15 20:40:05.225562,P3-Medium,Software,AGT-00001,32.43,24,True,False,5
INC-02202,2025-03-12 12:12:00,2025-03-14 10:22:54.926996,P4-Low,Hardware,AGT-00015,46.18,72,False,False,3
INC-02203,2025-02-16 10:55:00,2025-02-17 10:40:29.028734,P3-Medium,Network,AGT-00006,23.76,24,False,False,4
INC-02204,2025-01-08 09:35:00,2025-01-08 17:14:13.738813,P3-Medium,Software,AGT-00003,7.65,24,False,True,3
INC-02205,2025-04-14 08:51:00,2025-04-14 19:11:54.632348,P3-Medium,Access Management,AGT-00002,10.35,24,False,False,4
INC-02206,2025-02-08 07:37:00,2025-02-09 05:23:45.300803,P3-Medium,Software,AGT-00004,21.78,24,False,False,3
INC-02207,2025-01-15 22:25:00,2025-01-16 10:06:39.861960,P2-High,Access Management,AGT-00001,11.69,8,True,False,1
INC-02208,2025-01-18 17:03:00,2025-01-21 02:09:44.161113,P4-Low,Software,AGT-00001,57.11,72,False,False,4
INC-02209,2025-06-17 09:15:00,2025-06-18 00:44:43.928721,P3-Medium,Email/Comm,AGT-00001,15.5,24,False,False,5
INC-02210,2025-06-11 15:36:00,2025-06-11 22:05:51.071708,P2-High,Access Management,AGT-00009,6.5,8,False,True,3
INC-02211,2025-01-11 09:38:00,2025-01-12 10:37:30.643154,P4-Low,Network,AGT-00010,24.99,72,False,False,5
INC-02212,2025-04-12 17:33:00,2025-04-13 16:23:10.041399,P3-Medium,Access Management,AGT-00011,22.84,24,False,False,4
INC-02213,2025-06-25 08:26:00,2025-06-26 09:29:31.192195,P3-Medium,Network,AGT-00007,25.06,24,True,False,2
INC-02214,2025-01-26 08:31:00,2025-01-26 22:53:59.798414,P3-Medium,Software,AGT-00004,14.38,24,False,False,1
INC-02215,2025-02-14 16:27:00,2025-02-15 06:41:22.786145,P3-Medium,Hardware,AGT-00003,14.24,24,False,False,5
INC-02216,2025-05-30 13:07:00,2025-06-01 20:26:03.232535,P4-Low,Software,AGT-00007,55.32,72,False,False,4
INC-02217,2025-02-12 19:54:00,2025-02-12 22:01:35.617901,P1-Critical,Access Management,AGT-00013,2.13,4,False,False,4
INC-02218,2025-05-19 18:06:00,2025-05-19 20:58:03.845175,P1-Critical,Software,AGT-00006,2.87,4,False,False,2
INC-02219,2025-06-19 14:06:00,2025-06-20 03:56:56.494543,P2-High,Software,AGT-00001,13.85,8,True,False,4
INC-02220,2025-04-05 15:48:00,2025-04-06 07:49:25.659819,P3-Medium,Email/Comm,AGT-00001,16.02,24,False,False,4
INC-02221,2025-02-07 19:05:00,2025-02-08 10:12:59.803622,P3-Medium,Email/Comm,AGT-00007,15.13,24,False,False,5
INC-02222,2025-03-16 20:32:00,2025-03-17 09:21:10.795998,P3-Medium,Software,AGT-00007,12.82,24,False,True,5
INC-02223,2025-03-08 10:08:00,2025-03-08 19:14:16.818841,P2-High,Software,AGT-00004,9.1,8,True,False,1
INC-02224,2025-03-01 13:28:00,2025-03-03 11:50:31.859528,P4-Low,Access Management,AGT-00006,46.38,72,False,False,4
INC-02225,2025-01-07 09:02:00,2025-01-08 22:02:45.141241,P4-Low,Software,AGT-00001,37.01,72,False,False,3
INC-02226,2025-02-18 11:05:00,2025-02-19 15:39:13.556129,P3-Medium,Access Management,AGT-00002,28.57,24,True,False,2
INC-02227,2025-05-11 19:43:00,2025-05-15 02:06:31.416325,P4-Low,Software,AGT-00014,78.39,72,True,False,2
INC-02228,2025-05-10 08:46:00,2025-05-10 13:09:54.663072,P2-High,Software,AGT-00006,4.4,8,False,False,4
INC-02229,2025-06-12 06:02:00,2025-06-12 18:42:09.123502,P4-Low,Email/Comm,AGT-00005,12.67,72,False,False,3
INC-02230,2025-05-29 11:22:00,2025-05-29 21:23:34.672492,P2-High,Email/Comm,AGT-00001,10.03,8,True,False,2
INC-02231,2025-06-22 19:44:00,2025-06-23 08:15:22.661018,P3-Medium,Hardware,AGT-00005,12.52,24,False,False,3
INC-02232,2025-04-28 13:54:00,2025-04-29 14:13:30.017256,P3-Medium,Software,AGT-00010,24.33,24,True,False,3
INC-02233,2025-06-04 20:44:00,2025-06-04 22:58:21.010050,P3-Medium,Hardware,AGT-00001,2.24,24,False,False,5
INC-02234,2025-06-06 11:17:00,2025-06-07 12:25:26.803343,P3-Medium,Software,AGT-00008,25.14,24,True,False,2
INC-02235,2025-01-27 11:10:00,2025-01-27 13:25:39.233691,P2-High,Network,AGT-00006,2.26,8,False,False,4
INC-02236,2025-05-19 13:00:00,2025-05-22 05:36:55.016573,P4-Low,Access Management,AGT-00004,64.62,72,False,False,4
INC-02237,2025-05-17 15:14:00,2025-05-19 17:31:07.660884,P4-Low,Hardware,AGT-00006,50.29,72,False,False,5
INC-02238,2025-05-15 12:36:00,2025-05-15 15:45:40.363316,P2-High,Hardware,AGT-00005,3.16,8,False,False,1
INC-02239,2025-01-29 13:48:00,2025-01-31 07:39:33.385469,P4-Low,Network,AGT-00001,41.86,72,False,False,3
INC-02240,2025-02-11 23:55:00,2025-02-12 23:24:25.971560,P3-Medium,Email/Comm,AGT-00007,23.49,24,False,False,4
INC-02241,2025-01-01 10:15:00,2025-01-01 17:07:14.270109,P2-High,Software,AGT-00004,6.87,8,False,True,3
INC-02242,2025-06-29 01:10:00,2025-06-29 23:50:31.093838,P3-Medium,Network,AGT-00003,22.68,24,False,False,5
INC-02243,2025-06-07 07:20:00,2025-06-11 00:51:43.722085,P4-Low,Software,AGT-00003,89.53,72,True,False,4
INC-02244,2025-04-17 11:04:00,2025-04-17 16:33:09.841583,P3-Medium,Hardware,AGT-00010,5.49,24,False,False,5
INC-02245,2025-05-13 08:16:00,2025-05-16 18:36:39.305398,P4-Low,Email/Comm,AGT-00001,82.34,72,True,False,2
INC-02246,2025-01-01 18:29:00,2025-01-02 13:19:05.451001,P3-Medium,Network,AGT-00006,18.83,24,False,False,2
INC-02247,2025-01-27 17:53:00,2025-01-28 04:41:35.019408,P3-Medium,Software,AGT-00004,10.81,24,False,False,3
INC-02248,2025-04-19 14:34:00,2025-04-19 21:55:26.967579,P3-Medium,Software,AGT-00003,7.36,24,False,False,5
INC-02249,2025-05-21 12:59:00,2025-05-22 05:28:13.332746,P3-Medium,Software,AGT-00008,16.49,24,False,False,4
INC-02250,2025-05-31 09:20:00,2025-06-01 10:42:23.523223,P3-Medium,Access Management,AGT-00003,25.37,24,True,False,1
INC-02251,2025-02-16 06:43:00,2025-02-16 12:46:12.881083,P2-High,Network,AGT-00007,6.05,8,False,False,5
INC-02252,2025-01-12 10:04:00,2025-01-12 21:51:20.552121,P2-High,Email/Comm,AGT-00013,11.79,8,True,False,2
INC-02253,2025-05-23 17:13:00,2025-05-23 23:36:26.140127,P3-Medium,Hardware,AGT-00007,6.39,24,False,False,3
INC-02254,2025-05-29 09:23:00,2025-05-31 11:08:29.595755,P4-Low,Software,AGT-00001,49.76,72,False,False,4
INC-02255,2025-05-27 10:08:00,2025-05-27 10:38:00.000000,P1-Critical,Network,AGT-00008,0.5,4,False,False,5
INC-02256,2025-04-07 15:17:00,2025-04-08 12:11:32.598220,P3-Medium,Network,AGT-00013,20.91,24,False,False,5
INC-02257,2025-01-13 10:27:00,2025-01-14 11:32:42.356835,P3-Medium,Software,AGT-00005,25.1,24,True,False,1
INC-02258,2025-04-04 12:28:00,2025-04-06 06:03:05.150855,P4-Low,Hardware,AGT-00005,41.58,72,False,False,5
INC-02259,2025-03-23 22:12:00,2025-03-23 22:42:00.000000,P3-Medium,Access Management,AGT-00003,0.5,24,False,False,5
INC-02260,2025-04-05 09:25:00,2025-04-05 12:48:52.426657,P1-Critical,Network,AGT-00012,3.4,4,False,False,5
INC-02261,2025-06-29 10:06:00,2025-07-01 20:50:05.175725,P4-Low,Network,AGT-00004,58.73,72,False,False,3
INC-02262,2025-06-27 20:27:00,2025-06-28 17:41:03.688943,P3-Medium,Hardware,AGT-00001,21.23,24,False,False,3
INC-02263,2025-04-26 11:56:00,2025-04-26 22:45:30.855617,P2-High,Hardware,AGT-00015,10.83,8,True,False,3
INC-02264,2025-01-18 11:06:00,2025-01-18 20:31:53.654026,P3-Medium,Network,AGT-00003,9.43,24,False,False,3
INC-02265,2025-05-09 17:16:00,2025-05-12 08:52:15.559592,P4-Low,Network,AGT-00013,63.6,72,False,False,4
INC-02266,2025-05-18 01:30:00,2025-05-19 05:02:24.216359,P3-Medium,Network,AGT-00009,27.54,24,True,False,5
INC-02267,2025-02-20 18:11:00,2025-02-20 21:57:16.677581,P3-Medium,Software,AGT-00006,3.77,24,False,False,5
INC-02268,2025-03-11 12:45:00,2025-03-12 09:18:25.972586,P3-Medium,Email/Comm,AGT-00013,20.56,24,False,False,3
INC-02269,2025-01-29 20:03:00,2025-01-30 00:47:07.334129,P2-High,Access Management,AGT-00001,4.74,8,False,False,3
INC-02270,2025-04-21 10:37:00,2025-04-22 03:57:52.147015,P3-Medium,Access Management,AGT-00003,17.35,24,False,False,5
INC-02271,2025-06-12 08:16:00,2025-06-13 05:02:53.082726,P3-Medium,Software,AGT-00004,20.78,24,False,False,3
INC-02272,2025-03-01 12:56:00,2025-03-01 17:43:40.920092,P2-High,Software,AGT-00008,4.79,8,False,False,5
INC-02273,2025-04-20 09:41:00,2025-04-21 22:10:09.018300,P4-Low,Hardware,AGT-00001,36.49,72,False,False,4
INC-02274,2025-01-20 07:12:00,2025-01-21 01:28:23.589624,P3-Medium,Network,AGT-00002,18.27,24,False,False,5
INC-02275,2025-05-06 15:39:00,2025-05-07 00:57:07.316961,P3-Medium,Access Management,AGT-00007,9.3,24,False,False,5
INC-02276,2025-02-22 09:18:00,2025-02-22 18:36:48.236288,P3-Medium,Email/Comm,AGT-00004,9.31,24,False,False,4
INC-02277,2025-05-23 13:43:00,2025-05-23 22:35:40.103365,P2-High,Network,AGT-00002,8.88,8,True,False,1
INC-02278,2025-01-16 17:04:00,2025-01-17 01:52:34.731787,P3-Medium,Access Management,AGT-00008,8.81,24,False,False,4
INC-02279,2025-06-12 09:24:00,2025-06-12 18:13:55.537511,P2-High,Network,AGT-00003,8.83,8,True,False,3
INC-02280,2025-02-07 09:57:00,2025-02-07 18:04:08.650290,P2-High,Access Management,AGT-00006,8.12,8,True,False,3
INC-02281,2025-06-29 17:47:00,2025-06-30 09:16:01.915527,P4-Low,Network,AGT-00012,15.48,72,False,False,2
INC-02282,2025-05-12 19:53:00,2025-05-14 08:19:55.345032,P4-Low,Software,AGT-00006,36.45,72,False,False,5
INC-02283,2025-04-03 09:27:00,2025-04-04 13:00:10.350808,P3-Medium,Hardware,AGT-00008,27.55,24,True,False,2
INC-02284,2025-05-02 14:13:00,2025-05-03 20:35:36.081758,P4-Low,Access Management,AGT-00008,30.38,72,False,False,5
INC-02285,2025-06-21 10:41:00,2025-06-21 15:33:28.506295,P2-High,Software,AGT-00007,4.87,8,False,False,2
INC-02286,2025-05-18 16:51:00,2025-05-19 14:32:47.353726,P3-Medium,Software,AGT-00008,21.7,24,False,False,4
INC-02287,2025-06-26 14:19:00,2025-06-29 07:59:04.116668,P4-Low,Software,AGT-00010,65.67,72,False,False,3
INC-02288,2025-03-12 18:43:00,2025-03-13 10:42:15.680082,P3-Medium,Network,AGT-00005,15.99,24,False,False,4
INC-02289,2025-06-03 13:24:00,2025-06-03 15:12:17.926598,P1-Critical,Network,AGT-00008,1.8,4,False,False,3
INC-02290,2025-02-27 14:10:00,2025-02-28 01:38:41.860257,P2-High,Hardware,AGT-00006,11.48,8,True,False,1
INC-02291,2025-06-15 14:31:00,2025-06-19 03:17:40.775793,P4-Low,Network,AGT-00001,84.78,72,True,True,4
INC-02292,2025-02-14 13:32:00,2025-02-14 23:27:33.611440,P2-High,Access Management,AGT-00002,9.93,8,True,False,3
INC-02293,2025-01-12 17:00:00,2025-01-13 11:40:57.162506,P3-Medium,Hardware,AGT-00002,18.68,24,False,False,3
INC-02294,2025-04-29 11:07:00,2025-04-29 12:30:00.486804,P1-Critical,Network,AGT-00006,1.38,4,False,True,1
INC-02295,2025-06-23 12:24:00,2025-06-24 21:47:28.002728,P4-Low,Software,AGT-00012,33.39,72,False,False,4
INC-02296,2025-01-24 10:58:00,2025-01-26 23:25:01.015579,P4-Low,Network,AGT-00004,60.45,72,False,False,5
INC-02297,2025-01-22 13:48:00,2025-01-23 11:08:49.868762,P3-Medium,Hardware,AGT-00003,21.35,24,False,True,4
INC-02298,2025-06-14 08:20:00,2025-06-15 13:32:46.039477,P3-Medium,Access Management,AGT-00012,29.21,24,True,False,4
INC-02299,2025-01-09 00:46:00,2025-01-09 23:58:12.962665,P3-Medium,Access Management,AGT-00010,23.2,24,False,False,1
INC-02300,2025-04-05 17:17:00,2025-04-06 13:13:18.218273,P4-Low,Software,AGT-00002,19.94,72,False,False,5
INC-02301,2025-01-06 19:02:00,2025-01-07 21:26:56.091390,P3-Medium,Software,AGT-00001,26.42,24,True,False,5
INC-02302,2025-01-04 19:25:00,2025-01-05 05:25:55.853933,P3-Medium,Software,AGT-00001,10.02,24,False,False,3
INC-02303,2025-02-27 23:00:00,2025-02-28 04:09:21.961973,P2-High,Network,AGT-00011,5.16,8,False,False,4
INC-02304,2025-06-01 09:39:00,2025-06-01 17:01:32.522599,P2-High,Software,AGT-00013,7.38,8,False,False,4
INC-02305,2025-04-21 11:12:00,2025-04-21 18:11:28.805926,P1-Critical,Access Management,AGT-00009,6.99,4,True,False,1
INC-02306,2025-02-10 11:29:00,2025-02-12 06:21:45.654413,P3-Medium,Software,AGT-00007,42.88,24,True,False,2
INC-02307,2025-06-12 13:30:00,2025-06-13 12:21:13.624103,P3-Medium,Software,AGT-00006,22.85,24,False,False,4
INC-02308,2025-01-08 11:37:00,2025-01-09 04:09:03.937381,P3-Medium,Access Management,AGT-00001,16.53,24,False,False,4
INC-02309,2025-01-06 15:15:00,2025-01-09 03:56:24.406691,P4-Low,Software,AGT-00013,60.69,72,False,False,5
INC-02310,2025-04-02 12:40:00,2025-04-02 22:16:24.458366,P2-High,Access Management,AGT-00009,9.61,8,True,False,2
INC-02311,2025-01-21 13:00:00,2025-01-23 08:35:11.930960,P4-Low,Software,AGT-00003,43.59,72,False,False,5
INC-02312,2025-04-29 11:32:00,2025-04-30 19:53:42.087050,P3-Medium,Email/Comm,AGT-00014,32.36,24,True,False,5
INC-02313,2025-06-21 16:31:00,2025-06-22 12:21:26.037865,P3-Medium,Software,AGT-00008,19.84,24,False,False,4
INC-02314,2025-06-15 13:17:00,2025-06-18 01:14:17.502415,P4-Low,Network,AGT-00008,59.95,72,False,False,5
INC-02315,2025-02-11 08:30:00,2025-02-12 07:49:38.618459,P3-Medium,Network,AGT-00003,23.33,24,False,False,4
INC-02316,2025-03-09 15:23:00,2025-03-10 12:45:21.694386,P3-Medium,Access Management,AGT-00012,21.37,24,False,False,2
INC-02317,2025-05-05 17:02:00,2025-05-08 11:48:43.716034,P4-Low,Hardware,AGT-00003,66.78,72,False,False,5
INC-02318,2025-04-04 12:00:00,2025-04-04 16:20:22.609850,P2-High,Access Management,AGT-00002,4.34,8,False,False,1
INC-02319,2025-06-30 19:26:00,2025-07-01 08:58:00.909486,P3-Medium,Network,AGT-00004,13.53,24,False,False,2
INC-02320,2025-05-01 23:32:00,2025-05-02 02:10:58.056665,P2-High,Access Management,AGT-00003,2.65,8,False,False,4
INC-02321,2025-01-02 06:31:00,2025-01-03 04:01:57.635442,P3-Medium,Access Management,AGT-00010,21.52,24,False,False,5
INC-02322,2025-04-26 09:08:00,2025-04-29 02:42:43.428253,P4-Low,Network,AGT-00008,65.58,72,False,False,2
INC-02323,2025-04-06 00:04:00,2025-04-08 11:13:19.646363,P4-Low,Software,AGT-00014,59.16,72,False,False,4
INC-02324,2025-01-24 08:23:00,2025-01-25 15:46:45.382080,P3-Medium,Software,AGT-00014,31.4,24,True,False,3
INC-02325,2025-06-18 07:11:00,2025-06-20 09:04:17.086644,P4-Low,Access Management,AGT-00001,49.89,72,False,False,5
INC-02326,2025-04-23 06:36:00,2025-04-23 10:56:14.939920,P1-Critical,Software,AGT-00014,4.34,4,True,False,1
INC-02327,2025-06-24 01:30:00,2025-06-24 10:45:59.014767,P3-Medium,Access Management,AGT-00007,9.27,24,False,False,5
INC-02328,2025-03-21 13:20:00,2025-03-23 07:35:28.821422,P4-Low,Network,AGT-00006,42.26,72,False,False,3
INC-02329,2025-04-16 14:36:00,2025-04-17 14:09:51.487418,P3-Medium,Access Management,AGT-00006,23.56,24,False,False,5
INC-02330,2025-05-01 16:26:00,2025-05-02 17:13:34.140789,P3-Medium,Software,AGT-00003,24.79,24,True,False,1
INC-02331,2025-05-02 09:19:00,2025-05-03 00:57:53.751907,P3-Medium,Access Management,AGT-00014,15.65,24,False,False,2
INC-02332,2025-03-08 10:09:00,2025-03-10 10:43:04.853866,P4-Low,Access Management,AGT-00001,48.57,72,False,False,4
INC-02333,2025-04-30 19:13:00,2025-05-01 01:04:25.236096,P3-Medium,Hardware,AGT-00002,5.86,24,False,False,5
INC-02334,2025-03-03 10:58:00,2025-03-04 02:06:37.559017,P3-Medium,Software,AGT-00006,15.14,24,False,False,4
INC-02335,2025-01-10 16:28:00,2025-01-11 17:35:23.035109,P3-Medium,Hardware,AGT-00006,25.12,24,True,False,2
INC-02336,2025-05-19 12:35:00,2025-05-22 02:05:14.761160,P4-Low,Email/Comm,AGT-00013,61.5,72,False,False,3
INC-02337,2025-06-11 22:19:00,2025-06-14 10:19:47.931939,P4-Low,Software,AGT-00015,60.01,72,False,False,2
INC-02338,2025-04-24 20:45:00,2025-04-24 23:50:58.370548,P1-Critical,Hardware,AGT-00005,3.1,4,False,False,4
INC-02339,2025-04-12 08:36:00,2025-04-13 02:39:23.418968,P3-Medium,Software,AGT-00004,18.06,24,False,False,5
INC-02340,2025-03-25 07:31:00,2025-03-25 20:14:02.751183,P3-Medium,Software,AGT-00003,12.72,24,False,False,3
INC-02341,2025-03-01 07:05:00,2025-03-01 11:28:51.564625,P1-Critical,Email/Comm,AGT-00001,4.4,4,True,False,2
INC-02342,2025-06-25 01:21:00,2025-06-25 22:43:04.020798,P3-Medium,Software,AGT-00007,21.37,24,False,False,5
INC-02343,2025-02-15 08:01:00,2025-02-16 05:57:10.142822,P3-Medium,Software,AGT-00008,21.94,24,False,False,4
INC-02344,2025-03-10 15:05:00,2025-03-12 06:33:45.491328,P4-Low,Hardware,AGT-00013,39.48,72,False,False,5
INC-02345,2025-03-22 17:57:00,2025-03-23 00:52:59.309769,P4-Low,Software,AGT-00002,6.93,72,False,False,5
INC-02346,2025-06-29 20:05:00,2025-06-30 06:25:24.124168,P2-High,Network,AGT-00004,10.34,8,True,False,2
INC-02347,2025-03-30 22:41:00,2025-04-01 15:06:23.703167,P4-Low,Email/Comm,AGT-00013,40.42,72,False,False,4
INC-02348,2025-04-23 10:53:00,2025-04-23 21:58:52.057996,P3-Medium,Access Management,AGT-00003,11.1,24,False,False,5
INC-02349,2025-05-21 06:22:00,2025-05-22 05:54:52.192663,P3-Medium,Access Management,AGT-00005,23.55,24,False,False,4
INC-02350,2025-01-17 05:25:00,2025-01-17 20:16:50.035970,P3-Medium,Network,AGT-00002,14.86,24,False,False,4
INC-02351,2025-02-22 15:37:00,2025-02-23 01:49:35.198439,P2-High,Hardware,AGT-00008,10.21,8,True,False,2
INC-02352,2025-01-12 12:44:00,2025-01-12 21:23:34.274965,P2-High,Network,AGT-00002,8.66,8,True,False,2
INC-02353,2025-01-25 21:41:00,2025-01-26 06:34:32.973472,P2-High,Hardware,AGT-00007,8.89,8,True,False,3
INC-02354,2025-03-04 19:43:00,2025-03-05 18:23:51.188794,P4-Low,Email/Comm,AGT-00004,22.68,72,False,False,2
INC-02355,2025-05-05 13:36:00,2025-05-06 17:17:43.986779,P3-Medium,Network,AGT-00001,27.7,24,True,True,1
INC-02356,2025-05-21 06:34:00,2025-05-22 02:39:24.015300,P3-Medium,Email/Comm,AGT-00013,20.09,24,False,False,4
INC-02357,2025-05-03 12:44:00,2025-05-04 03:46:44.818390,P3-Medium,Access Management,AGT-00013,15.05,24,False,False,5
INC-02358,2025-03-15 10:44:00,2025-03-17 15:36:03.969649,P4-Low,Software,AGT-00006,52.87,72,False,False,4
INC-02359,2025-04-07 16:54:00,2025-04-07 17:24:00.000000,P2-High,Network,AGT-00005,0.5,8,False,False,3
INC-02360,2025-01-19 12:24:00,2025-01-19 20:19:49.025425,P2-High,Software,AGT-00011,7.93,8,False,False,2
INC-02361,2025-03-07 08:03:00,2025-03-07 17:48:54.100564,P3-Medium,Hardware,AGT-00005,9.77,24,False,False,4
INC-02362,2025-02-26 10:54:00,2025-02-26 18:04:43.095768,P3-Medium,Access Management,AGT-00002,7.18,24,False,False,1
INC-02363,2025-04-18 18:02:00,2025-04-19 13:35:10.138592,P4-Low,Software,AGT-00007,19.55,72,False,False,1
INC-02364,2025-05-11 09:00:00,2025-05-14 09:15:13.562999,P4-Low,Software,AGT-00013,72.25,72,True,False,4
INC-02365,2025-02-04 14:00:00,2025-02-04 18:17:51.281239,P2-High,Software,AGT-00002,4.3,8,False,False,4
INC-02366,2025-05-25 13:34:00,2025-05-28 22:14:28.395114,P4-Low,Email/Comm,AGT-00005,80.67,72,True,False,4
INC-02367,2025-06-01 16:19:00,2025-06-03 07:36:02.294660,P4-Low,Network,AGT-00007,39.28,72,False,False,1
INC-02368,2025-02-15 17:56:00,2025-02-16 09:47:10.227053,P4-Low,Hardware,AGT-00008,15.85,72,False,False,4
INC-02369,2025-04-29 19:44:00,2025-04-30 04:48:04.096129,P3-Medium,Network,AGT-00003,9.07,24,False,False,1
INC-02370,2025-02-11 09:48:00,2025-02-12 13:41:11.374656,P3-Medium,Network,AGT-00003,27.89,24,True,False,1
INC-02371,2025-06-05 16:10:00,2025-06-06 08:55:10.132475,P3-Medium,Email/Comm,AGT-00001,16.75,24,False,False,5
INC-02372,2025-05-06 15:43:00,2025-05-07 05:19:49.325861,P3-Medium,Network,AGT-00006,13.61,24,False,False,2
INC-02373,2025-05-18 11:35:00,2025-05-18 18:38:36.229646,P2-High,Network,AGT-00005,7.06,8,False,False,5
INC-02374,2025-05-01 08:44:00,2025-05-03 20:46:08.357004,P4-Low,Software,AGT-00005,60.04,72,False,False,4
INC-02375,2025-03-28 20:30:00,2025-03-29 01:44:05.271474,P1-Critical,Network,AGT-00015,5.23,4,True,False,3
INC-02376,2025-04-07 14:09:00,2025-04-08 19:44:16.777821,P3-Medium,Hardware,AGT-00006,29.59,24,True,False,2
INC-02377,2025-03-21 18:42:00,2025-03-23 13:30:16.657503,P4-Low,Access Management,AGT-00003,42.8,72,False,False,4
INC-02378,2025-01-14 08:13:00,2025-01-14 10:04:31.799155,P2-High,Access Management,AGT-00002,1.86,8,False,False,4
INC-02379,2025-06-19 21:03:00,2025-06-20 11:44:32.203360,P3-Medium,Access Management,AGT-00002,14.69,24,False,False,3
INC-02380,2025-02-03 20:55:00,2025-02-04 16:59:56.078590,P3-Medium,Hardware,AGT-00002,20.08,24,False,False,2
INC-02381,2025-06-04 15:44:00,2025-06-05 02:01:23.742925,P3-Medium,Email/Comm,AGT-00004,10.29,24,False,True,2
INC-02382,2025-02-23 22:17:00,2025-02-24 08:37:34.053651,P3-Medium,Network,AGT-00001,10.34,24,False,False,4
INC-02383,2025-05-08 11:59:00,2025-05-08 19:41:11.727308,P2-High,Network,AGT-00008,7.7,8,False,False,5
INC-02384,2025-02-03 12:26:00,2025-02-03 18:45:46.980370,P2-High,Access Management,AGT-00001,6.33,8,False,False,1
INC-02385,2025-01-15 10:50:00,2025-01-16 05:05:44.553468,P3-Medium,Network,AGT-00008,18.26,24,False,False,5
INC-02386,2025-05-30 07:34:00,2025-05-30 19:29:55.334361,P3-Medium,Software,AGT-00004,11.93,24,False,False,5
INC-02387,2025-01-23 11:56:00,2025-01-24 04:05:24.459431,P3-Medium,Software,AGT-00015,16.16,24,False,False,5
INC-02388,2025-01-11 18:10:00,2025-01-11 21:25:54.662382,P2-High,Hardware,AGT-00012,3.27,8,False,False,5
INC-02389,2025-03-05 18:47:00,2025-03-06 04:23:56.499980,P2-High,Email/Comm,AGT-00001,9.62,8,True,False,2
INC-02390,2025-01-21 17:12:00,2025-01-22 19:28:55.180840,P3-Medium,Software,AGT-00002,26.28,24,True,False,2
INC-02391,2025-04-05 22:26:00,2025-04-05 22:56:00.000000,P1-Critical,Network,AGT-00004,0.5,4,False,False,5
INC-02392,2025-04-09 09:25:00,2025-04-09 19:58:50.087226,P3-Medium,Access Management,AGT-00013,10.56,24,False,False,2
INC-02393,2025-03-19 13:49:00,2025-03-19 19:50:39.957453,P3-Medium,Software,AGT-00004,6.03,24,False,False,3
INC-02394,2025-02-20 15:38:00,2025-02-21 04:25:59.310689,P3-Medium,Software,AGT-00005,12.8,24,False,False,5
INC-02395,2025-06-04 11:29:00,2025-06-05 04:48:56.986470,P3-Medium,Hardware,AGT-00003,17.33,24,False,False,5
INC-02396,2025-01-23 10:09:00,2025-01-23 16:33:10.217673,P3-Medium,Software,AGT-00011,6.4,24,False,False,5
INC-02397,2025-06-17 13:20:00,2025-06-17 23:57:30.437382,P3-Medium,Email/Comm,AGT-00009,10.63,24,False,False,3
INC-02398,2025-01-11 13:31:00,2025-01-11 23:29:06.027684,P3-Medium,Access Management,AGT-00007,9.97,24,False,False,4
INC-02399,2025-04-15 08:15:00,2025-04-16 03:54:29.299087,P3-Medium,Network,AGT-00007,19.66,24,False,False,5
INC-02400,2025-04-08 09:12:00,2025-04-09 03:45:17.116907,P3-Medium,Software,AGT-00006,18.55,24,False,False,5
INC-02401,2025-03-14 21:11:00,2025-03-16 08:44:54.896160,P4-Low,Access Management,AGT-00015,35.57,72,False,False,4
INC-02402,2025-02-21 21:02:00,2025-02-22 16:26:52.441118,P3-Medium,Hardware,AGT-00003,19.41,24,False,False,3
INC-02403,2025-05-16 12:01:00,2025-05-16 16:36:11.830934,P2-High,Access Management,AGT-00012,4.59,8,False,False,5
INC-02404,2025-06-26 13:17:00,2025-06-27 05:06:36.332823,P3-Medium,Software,AGT-00008,15.83,24,False,False,5
INC-02405,2025-03-10 15:57:00,2025-03-11 23:20:15.420201,P3-Medium,Access Management,AGT-00008,31.39,24,True,False,2
INC-02406,2025-05-25 12:54:00,2025-05-26 00:05:29.809253,P2-High,Email/Comm,AGT-00005,11.19,8,True,False,2
INC-02407,2025-01-17 11:57:00,2025-01-17 19:33:12.060376,P3-Medium,Access Management,AGT-00004,7.6,24,False,False,2
INC-02408,2025-01-03 13:59:00,2025-01-04 14:37:16.293635,P3-Medium,Software,AGT-00006,24.64,24,True,False,3
INC-02409,2025-02-17 16:38:00,2025-02-20 10:51:40.551923,P4-Low,Software,AGT-00011,66.23,72,False,False,5
INC-02410,2025-04-25 08:54:00,2025-04-25 17:42:50.017284,P3-Medium,Software,AGT-00003,8.81,24,False,False,1
INC-02411,2025-05-31 23:17:00,2025-06-03 17:39:31.990350,P4-Low,Hardware,AGT-00003,66.38,72,False,False,2
INC-02412,2025-03-09 14:37:00,2025-03-12 23:22:31.098126,P4-Low,Network,AGT-00008,80.76,72,True,False,3
INC-02413,2025-03-23 19:13:00,2025-03-23 21:47:15.935441,P2-High,Software,AGT-00002,2.57,8,False,False,2
INC-02414,2025-02-27 07:58:00,2025-02-27 18:37:35.918755,P3-Medium,Hardware,AGT-00010,10.66,24,False,False,1
INC-02415,2025-05-16 17:58:00,2025-05-17 20:06:28.650245,P3-Medium,Software,AGT-00002,26.14,24,True,False,4
INC-02416,2025-05-23 10:10:00,2025-05-23 17:37:00.840916,P2-High,Access Management,AGT-00005,7.45,8,False,False,5
INC-02417,2025-05-10 17:16:00,2025-05-11 15:40:42.516727,P3-Medium,Access Management,AGT-00002,22.41,24,False,False,4
INC-02418,2025-02-19 14:10:00,2025-02-21 22:58:42.423581,P4-Low,Software,AGT-00001,56.81,72,False,False,5
INC-02419,2025-03-29 18:52:00,2025-03-30 15:59:32.042523,P3-Medium,Software,AGT-00004,21.13,24,False,False,5
INC-02420,2025-06-24 10:12:00,2025-06-24 17:35:17.602705,P3-Medium,Network,AGT-00005,7.39,24,False,False,1
INC-02421,2025-06-11 15:52:00,2025-06-12 18:14:42.749951,P3-Medium,Network,AGT-00011,26.38,24,True,False,2
INC-02422,2025-03-25 14:42:00,2025-03-26 18:03:24.191782,P3-Medium,Network,AGT-00014,27.36,24,True,False,1
INC-02423,2025-02-02 06:11:00,2025-02-04 03:35:43.866427,P4-Low,Software,AGT-00008,45.41,72,False,False,4
INC-02424,2025-03-19 09:36:00,2025-03-21 10:43:49.659613,P4-Low,Network,AGT-00001,49.13,72,False,False,2
INC-02425,2025-06-10 15:31:00,2025-06-11 10:53:40.259816,P4-Low,Access Management,AGT-00006,19.38,72,False,False,5
INC-02426,2025-03-31 15:33:00,2025-03-31 23:50:59.609926,P2-High,Network,AGT-00007,8.3,8,True,False,1
INC-02427,2025-06-11 18:50:00,2025-06-12 17:24:35.254321,P3-Medium,Software,AGT-00002,22.58,24,False,False,2
INC-02428,2025-06-18 15:58:00,2025-06-19 09:28:08.898710,P3-Medium,Software,AGT-00011,17.5,24,False,False,3
INC-02429,2025-06-29 14:57:00,2025-06-30 17:56:41.376764,P3-Medium,Access Management,AGT-00005,26.99,24,True,False,3
INC-02430,2025-06-27 17:50:00,2025-06-27 20:09:54.643937,P1-Critical,Software,AGT-00005,2.33,4,False,False,5
INC-02431,2025-05-10 10:02:00,2025-05-10 18:30:34.034666,P2-High,Hardware,AGT-00005,8.48,8,True,False,1
INC-02432,2025-02-17 11:31:00,2025-02-17 12:28:38.416761,P1-Critical,Email/Comm,AGT-00001,0.96,4,False,False,2
INC-02433,2025-04-08 04:00:00,2025-04-08 21:48:41.698055,P3-Medium,Network,AGT-00012,17.81,24,False,False,3
INC-02434,2025-05-22 09:35:00,2025-05-22 15:28:23.136350,P2-High,Software,AGT-00014,5.89,8,False,False,4
INC-02435,2025-06-20 17:40:00,2025-06-21 00:57:18.879818,P2-High,Network,AGT-00012,7.29,8,False,False,5
INC-02436,2025-05-03 09:28:00,2025-05-04 00:30:37.624450,P3-Medium,Access Management,AGT-00010,15.04,24,False,False,2
INC-02437,2025-06-26 22:09:00,2025-06-27 04:11:23.445295,P2-High,Email/Comm,AGT-00002,6.04,8,False,False,5
INC-02438,2025-03-16 09:09:00,2025-03-17 09:45:30.158538,P3-Medium,Software,AGT-00009,24.61,24,True,False,5
INC-02439,2025-06-20 23:40:00,2025-06-22 16:55:52.974919,P4-Low,Software,AGT-00008,41.26,72,False,False,3
INC-02440,2025-06-08 23:21:00,2025-06-09 17:13:06.448747,P4-Low,Software,AGT-00004,17.87,72,False,False,4
INC-02441,2025-05-03 18:15:00,2025-05-07 07:14:30.041103,P4-Low,Hardware,AGT-00013,84.99,72,True,False,3
INC-02442,2025-05-06 10:52:00,2025-05-07 15:55:05.877466,P3-Medium,Hardware,AGT-00008,29.05,24,True,False,2
INC-02443,2025-02-01 14:20:00,2025-02-01 21:59:42.834381,P3-Medium,Access Management,AGT-00014,7.66,24,False,False,5
INC-02444,2025-06-19 06:50:00,2025-06-19 15:44:50.318346,P2-High,Access Management,AGT-00002,8.91,8,True,False,2
INC-02445,2025-04-09 06:46:00,2025-04-09 20:44:34.326608,P3-Medium,Access Management,AGT-00008,13.98,24,False,False,4
INC-02446,2025-02-14 20:42:00,2025-02-15 16:48:28.431802,P3-Medium,Hardware,AGT-00001,20.11,24,False,False,2
INC-02447,2025-06-22 10:27:00,2025-06-24 18:20:04.137289,P4-Low,Hardware,AGT-00001,55.88,72,False,False,4
INC-02448,2025-02-24 14:28:00,2025-02-25 06:35:29.055351,P3-Medium,Software,AGT-00004,16.12,24,False,False,4
INC-02449,2025-02-05 01:10:00,2025-02-05 04:55:24.552614,P2-High,Software,AGT-00001,3.76,8,False,False,3
INC-02450,2025-01-25 08:42:00,2025-01-25 10:19:08.104423,P1-Critical,Software,AGT-00007,1.62,4,False,False,3
INC-02451,2025-04-21 19:39:00,2025-04-23 03:19:34.182085,P4-Low,Software,AGT-00009,31.68,72,False,False,4
INC-02452,2025-05-14 12:04:00,2025-05-14 23:24:43.520403,P3-Medium,Software,AGT-00006,11.35,24,False,False,4
INC-02453,2025-02-17 08:41:00,2025-02-18 02:08:45.265247,P3-Medium,Network,AGT-00007,17.46,24,False,False,5
INC-02454,2025-05-16 13:30:00,2025-05-17 01:46:26.112314,P3-Medium,Hardware,AGT-00006,12.27,24,False,False,4
INC-02455,2025-06-11 15:57:00,2025-06-12 00:50:13.856028,P2-High,Software,AGT-00002,8.89,8,True,False,3
INC-02456,2025-04-08 10:12:00,2025-04-08 21:54:19.301557,P2-High,Software,AGT-00007,11.71,8,True,True,2
INC-02457,2025-03-01 08:02:00,2025-03-01 21:23:34.466649,P3-Medium,Software,AGT-00003,13.36,24,False,False,4
INC-02458,2025-04-07 10:18:00,2025-04-08 06:12:54.849615,P3-Medium,Network,AGT-00004,19.92,24,False,False,4
INC-02459,2025-01-01 08:35:00,2025-01-03 20:34:37.327942,P4-Low,Software,AGT-00008,59.99,72,False,False,3
INC-02460,2025-03-18 13:37:00,2025-03-19 11:23:33.665402,P3-Medium,Access Management,AGT-00005,21.78,24,False,False,3
INC-02461,2025-03-30 11:02:00,2025-04-01 14:33:08.779290,P4-Low,Software,AGT-00002,51.52,72,False,False,3
INC-02462,2025-02-26 12:02:00,2025-02-26 16:31:07.313412,P1-Critical,Hardware,AGT-00003,4.49,4,True,False,2
INC-02463,2025-04-29 12:07:00,2025-04-30 09:58:28.769837,P3-Medium,Software,AGT-00002,21.86,24,False,False,4
INC-02464,2025-03-24 09:44:00,2025-03-24 17:49:55.322237,P3-Medium,Software,AGT-00004,8.1,24,False,False,4
INC-02465,2025-05-16 08:26:00,2025-05-16 13:10:17.923664,P1-Critical,Software,AGT-00001,4.74,4,True,False,2
INC-02466,2025-03-16 20:39:00,2025-03-17 06:15:19.864550,P2-High,Network,AGT-00003,9.61,8,True,False,3
INC-02467,2025-03-14 11:27:00,2025-03-15 22:11:03.400499,P4-Low,Software,AGT-00004,34.73,72,False,False,5
INC-02468,2025-03-16 16:19:00,2025-03-18 19:04:31.524152,P4-Low,Access Management,AGT-00014,50.76,72,False,False,5
INC-02469,2025-05-26 20:37:00,2025-05-29 12:16:59.687482,P4-Low,Hardware,AGT-00002,63.67,72,False,False,4
INC-02470,2025-05-29 12:14:00,2025-05-31 10:02:49.404990,P4-Low,Email/Comm,AGT-00003,45.81,72,False,False,3
INC-02471,2025-06-18 15:10:00,2025-06-19 17:45:01.767776,P3-Medium,Network,AGT-00009,26.58,24,True,False,1
INC-02472,2025-05-03 15:13:00,2025-05-05 04:07:39.527845,P3-Medium,Software,AGT-00007,36.91,24,True,False,3
INC-02473,2025-03-11 07:10:00,2025-03-11 18:52:43.602260,P3-Medium,Access Management,AGT-00006,11.71,24,False,False,1
INC-02474,2025-06-26 08:55:00,2025-06-27 07:17:44.788573,P4-Low,Software,AGT-00002,22.38,72,False,False,1
INC-02475,2025-02-19 10:45:00,2025-02-20 07:10:49.975553,P3-Medium,Access Management,AGT-00006,20.43,24,False,False,4
INC-02476,2025-02-02 04:00:00,2025-02-03 03:46:21.000148,P3-Medium,Software,AGT-00012,23.77,24,False,True,3
INC-02477,2025-02-07 15:14:00,2025-02-08 07:23:11.048433,P3-Medium,Hardware,AGT-00014,16.15,24,False,False,5
INC-02478,2025-02-04 16:13:00,2025-02-05 03:48:11.084358,P2-High,Access Management,AGT-00004,11.59,8,True,False,2
INC-02479,2025-06-02 11:21:00,2025-06-03 10:34:40.382420,P4-Low,Access Management,AGT-00006,23.23,72,False,False,4
INC-02480,2025-04-21 22:05:00,2025-04-24 13:56:30.140858,P4-Low,Email/Comm,AGT-00006,63.86,72,False,False,4
INC-02481,2025-03-18 09:44:00,2025-03-19 23:36:58.020905,P4-Low,Hardware,AGT-00004,37.88,72,False,False,4
INC-02482,2025-04-05 05:13:00,2025-04-05 17:44:04.161618,P2-High,Hardware,AGT-00006,12.52,8,True,False,1
INC-02483,2025-02-04 03:15:00,2025-02-07 21:06:01.105428,P4-Low,Network,AGT-00008,89.85,72,True,False,2
INC-02484,2025-01-05 10:42:00,2025-01-05 14:31:00.126994,P2-High,Software,AGT-00008,3.82,8,False,False,4
INC-02485,2025-04-12 16:34:00,2025-04-13 06:10:12.754486,P3-Medium,Software,AGT-00010,13.6,24,False,False,1
INC-02486,2025-02-06 13:17:00,2025-02-09 08:28:30.327863,P4-Low,Email/Comm,AGT-00007,67.19,72,False,False,4
INC-02487,2025-06-15 15:31:00,2025-06-15 20:39:42.153813,P2-High,Access Management,AGT-00007,5.15,8,False,False,3
INC-02488,2025-02-23 18:03:00,2025-02-24 11:41:12.156924,P3-Medium,Network,AGT-00001,17.64,24,False,False,4
INC-02489,2025-02-11 17:39:00,2025-02-13 20:09:27.966279,P4-Low,Software,AGT-00001,50.51,72,False,False,4
INC-02490,2025-02-10 09:08:00,2025-02-10 11:46:33.413102,P3-Medium,Software,AGT-00003,2.64,24,False,False,3
INC-02491,2025-03-26 11:06:00,2025-03-28 12:49:23.682281,P4-Low,Network,AGT-00001,49.72,72,False,False,5
INC-02492,2025-04-30 12:46:00,2025-04-30 16:51:09.430047,P2-High,Hardware,AGT-00003,4.09,8,False,False,4
INC-02493,2025-01-03 11:27:00,2025-01-04 01:30:18.062715,P3-Medium,Software,AGT-00014,14.06,24,False,False,4
INC-02494,2025-01-15 08:41:00,2025-01-16 14:13:56.601700,P3-Medium,Access Management,AGT-00003,29.55,24,True,False,1
INC-02495,2025-05-29 13:16:00,2025-05-30 14:08:11.503612,P4-Low,Network,AGT-00003,24.87,72,False,False,3
INC-02496,2025-02-03 05:34:00,2025-02-03 10:11:35.077345,P1-Critical,Hardware,AGT-00013,4.63,4,True,False,1
INC-02497,2025-01-05 07:45:00,2025-01-07 04:10:14.669016,P4-Low,Software,AGT-00009,44.42,72,False,False,3
INC-02498,2025-01-15 12:56:00,2025-01-17 09:20:17.267868,P4-Low,Hardware,AGT-00012,44.4,72,False,False,5
INC-02499,2025-01-27 17:30:00,2025-01-28 17:49:22.710606,P3-Medium,Access Management,AGT-00005,24.32,24,True,False,3
INC-02500,2025-06-03 20:11:00,2025-06-04 16:54:13.477284,P3-Medium,Hardware,AGT-00001,20.72,24,False,False,2
INC-02501,2025-04-23 08:43:00,2025-04-24 07:16:53.654320,P3-Medium,Software,AGT-00006,22.56,24,False,False,2
INC-02502,2025-03-23 14:51:00,2025-03-24 16:35:43.718223,P3-Medium,Email/Comm,AGT-00002,25.75,24,True,False,3
INC-02503,2025-03-07 20:46:00,2025-03-08 12:06:58.318564,P3-Medium,Software,AGT-00006,15.35,24,False,False,5
INC-02504,2025-01-20 17:06:00,2025-01-21 06:12:07.582046,P3-Medium,Software,AGT-00005,13.1,24,False,False,2
INC-02505,2025-01-11 09:22:00,2025-01-11 10:11:46.916209,P1-Critical,Software,AGT-00015,0.83,4,False,False,4
INC-02506,2025-01-19 12:03:00,2025-01-20 21:32:30.441842,P4-Low,Access Management,AGT-00001,33.49,72,False,False,4
INC-02507,2025-06-03 08:06:00,2025-06-05 01:41:33.919449,P3-Medium,Access Management,AGT-00014,41.59,24,True,False,3
INC-02508,2025-01-29 12:11:00,2025-01-30 16:08:26.771925,P3-Medium,Software,AGT-00007,27.96,24,True,False,4
INC-02509,2025-05-23 12:10:00,2025-05-24 11:08:42.645633,P4-Low,Access Management,AGT-00003,22.98,72,False,True,5
INC-02510,2025-06-23 10:51:00,2025-06-23 12:43:17.029745,P2-High,Network,AGT-00002,1.87,8,False,False,5
INC-02511,2025-01-01 15:52:00,2025-01-02 13:43:17.742577,P3-Medium,Email/Comm,AGT-00013,21.85,24,False,False,5
INC-02512,2025-01-05 10:53:00,2025-01-06 09:15:41.226164,P3-Medium,Software,AGT-00013,22.38,24,False,False,4
INC-02513,2025-01-06 17:00:00,2025-01-07 15:23:27.854457,P3-Medium,Hardware,AGT-00003,22.39,24,False,False,4
INC-02514,2025-06-06 16:20:00,2025-06-07 08:17:37.273146,P3-Medium,Software,AGT-00004,15.96,24,False,False,4
INC-02515,2025-04-12 11:42:00,2025-04-13 04:41:46.917312,P3-Medium,Software,AGT-00013,17.0,24,False,False,5
INC-02516,2025-02-17 12:31:00,2025-02-18 09:08:22.930296,P3-Medium,Hardware,AGT-00003,20.62,24,False,False,5
INC-02517,2025-04-18 07:25:00,2025-04-18 14:13:02.251879,P2-High,Software,AGT-00002,6.8,8,False,False,2
INC-02518,2025-05-27 16:10:00,2025-05-27 21:46:50.373162,P4-Low,Network,AGT-00008,5.61,72,False,False,3
INC-02519,2025-04-16 09:09:00,2025-04-16 14:50:44.524655,P2-High,Email/Comm,AGT-00014,5.7,8,False,False,3
INC-02520,2025-03-04 12:46:00,2025-03-04 23:57:19.494693,P3-Medium,Software,AGT-00003,11.19,24,False,False,4
INC-02521,2025-02-16 05:24:00,2025-02-16 12:30:47.663878,P2-High,Software,AGT-00003,7.11,8,False,False,4
INC-02522,2025-03-28 07:13:00,2025-03-30 01:05:55.459275,P3-Medium,Network,AGT-00008,41.88,24,True,False,1
INC-02523,2025-05-27 13:54:00,2025-05-28 10:50:23.471966,P3-Medium,Access Management,AGT-00001,20.94,24,False,False,5
INC-02524,2025-02-08 07:53:00,2025-02-08 13:17:09.525954,P2-High,Software,AGT-00002,5.4,8,False,False,2
INC-02525,2025-01-29 15:34:00,2025-01-30 16:56:27.883257,P3-Medium,Software,AGT-00013,25.37,24,True,False,2
INC-02526,2025-01-03 07:37:00,2025-01-04 05:28:41.411152,P3-Medium,Software,AGT-00004,21.86,24,False,False,3
INC-02527,2025-03-20 16:53:00,2025-03-21 14:14:38.721325,P3-Medium,Network,AGT-00003,21.36,24,False,False,1
INC-02528,2025-05-08 12:33:00,2025-05-11 02:41:13.242712,P4-Low,Network,AGT-00014,62.14,72,False,False,5
INC-02529,2025-06-13 11:55:00,2025-06-14 22:22:08.454667,P3-Medium,Access Management,AGT-00014,34.45,24,True,False,2
INC-02530,2025-02-25 10:11:00,2025-02-25 19:08:10.413063,P3-Medium,Software,AGT-00008,8.95,24,False,False,2
INC-02531,2025-02-19 08:19:00,2025-02-21 19:47:21.509530,P4-Low,Access Management,AGT-00002,59.47,72,False,False,1
INC-02532,2025-01-29 10:31:00,2025-01-29 13:46:27.597762,P2-High,Hardware,AGT-00002,3.26,8,False,False,5
INC-02533,2025-01-24 12:39:00,2025-01-25 11:05:38.764215,P3-Medium,Access Management,AGT-00012,22.44,24,False,False,5
INC-02534,2025-03-13 13:33:00,2025-03-14 00:12:01.828469,P3-Medium,Software,AGT-00015,10.65,24,False,False,3
INC-02535,2025-01-15 09:27:00,2025-01-16 00:06:39.835768,P3-Medium,Network,AGT-00006,14.66,24,False,False,1
INC-02536,2025-01-02 10:12:00,2025-01-03 01:50:21.410470,P3-Medium,Network,AGT-00001,15.64,24,False,False,4
INC-02537,2025-01-01 10:02:00,2025-01-01 19:56:55.290664,P2-High,Software,AGT-00012,9.92,8,True,False,1
INC-02538,2025-01-01 20:35:00,2025-01-02 06:17:52.525994,P2-High,Software,AGT-00003,9.71,8,True,False,4
INC-02539,2025-05-25 16:03:00,2025-05-26 17:08:08.348896,P4-Low,Software,AGT-00008,25.09,72,False,False,4
INC-02540,2025-04-22 20:54:00,2025-04-23 15:20:22.102397,P3-Medium,Network,AGT-00005,18.44,24,False,False,5
INC-02541,2025-06-06 19:43:00,2025-06-08 07:31:30.250458,P4-Low,Hardware,AGT-00012,35.81,72,False,False,5
INC-02542,2025-01-22 12:40:00,2025-01-22 14:45:42.838125,P2-High,Software,AGT-00013,2.1,8,False,False,4
INC-02543,2025-04-14 08:29:00,2025-04-15 00:44:49.908948,P3-Medium,Access Management,AGT-00011,16.26,24,False,False,4
INC-02544,2025-01-20 09:42:00,2025-01-21 01:13:55.695692,P3-Medium,Access Management,AGT-00001,15.53,24,False,False,3
INC-02545,2025-06-22 13:32:00,2025-06-26 16:04:03.587017,P4-Low,Access Management,AGT-00002,98.53,72,True,False,1
INC-02546,2025-01-17 13:20:00,2025-01-19 23:59:33.107426,P4-Low,Software,AGT-00007,58.66,72,False,False,5
INC-02547,2025-05-04 12:06:00,2025-05-05 10:32:51.539946,P4-Low,Network,AGT-00014,22.45,72,False,False,4
INC-02548,2025-01-02 14:59:00,2025-01-03 04:27:54.508680,P3-Medium,Software,AGT-00007,13.48,24,False,False,2
INC-02549,2025-06-09 08:38:00,2025-06-10 10:48:15.838908,P3-Medium,Hardware,AGT-00010,26.17,24,True,False,2
INC-02550,2025-06-01 11:54:00,2025-06-02 22:36:27.151859,P3-Medium,Software,AGT-00001,34.71,24,True,False,1
INC-02551,2025-06-22 01:45:00,2025-06-22 07:03:43.680608,P3-Medium,Hardware,AGT-00005,5.31,24,False,False,3
INC-02552,2025-04-13 13:48:00,2025-04-13 16:45:38.177708,P3-Medium,Software,AGT-00014,2.96,24,False,False,5
INC-02553,2025-02-22 10:32:00,2025-02-23 19:30:03.797051,P3-Medium,Network,AGT-00003,32.97,24,True,False,4
INC-02554,2025-06-21 11:40:00,2025-06-21 19:31:49.138635,P2-High,Hardware,AGT-00007,7.86,8,False,True,4
INC-02555,2025-01-06 12:40:00,2025-01-06 23:43:13.169322,P3-Medium,Network,AGT-00012,11.05,24,False,False,5
INC-02556,2025-01-17 16:36:00,2025-01-18 14:52:37.317680,P3-Medium,Software,AGT-00015,22.28,24,False,False,4
INC-02557,2025-03-20 15:31:00,2025-03-20 16:01:00.000000,P3-Medium,Software,AGT-00007,0.5,24,False,False,4
INC-02558,2025-01-20 21:12:00,2025-01-21 15:13:37.214590,P3-Medium,Software,AGT-00004,18.03,24,False,False,5
INC-02559,2025-03-15 18:33:00,2025-03-18 03:06:23.124445,P4-Low,Network,AGT-00005,56.56,72,False,False,3
INC-02560,2025-01-28 23:18:00,2025-01-30 00:41:38.980019,P3-Medium,Software,AGT-00011,25.39,24,True,False,2
INC-02561,2025-02-12 15:32:00,2025-02-13 01:25:19.796574,P3-Medium,Hardware,AGT-00010,9.89,24,False,False,5
INC-02562,2025-01-09 08:08:00,2025-01-10 02:49:07.790248,P3-Medium,Network,AGT-00011,18.69,24,False,False,1
INC-02563,2025-01-05 18:11:00,2025-01-06 04:46:47.770769,P3-Medium,Software,AGT-00013,10.6,24,False,False,5
INC-02564,2025-05-23 19:36:00,2025-05-24 15:38:35.052163,P3-Medium,Network,AGT-00002,20.04,24,False,False,5
INC-02565,2025-05-19 13:39:00,2025-05-20 21:44:35.064790,P4-Low,Hardware,AGT-00003,32.09,72,False,False,4
INC-02566,2025-03-30 11:55:00,2025-04-01 05:45:16.739580,P4-Low,Access Management,AGT-00001,41.84,72,False,False,2
INC-02567,2025-01-13 00:02:00,2025-01-14 06:07:01.291575,P4-Low,Access Management,AGT-00013,30.08,72,False,False,5
INC-02568,2025-06-02 10:13:00,2025-06-05 01:14:21.809411,P4-Low,Software,AGT-00007,63.02,72,False,True,5
INC-02569,2025-05-25 09:28:00,2025-05-26 10:20:03.392160,P3-Medium,Hardware,AGT-00006,24.87,24,True,False,3
INC-02570,2025-01-14 12:30:00,2025-01-16 09:48:27.318963,P4-Low,Hardware,AGT-00005,45.31,72,False,False,5
INC-02571,2025-06-14 17:01:00,2025-06-15 11:19:21.254255,P3-Medium,Software,AGT-00002,18.31,24,False,False,5
INC-02572,2025-03-01 09:18:00,2025-03-01 15:42:40.567259,P3-Medium,Access Management,AGT-00002,6.41,24,False,False,5
INC-02573,2025-05-04 10:21:00,2025-05-04 15:48:04.074235,P2-High,Software,AGT-00001,5.45,8,False,False,4
INC-02574,2025-03-19 21:24:00,2025-03-21 22:23:45.267573,P4-Low,Access Management,AGT-00004,49.0,72,False,False,5
INC-02575,2025-04-22 18:08:00,2025-04-23 09:48:21.992947,P2-High,Email/Comm,AGT-00007,15.67,8,True,False,2
INC-02576,2025-06-05 00:15:00,2025-06-05 02:51:29.215475,P2-High,Email/Comm,AGT-00002,2.61,8,False,False,4
INC-02577,2025-05-08 10:57:00,2025-05-09 16:39:48.304476,P3-Medium,Software,AGT-00001,29.71,24,True,False,2
INC-02578,2025-06-03 11:10:00,2025-06-04 13:08:29.532676,P3-Medium,Hardware,AGT-00007,25.97,24,True,False,3
INC-02579,2025-01-21 22:18:00,2025-01-22 05:46:56.018697,P2-High,Hardware,AGT-00001,7.48,8,False,False,3
INC-02580,2025-06-02 06:47:00,2025-06-02 19:26:18.618101,P2-High,Access Management,AGT-00012,12.66,8,True,False,1
INC-02581,2025-05-01 09:49:00,2025-05-01 17:37:08.528955,P2-High,Network,AGT-00012,7.8,8,False,False,4
INC-02582,2025-05-18 14:46:00,2025-05-19 11:52:47.784835,P3-Medium,Network,AGT-00010,21.11,24,False,False,3
INC-02583,2025-02-13 08:42:00,2025-02-14 02:16:30.125193,P3-Medium,Software,AGT-00006,17.58,24,False,False,4
INC-02584,2025-04-14 08:32:00,2025-04-15 12:19:18.783814,P3-Medium,Access Management,AGT-00003,27.79,24,True,False,2
INC-02585,2025-01-14 13:40:00,2025-01-15 00:00:15.512346,P2-High,Network,AGT-00003,10.34,8,True,True,2
INC-02586,2025-05-01 09:23:00,2025-05-01 13:41:36.466178,P2-High,Software,AGT-00003,4.31,8,False,False,4
INC-02587,2025-03-17 07:50:00,2025-03-17 09:42:57.485348,P2-High,Software,AGT-00006,1.88,8,False,False,2
INC-02588,2025-04-28 09:18:00,2025-04-29 01:40:34.157643,P3-Medium,Access Management,AGT-00015,16.38,24,False,False,4
INC-02589,2025-01-08 09:07:00,2025-01-08 10:30:59.722336,P1-Critical,Hardware,AGT-00006,1.4,4,False,False,4
INC-02590,2025-06-14 13:38:00,2025-06-16 14:21:46.230628,P4-Low,Network,AGT-00002,48.73,72,False,False,4
INC-02591,2025-02-14 17:35:00,2025-02-14 23:03:29.554570,P1-Critical,Software,AGT-00006,5.47,4,True,False,3
INC-02592,2025-05-23 11:20:00,2025-05-24 01:40:29.712334,P3-Medium,Software,AGT-00001,14.34,24,False,False,3
INC-02593,2025-06-19 09:20:00,2025-06-19 15:41:00.425395,P2-High,Software,AGT-00004,6.35,8,False,False,4
INC-02594,2025-05-25 18:22:00,2025-05-27 21:31:37.636906,P4-Low,Software,AGT-00001,51.16,72,False,False,4
INC-02595,2025-05-03 12:24:00,2025-05-04 13:11:14.809408,P3-Medium,Access Management,AGT-00005,24.79,24,True,False,2
INC-02596,2025-02-27 09:25:00,2025-02-27 09:55:00.000000,P3-Medium,Email/Comm,AGT-00015,0.5,24,False,False,4
INC-02597,2025-03-09 22:21:00,2025-03-10 11:29:47.031511,P3-Medium,Software,AGT-00010,13.15,24,False,False,4
INC-02598,2025-01-13 13:35:00,2025-01-14 09:16:24.970338,P3-Medium,Network,AGT-00001,19.69,24,False,False,3
INC-02599,2025-06-25 15:10:00,2025-06-25 20:34:00.568486,P1-Critical,Email/Comm,AGT-00011,5.4,4,True,False,1
INC-02600,2025-03-15 08:18:00,2025-03-15 22:21:53.209512,P3-Medium,Software,AGT-00003,14.06,24,False,False,5
INC-02601,2025-06-21 14:29:00,2025-06-21 17:28:15.282066,P3-Medium,Software,AGT-00007,2.99,24,False,False,4
INC-02602,2025-05-06 10:45:00,2025-05-07 09:42:27.689644,P3-Medium,Access Management,AGT-00011,22.96,24,False,False,5
INC-02603,2025-06-01 06:09:00,2025-06-01 10:25:34.433901,P2-High,Software,AGT-00001,4.28,8,False,False,5
INC-02604,2025-06-19 18:53:00,2025-06-20 03:21:57.600218,P3-Medium,Software,AGT-00008,8.48,24,False,False,2
INC-02605,2025-04-26 19:29:00,2025-04-27 08:29:18.852776,P3-Medium,Network,AGT-00007,13.01,24,False,True,3
INC-02606,2025-03-26 17:50:00,2025-03-27 10:21:25.669700,P3-Medium,Hardware,AGT-00015,16.52,24,False,False,5
INC-02607,2025-04-11 22:06:00,2025-04-12 11:15:43.353661,P3-Medium,Access Management,AGT-00002,13.16,24,False,False,5
INC-02608,2025-04-22 18:07:00,2025-04-22 18:37:00.000000,P3-Medium,Hardware,AGT-00006,0.5,24,False,False,4
INC-02609,2025-01-21 10:58:00,2025-01-22 12:08:35.506470,P3-Medium,Email/Comm,AGT-00011,25.18,24,True,False,1
INC-02610,2025-05-27 14:10:00,2025-05-30 17:39:51.002972,P4-Low,Access Management,AGT-00007,75.5,72,True,False,2
INC-02611,2025-04-19 20:37:00,2025-04-20 19:49:43.833351,P3-Medium,Software,AGT-00002,23.21,24,False,False,5
INC-02612,2025-05-10 13:01:00,2025-05-10 21:54:54.652692,P3-Medium,Software,AGT-00008,8.9,24,False,False,4
INC-02613,2025-02-19 08:25:00,2025-02-20 00:48:17.043822,P3-Medium,Access Management,AGT-00008,16.39,24,False,True,5
INC-02614,2025-01-03 09:54:00,2025-01-03 16:22:37.831428,P2-High,Hardware,AGT-00007,6.48,8,False,False,5
INC-02615,2025-03-22 10:15:00,2025-03-25 00:13:33.196048,P4-Low,Hardware,AGT-00007,61.98,72,False,False,1
INC-02616,2025-01-26 18:45:00,2025-01-27 03:35:21.090158,P2-High,Software,AGT-00011,8.84,8,True,False,2
INC-02617,2025-04-29 09:04:00,2025-04-29 12:59:49.410135,P2-High,Network,AGT-00002,3.93,8,False,False,5
INC-02618,2025-04-13 08:28:00,2025-04-15 12:06:23.680062,P4-Low,Software,AGT-00002,51.64,72,False,False,4
INC-02619,2025-02-23 10:51:00,2025-02-24 08:30:29.675653,P3-Medium,Software,AGT-00006,21.66,24,False,False,5
INC-02620,2025-04-21 07:40:00,2025-04-22 13:18:47.682878,P3-Medium,Software,AGT-00015,29.65,24,True,False,2
INC-02621,2025-04-07 09:31:00,2025-04-07 18:28:56.782402,P2-High,Software,AGT-00012,8.97,8,True,False,2
INC-02622,2025-03-05 11:43:00,2025-03-08 05:29:52.081491,P4-Low,Network,AGT-00004,65.78,72,False,False,4
INC-02623,2025-02-16 12:54:00,2025-02-18 16:34:35.517211,P4-Low,Email/Comm,AGT-00005,51.68,72,False,False,4
INC-02624,2025-03-29 20:18:00,2025-04-02 02:30:33.058455,P4-Low,Software,AGT-00004,78.21,72,True,False,1
INC-02625,2025-06-24 11:02:00,2025-06-26 21:13:42.921309,P4-Low,Hardware,AGT-00011,58.2,72,False,False,4
INC-02626,2025-02-22 10:55:00,2025-02-22 22:01:40.668187,P3-Medium,Email/Comm,AGT-00003,11.11,24,False,False,5
INC-02627,2025-02-01 04:42:00,2025-02-02 09:55:37.055140,P3-Medium,Hardware,AGT-00015,29.23,24,True,False,1
INC-02628,2025-05-05 11:27:00,2025-05-06 11:01:59.614249,P3-Medium,Hardware,AGT-00003,23.58,24,False,False,5
INC-02629,2025-03-11 12:33:00,2025-03-13 05:41:20.830479,P4-Low,Hardware,AGT-00003,41.14,72,False,False,3
INC-02630,2025-04-16 13:02:00,2025-04-17 03:11:50.602539,P3-Medium,Hardware,AGT-00001,14.16,24,False,False,4
INC-02631,2025-06-05 14:44:00,2025-06-06 11:06:21.375700,P3-Medium,Access Management,AGT-00008,20.37,24,False,False,4
INC-02632,2025-06-07 12:48:00,2025-06-07 20:55:16.128420,P2-High,Software,AGT-00012,8.12,8,True,False,2
INC-02633,2025-03-26 13:57:00,2025-03-28 19:53:45.043125,P4-Low,Network,AGT-00008,53.95,72,False,False,5
INC-02634,2025-06-14 22:51:00,2025-06-15 06:26:22.489285,P2-High,Hardware,AGT-00002,7.59,8,False,False,4
INC-02635,2025-03-11 16:49:00,2025-03-12 05:15:59.462920,P2-High,Network,AGT-00004,12.45,8,True,False,1
INC-02636,2025-01-17 12:13:00,2025-01-20 11:38:51.106961,P4-Low,Software,AGT-00009,71.43,72,False,False,4
INC-02637,2025-03-01 09:18:00,2025-03-02 04:49:30.305028,P3-Medium,Email/Comm,AGT-00002,19.53,24,False,False,4
INC-02638,2025-06-04 00:58:00,2025-06-06 21:47:34.361815,P4-Low,Network,AGT-00008,68.83,72,False,False,5
INC-02639,2025-01-06 09:08:00,2025-01-06 12:01:10.198816,P2-High,Access Management,AGT-00012,2.89,8,False,False,3
INC-02640,2025-01-18 14:10:00,2025-01-21 00:07:30.747596,P4-Low,Email/Comm,AGT-00014,57.96,72,False,False,3
INC-02641,2025-04-26 12:00:00,2025-04-27 00:49:57.260007,P2-High,Network,AGT-00007,12.83,8,True,False,2
INC-02642,2025-06-01 18:17:00,2025-06-01 20:50:50.069553,P1-Critical,Access Management,AGT-00005,2.56,4,False,False,3
INC-02643,2025-05-22 14:03:00,2025-05-23 01:16:08.142856,P3-Medium,Email/Comm,AGT-00003,11.22,24,False,False,5
INC-02644,2025-02-06 16:34:00,2025-02-07 05:20:59.840009,P3-Medium,Email/Comm,AGT-00014,12.78,24,False,False,1
INC-02645,2025-04-10 23:55:00,2025-04-11 09:11:58.568525,P3-Medium,Software,AGT-00002,9.28,24,False,False,4
INC-02646,2025-03-18 17:11:00,2025-03-18 20:56:11.999958,P2-High,Software,AGT-00015,3.75,8,False,False,3
INC-02647,2025-04-18 07:34:00,2025-04-20 02:09:23.416902,P4-Low,Software,AGT-00002,42.59,72,False,False,2
INC-02648,2025-06-26 11:03:00,2025-06-26 12:37:49.855558,P2-High,Software,AGT-00005,1.58,8,False,False,2
INC-02649,2025-02-08 16:02:00,2025-02-09 10:09:29.808018,P3-Medium,Software,AGT-00002,18.12,24,False,False,5
INC-02650,2025-02-04 06:23:00,2025-02-04 16:02:28.692390,P2-High,Access Management,AGT-00004,9.66,8,True,False,5
INC-02651,2025-06-04 10:03:00,2025-06-04 20:47:16.622012,P3-Medium,Network,AGT-00005,10.74,24,False,False,3
INC-02652,2025-01-07 17:13:00,2025-01-08 23:22:15.377001,P3-Medium,Access Management,AGT-00015,30.15,24,True,False,1
INC-02653,2025-02-11 07:13:00,2025-02-13 19:25:57.030374,P4-Low,Network,AGT-00005,60.22,72,False,False,4
INC-02654,2025-06-17 11:09:00,2025-06-17 16:12:40.180216,P1-Critical,Software,AGT-00012,5.06,4,True,False,1
INC-02655,2025-03-13 16:50:00,2025-03-15 05:40:35.912123,P4-Low,Hardware,AGT-00013,36.84,72,False,False,4
INC-02656,2025-01-18 12:00:00,2025-01-19 12:50:10.326540,P3-Medium,Software,AGT-00015,24.84,24,True,False,2
INC-02657,2025-02-27 16:18:00,2025-02-28 01:33:52.303669,P3-Medium,Email/Comm,AGT-00002,9.26,24,False,False,5
INC-02658,2025-04-12 01:21:00,2025-04-12 10:57:57.118511,P2-High,Software,AGT-00001,9.62,8,True,False,4
INC-02659,2025-06-20 16:37:00,2025-06-21 11:59:28.972986,P3-Medium,Network,AGT-00014,19.37,24,False,False,5
INC-02660,2025-04-07 14:13:00,2025-04-08 12:38:33.635136,P3-Medium,Access Management,AGT-00012,22.43,24,False,False,4
INC-02661,2025-02-03 12:05:00,2025-02-03 20:40:42.875358,P3-Medium,Hardware,AGT-00002,8.6,24,False,False,4
INC-02662,2025-06-23 08:22:00,2025-06-23 19:12:21.988542,P3-Medium,Software,AGT-00015,10.84,24,False,False,4
INC-02663,2025-01-28 07:42:00,2025-01-29 06:28:40.172686,P3-Medium,Network,AGT-00001,22.78,24,False,False,5
INC-02664,2025-04-21 13:25:00,2025-04-21 23:49:47.577478,P3-Medium,Email/Comm,AGT-00001,10.41,24,False,False,5
INC-02665,2025-03-07 12:27:00,2025-03-08 10:09:20.341212,P3-Medium,Access Management,AGT-00013,21.71,24,False,False,5
INC-02666,2025-04-08 23:58:00,2025-04-09 07:01:46.431174,P3-Medium,Software,AGT-00002,7.06,24,False,True,4
INC-02667,2025-03-01 11:42:00,2025-03-02 12:29:07.417325,P3-Medium,Hardware,AGT-00006,24.79,24,True,False,1
INC-02668,2025-06-08 18:08:00,2025-06-09 02:16:23.328535,P3-Medium,Software,AGT-00005,8.14,24,False,False,3
INC-02669,2025-05-16 20:49:00,2025-05-17 05:14:58.979215,P2-High,Software,AGT-00008,8.43,8,True,False,5
INC-02670,2025-02-20 17:14:00,2025-02-21 16:14:18.170889,P3-Medium,Email/Comm,AGT-00007,23.01,24,False,False,3
INC-02671,2025-05-10 08:14:00,2025-05-10 20:39:32.971629,P3-Medium,Software,AGT-00014,12.43,24,False,False,4
INC-02672,2025-01-03 08:10:00,2025-01-04 06:49:22.365132,P3-Medium,Software,AGT-00002,22.66,24,False,False,5
INC-02673,2025-04-02 19:00:00,2025-04-03 15:05:00.737184,P3-Medium,Access Management,AGT-00012,20.08,24,False,False,5
INC-02674,2025-04-07 09:18:00,2025-04-07 11:13:20.338635,P1-Critical,Network,AGT-00006,1.92,4,False,False,5
INC-02675,2025-01-01 13:36:00,2025-01-01 23:31:53.625099,P3-Medium,Software,AGT-00007,9.93,24,False,False,4
INC-02676,2025-01-01 02:54:00,2025-01-01 03:24:00.000000,P2-High,Hardware,AGT-00004,0.5,8,False,False,4
INC-02677,2025-02-05 15:12:00,2025-02-08 00:11:34.803406,P4-Low,Software,AGT-00011,56.99,72,False,False,5
INC-02678,2025-04-28 16:39:00,2025-04-28 22:07:53.680185,P3-Medium,Software,AGT-00010,5.48,24,False,True,1
INC-02679,2025-01-22 21:55:00,2025-01-25 01:49:24.782360,P4-Low,Hardware,AGT-00006,51.91,72,False,False,4
INC-02680,2025-01-06 20:52:00,2025-01-08 17:35:51.728442,P4-Low,Software,AGT-00001,44.73,72,False,False,4
INC-02681,2025-01-25 15:15:00,2025-01-26 14:40:59.311933,P3-Medium,Hardware,AGT-00005,23.43,24,False,False,2
INC-02682,2025-06-19 14:41:00,2025-06-19 20:07:34.226706,P2-High,Access Management,AGT-00003,5.44,8,False,False,3
INC-02683,2025-03-21 08:01:00,2025-03-21 23:22:51.903753,P3-Medium,Access Management,AGT-00015,15.36,24,False,False,3
INC-02684,2025-03-24 16:17:00,2025-03-27 08:55:14.690709,P4-Low,Network,AGT-00004,64.64,72,False,False,1
INC-02685,2025-03-06 10:56:00,2025-03-07 07:36:49.671238,P3-Medium,Email/Comm,AGT-00007,20.68,24,False,False,5
INC-02686,2025-01-15 13:17:00,2025-01-16 09:48:45.291567,P3-Medium,Network,AGT-00001,20.53,24,False,False,5
INC-02687,2025-01-24 15:09:00,2025-01-27 02:32:07.266466,P4-Low,Access Management,AGT-00006,59.39,72,False,False,4
INC-02688,2025-01-01 08:57:00,2025-01-01 14:39:55.522852,P3-Medium,Software,AGT-00009,5.72,24,False,False,1
INC-02689,2025-06-26 10:08:00,2025-06-27 10:11:15.513984,P3-Medium,Access Management,AGT-00005,24.05,24,True,False,3
INC-02690,2025-02-10 21:14:00,2025-02-11 20:07:59.101268,P3-Medium,Email/Comm,AGT-00004,22.9,24,False,False,4
INC-02691,2025-05-24 21:35:00,2025-05-24 22:32:59.881474,P1-Critical,Network,AGT-00007,0.97,4,False,False,2
INC-02692,2025-02-15 17:20:00,2025-02-15 22:58:44.586032,P2-High,Software,AGT-00001,5.65,8,False,False,1
INC-02693,2025-01-09 06:38:00,2025-01-10 00:19:07.950116,P3-Medium,Access Management,AGT-00001,17.69,24,False,False,2
INC-02694,2025-05-24 09:09:00,2025-05-25 02:04:26.492609,P3-Medium,Network,AGT-00001,16.92,24,False,False,1
INC-02695,2025-02-02 13:59:00,2025-02-03 10:39:15.167037,P3-Medium,Access Management,AGT-00002,20.67,24,False,False,2
INC-02696,2025-05-17 15:00:00,2025-05-18 02:30:35.221451,P2-High,Network,AGT-00013,11.51,8,True,False,2
INC-02697,2025-03-08 10:46:00,2025-03-11 10:24:07.204392,P4-Low,Hardware,AGT-00011,71.64,72,False,True,5
INC-02698,2025-04-18 23:54:00,2025-04-19 07:24:08.087229,P3-Medium,Access Management,AGT-00015,7.5,24,False,False,4
INC-02699,2025-03-02 00:31:00,2025-03-04 14:57:29.039302,P4-Low,Network,AGT-00001,62.44,72,False,False,5
INC-02700,2025-02-08 09:22:00,2025-02-11 13:56:43.199007,P4-Low,Email/Comm,AGT-00003,76.58,72,True,False,2
INC-02701,2025-03-23 16:47:00,2025-03-24 13:52:40.085396,P3-Medium,Software,AGT-00002,21.09,24,False,False,5
INC-02702,2025-01-01 12:54:00,2025-01-02 15:37:40.236245,P3-Medium,Network,AGT-00005,26.73,24,True,False,3
INC-02703,2025-02-09 18:17:00,2025-02-13 12:31:43.472090,P4-Low,Email/Comm,AGT-00010,90.25,72,True,False,5
INC-02704,2025-05-20 12:54:00,2025-05-21 15:05:22.834928,P3-Medium,Software,AGT-00015,26.19,24,True,False,3
INC-02705,2025-02-10 13:40:00,2025-02-11 09:39:40.087554,P3-Medium,Software,AGT-00001,19.99,24,False,False,1
INC-02706,2025-03-19 12:30:00,2025-03-20 14:51:38.548054,P3-Medium,Email/Comm,AGT-00010,26.36,24,True,False,5
INC-02707,2025-02-23 10:19:00,2025-02-23 17:19:25.586697,P2-High,Hardware,AGT-00003,7.01,8,False,False,5
INC-02708,2025-02-08 07:50:00,2025-02-10 10:18:41.019117,P4-Low,Software,AGT-00014,50.48,72,False,False,5
INC-02709,2025-03-07 13:11:00,2025-03-08 04:22:19.270011,P3-Medium,Access Management,AGT-00002,15.19,24,False,True,4
INC-02710,2025-01-23 16:06:00,2025-01-24 22:36:26.304734,P3-Medium,Access Management,AGT-00007,30.51,24,True,False,3
INC-02711,2025-02-07 12:00:00,2025-02-08 21:37:53.136052,P4-Low,Software,AGT-00001,33.63,72,False,False,4
INC-02712,2025-03-15 12:55:00,2025-03-16 19:10:32.190471,P3-Medium,Hardware,AGT-00007,30.26,24,True,False,1
INC-02713,2025-04-18 13:25:00,2025-04-18 21:39:58.287959,P2-High,Software,AGT-00007,8.25,8,True,False,4
INC-02714,2025-01-12 08:10:00,2025-01-12 08:40:00.000000,P1-Critical,Access Management,AGT-00011,0.5,4,False,False,4
INC-02715,2025-02-17 09:01:00,2025-02-17 16:48:12.381092,P2-High,Access Management,AGT-00001,7.79,8,False,False,4
INC-02716,2025-01-02 17:15:00,2025-01-02 18:26:59.236580,P3-Medium,Access Management,AGT-00006,1.2,24,False,False,2
INC-02717,2025-01-15 09:03:00,2025-01-16 08:03:14.630885,P3-Medium,Access Management,AGT-00004,23.0,24,False,False,3
INC-02718,2025-06-04 20:03:00,2025-06-05 21:07:54.666710,P3-Medium,Software,AGT-00007,25.08,24,True,False,3
INC-02719,2025-05-02 17:15:00,2025-05-02 19:03:55.037119,P1-Critical,Network,AGT-00003,1.82,4,False,False,4
INC-02720,2025-06-16 13:02:00,2025-06-17 08:01:18.173644,P3-Medium,Software,AGT-00005,18.99,24,False,False,2
INC-02721,2025-04-01 15:39:00,2025-04-03 01:16:59.734092,P3-Medium,Software,AGT-00014,33.63,24,True,False,5
INC-02722,2025-03-14 18:40:00,2025-03-15 08:37:14.494917,P3-Medium,Hardware,AGT-00007,13.95,24,False,False,4
INC-02723,2025-01-20 09:28:00,2025-01-21 14:17:18.653732,P4-Low,Email/Comm,AGT-00007,28.82,72,False,False,3
INC-02724,2025-02-12 13:43:00,2025-02-13 01:24:08.958871,P2-High,Network,AGT-00005,11.69,8,True,False,2
INC-02725,2025-06-03 16:45:00,2025-06-05 02:27:02.511087,P3-Medium,Software,AGT-00010,33.7,24,True,False,1
INC-02726,2025-05-12 07:39:00,2025-05-13 01:40:46.435349,P3-Medium,Software,AGT-00006,18.03,24,False,False,5
INC-02727,2025-05-31 14:24:00,2025-06-01 00:26:24.434246,P2-High,Hardware,AGT-00007,10.04,8,True,False,2
INC-02728,2025-02-28 05:56:00,2025-02-28 17:07:42.596536,P2-High,Network,AGT-00003,11.2,8,True,False,4
INC-02729,2025-05-21 01:46:00,2025-05-22 12:55:01.135257,P4-Low,Network,AGT-00010,35.15,72,False,False,4
INC-02730,2025-01-04 08:16:00,2025-01-04 22:23:03.191941,P3-Medium,Access Management,AGT-00006,14.12,24,False,False,3
INC-02731,2025-02-17 08:52:00,2025-02-20 11:29:02.964947,P4-Low,Network,AGT-00012,74.62,72,True,False,2
INC-02732,2025-04-08 13:54:00,2025-04-12 01:36:01.028067,P4-Low,Software,AGT-00008,83.7,72,True,False,2
INC-02733,2025-06-24 10:27:00,2025-06-25 08:57:10.968773,P3-Medium,Software,AGT-00005,22.5,24,False,False,2
INC-02734,2025-06-28 16:56:00,2025-06-29 03:53:41.346619,P3-Medium,Email/Comm,AGT-00014,10.96,24,False,False,2
INC-02735,2025-03-18 17:24:00,2025-03-19 06:51:16.970007,P2-High,Network,AGT-00004,13.45,8,True,False,2
INC-02736,2025-06-16 13:16:00,2025-06-16 15:12:17.009536,P1-Critical,Network,AGT-00001,1.94,4,False,False,3
INC-02737,2025-06-08 13:14:00,2025-06-10 08:31:50.079756,P4-Low,Access Management,AGT-00008,43.3,72,False,False,3
INC-02738,2025-01-03 10:06:00,2025-01-05 18:56:48.324083,P4-Low,Software,AGT-00002,56.85,72,False,False,4
INC-02739,2025-02-28 05:06:00,2025-03-03 14:10:59.550291,P4-Low,Access Management,AGT-00003,81.08,72,True,False,1
INC-02740,2025-05-21 23:44:00,2025-05-23 00:33:54.508125,P3-Medium,Software,AGT-00010,24.83,24,True,False,3
INC-02741,2025-03-26 09:35:00,2025-03-26 17:32:07.305305,P2-High,Software,AGT-00014,7.95,8,False,False,1
INC-02742,2025-05-08 11:49:00,2025-05-08 15:44:35.677417,P1-Critical,Network,AGT-00009,3.93,4,False,False,4
INC-02743,2025-02-01 10:15:00,2025-02-03 13:07:13.056142,P4-Low,Software,AGT-00005,50.87,72,False,False,3
INC-02744,2025-01-20 19:58:00,2025-01-23 09:07:46.045045,P4-Low,Access Management,AGT-00002,61.16,72,False,False,5
INC-02745,2025-05-08 12:21:00,2025-05-08 12:51:00.000000,P2-High,Software,AGT-00009,0.5,8,False,False,3
INC-02746,2025-06-03 12:14:00,2025-06-05 08:18:04.262947,P4-Low,Software,AGT-00009,44.07,72,False,False,1
INC-02747,2025-04-05 16:27:00,2025-04-06 12:22:50.071726,P3-Medium,Hardware,AGT-00009,19.93,24,False,False,4
INC-02748,2025-04-28 09:52:00,2025-04-28 10:33:52.698598,P1-Critical,Network,AGT-00001,0.7,4,False,False,2
INC-02749,2025-05-17 23:48:00,2025-05-18 20:53:26.111553,P3-Medium,Hardware,AGT-00007,21.09,24,False,False,4
INC-02750,2025-02-28 13:49:00,2025-02-28 19:36:03.662616,P2-High,Network,AGT-00003,5.78,8,False,False,4
INC-02751,2025-03-25 15:42:00,2025-03-29 04:48:34.250279,P4-Low,Access Management,AGT-00006,85.11,72,True,False,1
INC-02752,2025-04-11 15:25:00,2025-04-12 22:00:02.968086,P3-Medium,Hardware,AGT-00010,30.58,24,True,False,4
INC-02753,2025-01-12 12:27:00,2025-01-12 17:19:10.849829,P2-High,Software,AGT-00003,4.87,8,False,False,1
INC-02754,2025-05-03 21:55:00,2025-05-04 14:42:35.873907,P3-Medium,Software,AGT-00002,16.79,24,False,False,3
INC-02755,2025-04-13 12:44:00,2025-04-14 06:08:30.310110,P3-Medium,Access Management,AGT-00015,17.41,24,False,False,4
INC-02756,2025-05-02 14:26:00,2025-05-02 19:21:09.090600,P2-High,Software,AGT-00008,4.92,8,False,False,4
INC-02757,2025-04-11 14:14:00,2025-04-13 20:08:01.798850,P4-Low,Software,AGT-00014,53.9,72,False,False,4
INC-02758,2025-03-30 17:43:00,2025-04-01 04:33:03.691040,P4-Low,Access Management,AGT-00003,34.83,72,False,False,5
INC-02759,2025-01-22 21:20:00,2025-01-24 00:43:15.695884,P4-Low,Software,AGT-00007,27.39,72,False,False,4
INC-02760,2025-06-24 14:20:00,2025-06-27 04:47:15.208121,P4-Low,Access Management,AGT-00003,62.45,72,False,False,2
INC-02761,2025-03-28 10:10:00,2025-03-29 09:12:10.452026,P3-Medium,Software,AGT-00005,23.04,24,False,False,2
INC-02762,2025-05-15 09:54:00,2025-05-15 21:27:55.706122,P3-Medium,Network,AGT-00011,11.57,24,False,False,3
INC-02763,2025-02-22 08:45:00,2025-02-23 09:54:46.236406,P3-Medium,Access Management,AGT-00005,25.16,24,True,False,4
INC-02764,2025-04-29 17:41:00,2025-04-29 21:58:22.120613,P2-High,Network,AGT-00009,4.29,8,False,False,4
INC-02765,2025-01-15 16:10:00,2025-01-15 23:33:09.881999,P2-High,Software,AGT-00004,7.39,8,False,False,4
INC-02766,2025-05-28 13:02:00,2025-05-28 22:24:16.334559,P2-High,Hardware,AGT-00006,9.37,8,True,False,4
INC-02767,2025-05-30 18:11:00,2025-06-01 19:30:39.895341,P4-Low,Email/Comm,AGT-00001,49.33,72,False,False,5
INC-02768,2025-05-21 00:56:00,2025-05-21 22:34:16.538270,P3-Medium,Email/Comm,AGT-00015,21.64,24,False,False,4
INC-02769,2025-05-20 02:04:00,2025-05-20 15:56:06.826256,P3-Medium,Access Management,AGT-00001,13.87,24,False,False,5
INC-02770,2025-01-21 11:12:00,2025-01-23 09:16:14.405993,P4-Low,Email/Comm,AGT-00010,46.07,72,False,False,5
INC-02771,2025-03-16 13:13:00,2025-03-18 11:05:58.120977,P4-Low,Software,AGT-00014,45.88,72,False,False,5
INC-02772,2025-02-27 18:55:00,2025-02-27 22:48:13.112834,P2-High,Email/Comm,AGT-00004,3.89,8,False,False,3
INC-02773,2025-05-23 00:14:00,2025-05-23 16:49:08.904102,P3-Medium,Software,AGT-00015,16.59,24,False,False,1
INC-02774,2025-02-10 19:39:00,2025-02-11 01:15:39.792993,P3-Medium,Email/Comm,AGT-00003,5.61,24,False,False,5
INC-02775,2025-06-04 09:29:00,2025-06-04 23:33:14.772082,P3-Medium,Network,AGT-00007,14.07,24,False,False,5
INC-02776,2025-05-27 08:24:00,2025-05-28 00:07:15.585791,P3-Medium,Software,AGT-00001,15.72,24,False,False,4
INC-02777,2025-01-16 08:27:00,2025-01-17 00:24:02.023128,P3-Medium,Access Management,AGT-00011,15.95,24,False,False,4
INC-02778,2025-02-12 13:19:00,2025-02-13 05:23:04.873559,P3-Medium,Access Management,AGT-00005,16.07,24,False,False,3
INC-02779,2025-04-06 02:46:00,2025-04-06 20:16:21.191044,P3-Medium,Software,AGT-00007,17.51,24,False,True,5
INC-02780,2025-05-07 23:48:00,2025-05-08 21:38:07.915721,P3-Medium,Access Management,AGT-00004,21.84,24,False,False,5
INC-02781,2025-01-27 13:53:00,2025-01-27 23:26:38.915134,P2-High,Software,AGT-00008,9.56,8,True,False,2
INC-02782,2025-03-18 19:15:00,2025-03-18 23:28:32.958142,P2-High,Access Management,AGT-00013,4.23,8,False,False,3
INC-02783,2025-02-14 19:22:00,2025-02-15 03:44:27.815365,P3-Medium,Email/Comm,AGT-00007,8.37,24,False,False,3
INC-02784,2025-01-18 05:51:00,2025-01-18 08:42:10.240406,P2-High,Email/Comm,AGT-00003,2.85,8,False,False,4
INC-02785,2025-06-08 19:14:00,2025-06-09 09:20:08.555870,P3-Medium,Access Management,AGT-00001,14.1,24,False,False,3
INC-02786,2025-04-14 13:52:00,2025-04-16 08:49:41.665117,P4-Low,Software,AGT-00001,42.96,72,False,False,4
INC-02787,2025-03-04 09:10:00,2025-03-04 21:00:24.113294,P3-Medium,Hardware,AGT-00002,11.84,24,False,False,3
INC-02788,2025-05-18 02:36:00,2025-05-19 02:40:39.600174,P4-Low,Software,AGT-00002,24.08,72,False,False,4
INC-02789,2025-03-10 16:05:00,2025-03-11 06:26:03.720169,P3-Medium,Network,AGT-00011,14.35,24,False,False,4
INC-02790,2025-03-22 19:39:00,2025-03-23 15:06:05.086659,P3-Medium,Hardware,AGT-00007,19.45,24,False,False,2
INC-02791,2025-04-13 09:30:00,2025-04-13 18:04:57.371270,P2-High,Network,AGT-00015,8.58,8,True,False,2
INC-02792,2025-02-16 14:55:00,2025-02-17 04:27:26.216070,P3-Medium,Network,AGT-00001,13.54,24,False,False,2
INC-02793,2025-01-26 13:11:00,2025-01-26 18:14:16.227441,P2-High,Software,AGT-00007,5.05,8,False,False,2
INC-02794,2025-04-13 08:27:00,2025-04-13 11:42:23.601309,P2-High,Software,AGT-00003,3.26,8,False,False,3
INC-02795,2025-04-13 09:06:00,2025-04-14 02:50:54.551893,P3-Medium,Software,AGT-00006,17.75,24,False,False,2
INC-02796,2025-02-28 02:36:00,2025-02-28 03:54:11.313834,P1-Critical,Software,AGT-00002,1.3,4,False,False,4
INC-02797,2025-02-05 09:12:00,2025-02-07 22:39:45.202553,P4-Low,Email/Comm,AGT-00003,61.46,72,False,False,2
INC-02798,2025-01-03 10:17:00,2025-01-03 13:59:47.045032,P3-Medium,Hardware,AGT-00003,3.71,24,False,False,5
INC-02799,2025-06-20 18:33:00,2025-06-20 23:47:28.666127,P2-High,Software,AGT-00003,5.24,8,False,False,4
INC-02800,2025-06-04 22:23:00,2025-06-05 18:47:31.891369,P3-Medium,Software,AGT-00003,20.41,24,False,False,3
INC-02801,2025-03-02 15:16:00,2025-03-02 22:24:36.314906,P2-High,Email/Comm,AGT-00006,7.14,8,False,False,4
INC-02802,2025-02-16 16:00:00,2025-02-18 07:32:39.369523,P3-Medium,Software,AGT-00001,39.54,24,True,False,2
INC-02803,2025-05-28 09:13:00,2025-05-29 06:00:54.240708,P3-Medium,Software,AGT-00007,20.8,24,False,False,5
INC-02804,2025-01-25 10:39:00,2025-01-25 20:37:03.227611,P3-Medium,Email/Comm,AGT-00005,9.97,24,False,False,3
INC-02805,2025-04-21 10:56:00,2025-04-22 04:10:10.629684,P3-Medium,Software,AGT-00003,17.24,24,False,False,4
INC-02806,2025-02-19 17:34:00,2025-02-20 08:02:30.263990,P4-Low,Software,AGT-00006,14.48,72,False,False,5
INC-02807,2025-04-14 17:01:00,2025-04-15 10:22:18.727220,P3-Medium,Access Management,AGT-00005,17.36,24,False,False,3
INC-02808,2025-04-03 10:13:00,2025-04-03 21:33:07.985558,P3-Medium,Software,AGT-00010,11.34,24,False,False,4
INC-02809,2025-04-11 08:10:00,2025-04-12 09:29:23.239936,P3-Medium,Software,AGT-00010,25.32,24,True,False,4
INC-02810,2025-06-19 20:25:00,2025-06-19 22:19:03.310023,P1-Critical,Network,AGT-00002,1.9,4,False,False,5
INC-02811,2025-05-31 16:56:00,2025-06-01 09:59:57.141625,P3-Medium,Network,AGT-00004,17.07,24,False,False,1
INC-02812,2025-03-12 07:36:00,2025-03-13 20:53:19.835419,P4-Low,Network,AGT-00002,37.29,72,False,False,4
INC-02813,2025-04-11 08:44:00,2025-04-14 21:30:37.297333,P4-Low,Software,AGT-00008,84.78,72,True,False,1
INC-02814,2025-03-29 17:03:00,2025-03-30 08:28:48.208336,P3-Medium,Hardware,AGT-00011,15.43,24,False,False,4
INC-02815,2025-06-15 04:45:00,2025-06-15 17:39:50.218748,P2-High,Network,AGT-00011,12.91,8,True,False,1
INC-02816,2025-04-05 16:34:00,2025-04-06 17:04:47.570749,P3-Medium,Network,AGT-00002,24.51,24,True,False,1
INC-02817,2025-06-01 09:54:00,2025-06-02 07:45:23.521747,P3-Medium,Software,AGT-00001,21.86,24,False,True,1
INC-02818,2025-05-05 14:20:00,2025-05-07 23:42:28.786607,P4-Low,Email/Comm,AGT-00002,57.37,72,False,False,4
INC-02819,2025-01-15 12:27:00,2025-01-17 22:19:33.405472,P4-Low,Access Management,AGT-00011,57.88,72,False,False,4
INC-02820,2025-01-03 01:20:00,2025-01-03 01:50:00.000000,P2-High,Software,AGT-00014,0.5,8,False,False,3
INC-02821,2025-06-18 08:14:00,2025-06-19 00:00:08.158248,P3-Medium,Network,AGT-00011,15.77,24,False,False,3
INC-02822,2025-01-04 14:50:00,2025-01-07 09:44:11.373925,P4-Low,Network,AGT-00004,66.9,72,False,False,3
INC-02823,2025-02-21 15:24:00,2025-02-21 21:43:43.895488,P2-High,Software,AGT-00002,6.33,8,False,False,5
INC-02824,2025-02-15 12:42:00,2025-02-15 19:27:30.532412,P3-Medium,Email/Comm,AGT-00002,6.76,24,False,False,4
INC-02825,2025-01-09 11:44:00,2025-01-10 05:18:50.751823,P3-Medium,Software,AGT-00013,17.58,24,False,False,3
INC-02826,2025-03-13 19:51:00,2025-03-15 03:28:58.238868,P3-Medium,Software,AGT-00001,31.63,24,True,False,2
INC-02827,2025-01-23 18:31:00,2025-01-24 22:29:30.481407,P3-Medium,Software,AGT-00005,27.98,24,True,False,2
INC-02828,2025-02-13 10:14:00,2025-02-13 16:30:58.749482,P2-High,Software,AGT-00001,6.28,8,False,False,3
INC-02829,2025-03-10 10:49:00,2025-03-11 12:25:41.739179,P3-Medium,Access Management,AGT-00002,25.61,24,True,False,1
INC-02830,2025-01-03 08:55:00,2025-01-05 03:35:11.494534,P4-Low,Software,AGT-00005,42.67,72,False,False,4
INC-02831,2025-04-18 13:02:00,2025-04-18 17:24:08.498299,P3-Medium,Software,AGT-00009,4.37,24,False,False,4
INC-02832,2025-01-17 14:00:00,2025-01-17 17:15:51.728550,P2-High,Software,AGT-00008,3.26,8,False,False,3
INC-02833,2025-03-10 08:25:00,2025-03-13 17:40:27.991333,P4-Low,Software,AGT-00003,81.26,72,True,False,1
INC-02834,2025-01-09 13:14:00,2025-01-11 09:45:12.498108,P4-Low,Software,AGT-00011,44.52,72,False,False,2
INC-02835,2025-06-15 14:47:00,2025-06-16 06:50:10.541394,P3-Medium,Network,AGT-00005,16.05,24,False,False,3
INC-02836,2025-02-24 12:25:00,2025-02-25 04:01:04.659947,P3-Medium,Email/Comm,AGT-00003,15.6,24,False,False,2
INC-02837,2025-03-31 19:16:00,2025-04-04 11:20:57.834449,P4-Low,Access Management,AGT-00015,88.08,72,True,False,3
INC-02838,2025-04-14 13:51:00,2025-04-15 02:02:27.082334,P2-High,Access Management,AGT-00009,12.19,8,True,False,3
INC-02839,2025-05-13 11:33:00,2025-05-14 23:18:00.870723,P3-Medium,Hardware,AGT-00008,35.75,24,True,False,2
INC-02840,2025-06-28 08:53:00,2025-06-30 07:42:08.744851,P4-Low,Network,AGT-00005,46.82,72,False,False,5
INC-02841,2025-05-24 11:18:00,2025-05-25 07:39:53.985276,P3-Medium,Network,AGT-00005,20.36,24,False,False,4
INC-02842,2025-01-10 09:15:00,2025-01-11 04:55:01.736442,P4-Low,Software,AGT-00003,19.67,72,False,False,5
INC-02843,2025-05-04 14:42:00,2025-05-05 20:30:55.711472,P3-Medium,Hardware,AGT-00001,29.82,24,True,False,3
INC-02844,2025-05-21 20:11:00,2025-05-22 04:50:27.948923,P3-Medium,Access Management,AGT-00013,8.66,24,False,False,4
INC-02845,2025-03-13 16:39:00,2025-03-15 22:59:07.840591,P4-Low,Software,AGT-00006,54.34,72,False,True,4
INC-02846,2025-05-09 16:43:00,2025-05-10 01:56:17.687204,P3-Medium,Software,AGT-00003,9.22,24,False,False,5
INC-02847,2025-02-22 10:52:00,2025-02-23 00:09:20.635390,P3-Medium,Access Management,AGT-00006,13.29,24,False,False,4
INC-02848,2025-04-13 02:54:00,2025-04-13 14:12:06.841986,P3-Medium,Access Management,AGT-00009,11.3,24,False,False,5
INC-02849,2025-03-19 13:08:00,2025-03-20 02:16:13.192493,P3-Medium,Network,AGT-00008,13.14,24,False,False,4
INC-02850,2025-06-29 16:34:00,2025-06-29 21:10:47.053940,P2-High,Software,AGT-00006,4.61,8,False,False,4
INC-02851,2025-01-16 16:25:00,2025-01-17 06:01:49.858706,P3-Medium,Software,AGT-00002,13.61,24,False,False,4
INC-02852,2025-02-19 21:37:00,2025-02-22 16:17:00.041648,P4-Low,Access Management,AGT-00001,66.67,72,False,False,5
INC-02853,2025-05-26 17:59:00,2025-05-27 03:08:39.951560,P3-Medium,Software,AGT-00008,9.16,24,False,False,2
INC-02854,2025-02-22 16:14:00,2025-02-22 23:30:18.821980,P2-High,Access Management,AGT-00015,7.27,8,False,False,4
INC-02855,2025-03-20 14:10:00,2025-03-23 16:31:33.058966,P4-Low,Network,AGT-00004,74.36,72,True,False,2
INC-02856,2025-06-25 21:15:00,2025-06-25 23:13:24.986176,P1-Critical,Access Management,AGT-00007,1.97,4,False,False,2
INC-02857,2025-06-13 14:01:00,2025-06-15 01:39:29.839866,P4-Low,Email/Comm,AGT-00003,35.64,72,False,False,4
INC-02858,2025-04-08 14:04:00,2025-04-09 06:13:20.890795,P3-Medium,Email/Comm,AGT-00005,16.16,24,False,False,5
INC-02859,2025-06-05 13:17:00,2025-06-06 16:43:16.086001,P3-Medium,Network,AGT-00003,27.44,24,True,False,4
INC-02860,2025-01-14 15:50:00,2025-01-15 11:23:10.299771,P3-Medium,Hardware,AGT-00010,19.55,24,False,False,4
INC-02861,2025-04-17 12:55:00,2025-04-18 02:40:01.028315,P3-Medium,Software,AGT-00006,13.75,24,False,False,4
INC-02862,2025-06-23 07:56:00,2025-06-24 05:48:15.647554,P3-Medium,Software,AGT-00008,21.87,24,False,False,4
INC-02863,2025-04-08 14:16:00,2025-04-09 18:13:14.965212,P4-Low,Email/Comm,AGT-00001,27.95,72,False,False,4
INC-02864,2025-05-11 07:00:00,2025-05-12 06:27:03.153901,P3-Medium,Network,AGT-00012,23.45,24,False,False,4
INC-02865,2025-02-09 11:19:00,2025-02-09 15:08:01.972615,P1-Critical,Software,AGT-00014,3.82,4,False,True,5
INC-02866,2025-05-13 14:55:00,2025-05-13 20:20:21.613264,P2-High,Software,AGT-00006,5.42,8,False,False,2
INC-02867,2025-04-17 13:41:00,2025-04-17 17:14:53.818940,P2-High,Network,AGT-00002,3.56,8,False,False,3
INC-02868,2025-01-08 14:01:00,2025-01-09 00:55:23.589438,P3-Medium,Software,AGT-00009,10.91,24,False,False,4
INC-02869,2025-02-17 14:29:00,2025-02-18 12:45:42.739287,P3-Medium,Email/Comm,AGT-00014,22.28,24,False,False,2
INC-02870,2025-06-25 07:38:00,2025-06-26 11:27:54.638472,P3-Medium,Network,AGT-00014,27.83,24,True,False,2
INC-02871,2025-02-03 01:02:00,2025-02-03 05:18:09.922387,P2-High,Access Management,AGT-00004,4.27,8,False,False,5
INC-02872,2025-02-14 23:26:00,2025-02-15 07:32:15.672465,P2-High,Network,AGT-00001,8.1,8,True,False,4
INC-02873,2025-06-02 11:41:00,2025-06-02 12:59:13.621864,P3-Medium,Hardware,AGT-00003,1.3,24,False,False,3
INC-02874,2025-01-02 07:00:00,2025-01-03 21:18:27.523393,P4-Low,Software,AGT-00012,38.31,72,False,False,3
INC-02875,2025-06-18 19:13:00,2025-06-19 12:58:05.502733,P3-Medium,Software,AGT-00003,17.75,24,False,False,1
INC-02876,2025-04-28 11:00:00,2025-04-28 14:18:57.988946,P2-High,Email/Comm,AGT-00014,3.32,8,False,False,5
INC-02877,2025-06-30 06:39:00,2025-06-30 17:09:28.616406,P3-Medium,Software,AGT-00011,10.51,24,False,False,5
INC-02878,2025-04-07 10:54:00,2025-04-07 12:33:51.987193,P1-Critical,Email/Comm,AGT-00003,1.66,4,False,False,4
INC-02879,2025-04-19 09:48:00,2025-04-19 13:23:03.787644,P1-Critical,Software,AGT-00008,3.58,4,False,False,4
INC-02880,2025-06-23 01:15:00,2025-06-23 17:45:04.924270,P3-Medium,Software,AGT-00014,16.5,24,False,False,5
INC-02881,2025-02-07 08:55:00,2025-02-07 09:25:00.000000,P3-Medium,Access Management,AGT-00006,0.5,24,False,False,4
INC-02882,2025-04-13 11:12:00,2025-04-13 12:14:03.835604,P3-Medium,Software,AGT-00003,1.03,24,False,False,3
INC-02883,2025-06-09 22:26:00,2025-06-10 00:13:10.570719,P1-Critical,Software,AGT-00005,1.79,4,False,False,2
INC-02884,2025-06-20 19:08:00,2025-06-21 16:47:41.373678,P3-Medium,Hardware,AGT-00011,21.66,24,False,False,5
INC-02885,2025-04-16 13:08:00,2025-04-16 13:38:00.000000,P2-High,Software,AGT-00002,0.5,8,False,True,4
INC-02886,2025-05-30 11:12:00,2025-05-30 15:57:03.399780,P2-High,Software,AGT-00014,4.75,8,False,False,4
INC-02887,2025-06-18 17:37:00,2025-06-20 09:05:30.154331,P4-Low,Email/Comm,AGT-00014,39.48,72,False,False,4
INC-02888,2025-05-22 16:55:00,2025-05-25 22:41:00.320031,P4-Low,Software,AGT-00002,77.77,72,True,False,2
INC-02889,2025-04-06 20:27:00,2025-04-07 11:22:11.371823,P3-Medium,Software,AGT-00007,14.92,24,False,True,2
INC-02890,2025-03-06 19:52:00,2025-03-07 16:55:50.082761,P3-Medium,Network,AGT-00006,21.06,24,False,False,3
INC-02891,2025-06-03 07:08:00,2025-06-04 02:15:48.205635,P3-Medium,Access Management,AGT-00015,19.13,24,False,False,1
INC-02892,2025-06-18 15:59:00,2025-06-18 23:22:19.213454,P4-Low,Hardware,AGT-00001,7.39,72,False,False,5
INC-02893,2025-03-20 16:42:00,2025-03-21 16:50:44.367839,P3-Medium,Email/Comm,AGT-00014,24.15,24,True,False,1
INC-02894,2025-03-18 08:13:00,2025-03-19 03:56:23.419357,P3-Medium,Email/Comm,AGT-00001,19.72,24,False,False,4
INC-02895,2025-05-01 08:37:00,2025-05-02 06:40:58.136823,P3-Medium,Email/Comm,AGT-00011,22.07,24,False,False,4
INC-02896,2025-06-20 20:08:00,2025-06-22 21:32:35.645945,P3-Medium,Software,AGT-00003,49.41,24,True,False,1
INC-02897,2025-05-13 08:21:00,2025-05-13 09:40:37.547342,P3-Medium,Access Management,AGT-00002,1.33,24,False,False,1
INC-02898,2025-01-27 14:16:00,2025-01-31 02:45:38.158783,P4-Low,Email/Comm,AGT-00005,84.49,72,True,False,3
INC-02899,2025-05-20 20:52:00,2025-05-21 02:21:38.161256,P2-High,Email/Comm,AGT-00014,5.49,8,False,True,5
INC-02900,2025-01-22 12:23:00,2025-01-23 08:40:55.072447,P3-Medium,Software,AGT-00012,20.3,24,False,False,5
INC-02901,2025-05-15 11:21:00,2025-05-16 04:59:09.247335,P3-Medium,Software,AGT-00001,17.64,24,False,False,3
INC-02902,2025-03-16 18:00:00,2025-03-18 11:30:54.983995,P4-Low,Email/Comm,AGT-00007,41.52,72,False,False,5
INC-02903,2025-03-23 09:04:00,2025-03-23 22:30:28.811667,P3-Medium,Hardware,AGT-00008,13.44,24,False,False,4
INC-02904,2025-01-14 12:31:00,2025-01-15 09:09:09.851585,P3-Medium,Access Management,AGT-00001,20.64,24,False,False,3
INC-02905,2025-04-18 07:36:00,2025-04-18 13:27:45.397536,P3-Medium,Email/Comm,AGT-00001,5.86,24,False,False,3
INC-02906,2025-05-30 14:04:00,2025-05-30 18:34:04.170006,P1-Critical,Software,AGT-00011,4.5,4,True,False,2
INC-02907,2025-02-17 17:54:00,2025-02-17 22:56:35.950498,P2-High,Software,AGT-00002,5.04,8,False,False,3
INC-02908,2025-03-11 12:01:00,2025-03-11 20:58:34.003036,P3-Medium,Software,AGT-00001,8.96,24,False,False,5
INC-02909,2025-01-17 20:56:00,2025-01-18 11:19:59.629690,P3-Medium,Network,AGT-00002,14.4,24,False,True,5
INC-02910,2025-01-19 17:40:00,2025-01-20 21:43:25.897446,P3-Medium,Network,AGT-00009,28.06,24,True,True,4
INC-02911,2025-05-04 15:42:00,2025-05-05 05:25:02.349494,P3-Medium,Access Management,AGT-00004,13.72,24,False,False,4
INC-02912,2025-03-07 04:52:00,2025-03-08 01:44:03.464204,P3-Medium,Hardware,AGT-00004,20.87,24,False,False,5
INC-02913,2025-01-21 16:51:00,2025-01-22 05:00:08.459259,P3-Medium,Hardware,AGT-00006,12.15,24,False,False,5
INC-02914,2025-04-11 15:15:00,2025-04-12 15:18:48.149278,P3-Medium,Hardware,AGT-00010,24.06,24,True,False,1
INC-02915,2025-01-01 06:00:00,2025-01-02 05:29:02.622877,P3-Medium,Software,AGT-00011,23.48,24,False,False,5
INC-02916,2025-03-21 08:17:00,2025-03-24 23:15:19.835997,P4-Low,Access Management,AGT-00003,86.97,72,True,False,5
INC-02917,2025-02-08 08:51:00,2025-02-08 14:44:07.894287,P2-High,Email/Comm,AGT-00008,5.89,8,False,False,4
INC-02918,2025-01-11 09:23:00,2025-01-12 08:43:57.258377,P3-Medium,Software,AGT-00002,23.35,24,False,False,4
INC-02919,2025-06-27 16:42:00,2025-06-28 11:29:04.345139,P3-Medium,Email/Comm,AGT-00007,18.78,24,False,False,4
INC-02920,2025-03-28 07:57:00,2025-03-28 18:59:07.984451,P2-High,Hardware,AGT-00007,11.04,8,True,False,3
INC-02921,2025-03-02 10:26:00,2025-03-02 22:40:57.627237,P3-Medium,Hardware,AGT-00002,12.25,24,False,False,2
INC-02922,2025-01-06 12:32:00,2025-01-06 21:38:27.066942,P2-High,Email/Comm,AGT-00003,9.11,8,True,False,3
INC-02923,2025-06-04 13:02:00,2025-06-06 11:08:21.794680,P4-Low,Software,AGT-00006,46.11,72,False,False,1
INC-02924,2025-01-24 13:46:00,2025-01-25 07:15:11.380499,P3-Medium,Network,AGT-00008,17.49,24,False,False,4
INC-02925,2025-02-21 15:58:00,2025-02-23 19:48:06.178880,P4-Low,Access Management,AGT-00001,51.84,72,False,False,4
INC-02926,2025-03-28 13:21:00,2025-03-28 20:43:58.228995,P2-High,Hardware,AGT-00003,7.38,8,False,False,4
INC-02927,2025-04-14 03:29:00,2025-04-14 09:34:35.514057,P2-High,Network,AGT-00007,6.09,8,False,False,4
INC-02928,2025-05-01 15:30:00,2025-05-01 22:45:05.386108,P2-High,Network,AGT-00002,7.25,8,False,False,3
INC-02929,2025-01-15 18:43:00,2025-01-17 01:20:29.800058,P3-Medium,Hardware,AGT-00008,30.62,24,True,False,3
INC-02930,2025-01-17 10:47:00,2025-01-20 08:29:32.377364,P4-Low,Access Management,AGT-00001,69.71,72,False,False,4
INC-02931,2025-05-05 17:26:00,2025-05-06 18:23:11.652264,P3-Medium,Hardware,AGT-00003,24.95,24,True,False,2
INC-02932,2025-01-01 11:00:00,2025-01-01 15:54:20.201972,P2-High,Access Management,AGT-00006,4.91,8,False,False,4
INC-02933,2025-05-05 17:58:00,2025-05-06 04:51:09.864147,P3-Medium,Hardware,AGT-00002,10.89,24,False,False,3
INC-02934,2025-01-14 11:02:00,2025-01-15 12:40:32.656077,P3-Medium,Software,AGT-00003,25.64,24,True,False,1
INC-02935,2025-05-16 19:05:00,2025-05-19 14:36:15.369062,P4-Low,Software,AGT-00002,67.52,72,False,False,4
INC-02936,2025-01-03 18:37:00,2025-01-07 02:04:12.288654,P4-Low,Software,AGT-00007,79.45,72,True,True,1
INC-02937,2025-01-08 08:08:00,2025-01-08 12:31:09.844113,P2-High,Access Management,AGT-00003,4.39,8,False,True,3
INC-02938,2025-04-05 13:44:00,2025-04-05 19:25:47.686942,P2-High,Hardware,AGT-00014,5.7,8,False,False,3
INC-02939,2025-04-11 05:39:00,2025-04-11 06:24:42.499552,P2-High,Software,AGT-00002,0.76,8,False,False,4
INC-02940,2025-05-07 20:42:00,2025-05-08 01:49:34.864064,P2-High,Email/Comm,AGT-00004,5.13,8,False,False,5
INC-02941,2025-03-23 10:35:00,2025-03-26 08:30:53.076762,P4-Low,Software,AGT-00002,69.93,72,False,False,3
INC-02942,2025-02-01 13:40:00,2025-02-02 03:56:04.933078,P3-Medium,Hardware,AGT-00006,14.27,24,False,False,5
INC-02943,2025-02-24 10:53:00,2025-02-25 10:00:25.818102,P3-Medium,Hardware,AGT-00004,23.12,24,False,False,5
INC-02944,2025-06-02 17:23:00,2025-06-03 09:51:33.510547,P3-Medium,Software,AGT-00012,16.48,24,False,False,4
INC-02945,2025-01-04 09:51:00,2025-01-05 06:26:32.842413,P3-Medium,Hardware,AGT-00004,20.59,24,False,False,5
INC-02946,2025-04-25 00:28:00,2025-04-26 03:30:46.219933,P4-Low,Hardware,AGT-00004,27.05,72,False,False,3
INC-02947,2025-02-20 10:04:00,2025-02-21 04:44:54.032149,P3-Medium,Email/Comm,AGT-00001,18.68,24,False,False,4
INC-02948,2025-01-18 12:43:00,2025-01-18 13:13:00.000000,P2-High,Email/Comm,AGT-00008,0.5,8,False,False,5
INC-02949,2025-01-14 10:28:00,2025-01-15 02:58:17.390645,P3-Medium,Access Management,AGT-00003,16.5,24,False,False,4
INC-02950,2025-06-01 10:28:00,2025-06-01 11:15:36.037129,P2-High,Hardware,AGT-00002,0.79,8,False,False,2
INC-02951,2025-02-24 07:51:00,2025-02-25 11:29:52.642077,P3-Medium,Hardware,AGT-00009,27.65,24,True,False,4
INC-02952,2025-04-28 08:59:00,2025-05-01 02:31:53.329399,P4-Low,Software,AGT-00003,65.55,72,False,False,5
INC-02953,2025-04-22 22:59:00,2025-04-25 10:19:00.310702,P4-Low,Software,AGT-00006,59.33,72,False,False,5
INC-02954,2025-02-01 13:12:00,2025-02-02 19:22:04.979342,P3-Medium,Software,AGT-00004,30.17,24,True,False,3
INC-02955,2025-04-12 13:00:00,2025-04-12 23:24:31.204200,P3-Medium,Software,AGT-00006,10.41,24,False,False,4
INC-02956,2025-06-27 12:30:00,2025-07-01 01:26:50.150250,P4-Low,Email/Comm,AGT-00015,84.95,72,True,False,1
INC-02957,2025-01-26 13:10:00,2025-01-27 14:37:27.117051,P3-Medium,Access Management,AGT-00010,25.46,24,True,True,2
INC-02958,2025-02-06 15:38:00,2025-02-07 07:44:27.207728,P3-Medium,Hardware,AGT-00012,16.11,24,False,False,3
INC-02959,2025-04-14 10:02:00,2025-04-15 13:07:05.860239,P3-Medium,Hardware,AGT-00015,27.08,24,True,False,2
INC-02960,2025-04-12 20:57:00,2025-04-12 23:34:40.701744,P2-High,Hardware,AGT-00002,2.63,8,False,False,4
INC-02961,2025-04-23 12:15:00,2025-04-24 21:45:34.980370,P4-Low,Software,AGT-00003,33.51,72,False,False,5
INC-02962,2025-02-06 05:15:00,2025-02-06 09:37:11.769487,P2-High,Software,AGT-00003,4.37,8,False,False,1
INC-02963,2025-04-19 14:14:00,2025-04-19 18:52:54.880878,P2-High,Software,AGT-00001,4.65,8,False,False,3
INC-02964,2025-05-07 14:38:00,2025-05-08 00:10:51.139889,P3-Medium,Network,AGT-00014,9.55,24,False,False,2
INC-02965,2025-03-24 18:21:00,2025-03-25 22:08:04.792332,P3-Medium,Access Management,AGT-00005,27.78,24,True,False,3
INC-02966,2025-04-24 10:36:00,2025-04-24 16:11:38.434555,P2-High,Software,AGT-00013,5.59,8,False,False,4
INC-02967,2025-01-01 15:25:00,2025-01-01 23:09:01.562601,P2-High,Email/Comm,AGT-00002,7.73,8,False,False,5
INC-02968,2025-04-21 23:46:00,2025-04-22 04:16:13.572783,P2-High,Network,AGT-00010,4.5,8,False,False,5
INC-02969,2025-01-20 11:46:00,2025-01-20 15:12:06.624944,P3-Medium,Software,AGT-00002,3.44,24,False,False,5
INC-02970,2025-05-03 02:51:00,2025-05-05 10:15:04.129804,P4-Low,Software,AGT-00003,55.4,72,False,False,3
INC-02971,2025-03-27 14:10:00,2025-03-27 16:52:07.056708,P3-Medium,Hardware,AGT-00010,2.7,24,False,False,5
INC-02972,2025-01-10 14:50:00,2025-01-10 21:05:35.211019,P2-High,Hardware,AGT-00008,6.26,8,False,False,5
INC-02973,2025-06-15 18:30:00,2025-06-15 20:12:39.230511,P2-High,Software,AGT-00001,1.71,8,False,False,4
INC-02974,2025-05-26 20:53:00,2025-05-27 10:20:19.677590,P2-High,Software,AGT-00002,13.46,8,True,False,3
INC-02975,2025-02-18 17:42:00,2025-02-18 22:31:21.811600,P1-Critical,Network,AGT-00008,4.82,4,True,False,3
INC-02976,2025-03-09 21:46:00,2025-03-12 01:52:54.272972,P4-Low,Email/Comm,AGT-00012,52.12,72,False,False,4
INC-02977,2025-02-23 07:59:00,2025-02-24 12:05:34.752316,P3-Medium,Software,AGT-00007,28.11,24,True,False,2
INC-02978,2025-05-19 15:53:00,2025-05-21 00:57:25.249622,P4-Low,Software,AGT-00009,33.07,72,False,False,5
INC-02979,2025-01-09 13:39:00,2025-01-10 11:59:52.206106,P3-Medium,Email/Comm,AGT-00006,22.35,24,False,False,5
INC-02980,2025-06-19 09:52:00,2025-06-19 13:15:58.635123,P1-Critical,Hardware,AGT-00008,3.4,4,False,False,5
INC-02981,2025-06-01 09:24:00,2025-06-02 05:30:43.778342,P3-Medium,Network,AGT-00009,20.11,24,False,False,2
INC-02982,2025-05-17 17:04:00,2025-05-18 21:14:43.780803,P3-Medium,Software,AGT-00014,28.18,24,True,False,4
INC-02983,2025-02-28 09:00:00,2025-03-01 08:51:35.772560,P3-Medium,Hardware,AGT-00014,23.86,24,False,False,3
INC-02984,2025-02-11 08:12:00,2025-02-12 04:30:35.241489,P3-Medium,Access Management,AGT-00015,20.31,24,False,False,5
INC-02985,2025-02-14 17:59:00,2025-02-14 22:44:39.241837,P3-Medium,Hardware,AGT-00005,4.76,24,False,False,3
INC-02986,2025-01-17 18:49:00,2025-01-18 05:08:10.666696,P3-Medium,Access Management,AGT-00008,10.32,24,False,False,2
INC-02987,2025-05-20 14:03:00,2025-05-22 13:35:44.956781,P4-Low,Hardware,AGT-00006,47.55,72,False,False,4
INC-02988,2025-04-09 15:46:00,2025-04-11 19:38:02.810948,P4-Low,Network,AGT-00006,51.87,72,False,False,5
INC-02989,2025-05-28 14:55:00,2025-05-28 23:52:30.132729,P3-Medium,Software,AGT-00003,8.96,24,False,False,4
INC-02990,2025-04-24 14:36:00,2025-04-28 16:50:00.720642,P4-Low,Hardware,AGT-00005,98.23,72,True,False,2
INC-02991,2025-06-08 18:28:00,2025-06-12 02:47:40.371978,P4-Low,Software,AGT-00015,80.33,72,True,False,2
INC-02992,2025-02-06 11:24:00,2025-02-06 20:00:26.690837,P2-High,Access Management,AGT-00001,8.61,8,True,False,1
INC-02993,2025-04-26 15:26:00,2025-04-27 10:00:34.661605,P3-Medium,Software,AGT-00003,18.58,24,False,False,3
INC-02994,2025-03-25 16:22:00,2025-03-26 08:40:08.381667,P3-Medium,Software,AGT-00004,16.3,24,False,False,4
INC-02995,2025-03-12 00:03:00,2025-03-13 07:00:41.870878,P4-Low,Network,AGT-00005,30.96,72,False,False,4
INC-02996,2025-02-03 10:03:00,2025-02-04 04:40:11.438933,P3-Medium,Access Management,AGT-00011,18.62,24,False,False,4
INC-02997,2025-03-07 18:16:00,2025-03-08 14:19:43.273156,P3-Medium,Hardware,AGT-00002,20.06,24,False,False,4
INC-02998,2025-02-21 09:26:00,2025-02-21 17:29:57.295426,P3-Medium,Email/Comm,AGT-00001,8.07,24,False,False,5
INC-02999,2025-05-01 18:46:00,2025-05-01 22:26:06.070204,P1-Critical,Access Management,AGT-00011,3.67,4,False,False,1
INC-03000,2025-03-18 17:17:00,2025-03-18 23:14:23.735985,P2-High,Network,AGT-00012,5.96,8,False,False,3
INC-03001,2025-06-27 10:03:00,2025-06-27 12:47:15.142333,P3-Medium,Network,AGT-00001,2.74,24,False,False,5
INC-03002,2025-03-13 16:13:00,2025-03-13 19:42:19.148864,P2-High,Email/Comm,AGT-00010,3.49,8,False,False,4
INC-03003,2025-06-05 12:31:00,2025-06-06 03:12:28.160637,P3-Medium,Software,AGT-00001,14.69,24,False,False,5
INC-03004,2025-03-11 10:09:00,2025-03-15 01:54:13.511328,P4-Low,Access Management,AGT-00002,87.75,72,True,False,1
INC-03005,2025-03-18 10:02:00,2025-03-19 08:29:08.729987,P3-Medium,Software,AGT-00006,22.45,24,False,False,4
INC-03006,2025-05-11 22:00:00,2025-05-12 21:17:25.327025,P4-Low,Access Management,AGT-00005,23.29,72,False,False,4
INC-03007,2025-01-05 19:37:00,2025-01-06 17:30:17.845135,P3-Medium,Hardware,AGT-00003,21.89,24,False,False,5
INC-03008,2025-02-13 15:16:00,2025-02-13 15:46:00.000000,P1-Critical,Software,AGT-00005,0.5,4,False,False,4
INC-03009,2025-01-24 10:33:00,2025-01-27 10:12:13.755880,P4-Low,Network,AGT-00003,71.65,72,False,False,5
INC-03010,2025-01-05 12:54:00,2025-01-06 03:07:51.610028,P3-Medium,Hardware,AGT-00011,14.23,24,False,False,1
INC-03011,2025-05-01 10:27:00,2025-05-01 16:37:20.184022,P2-High,Access Management,AGT-00008,6.17,8,False,False,4
INC-03012,2025-05-12 19:47:00,2025-05-16 00:17:57.358623,P4-Low,Network,AGT-00003,76.52,72,True,False,4
INC-03013,2025-05-14 16:08:00,2025-05-14 23:50:09.689225,P3-Medium,Network,AGT-00001,7.7,24,False,False,3
INC-03014,2025-03-12 07:26:00,2025-03-12 14:15:22.996269,P3-Medium,Access Management,AGT-00008,6.82,24,False,False,4
INC-03015,2025-06-14 11:35:00,2025-06-14 16:02:26.648488,P2-High,Email/Comm,AGT-00005,4.46,8,False,False,4
INC-03016,2025-03-16 20:13:00,2025-03-17 22:31:25.310909,P3-Medium,Software,AGT-00011,26.31,24,True,False,5
INC-03017,2025-06-01 09:41:00,2025-06-01 10:51:56.239449,P2-High,Network,AGT-00004,1.18,8,False,False,2
INC-03018,2025-01-24 12:32:00,2025-01-24 13:02:00.000000,P2-High,Access Management,AGT-00014,0.5,8,False,False,5
INC-03019,2025-05-25 10:39:00,2025-05-27 03:37:36.562195,P4-Low,Access Management,AGT-00011,40.98,72,False,False,5
INC-03020,2025-04-28 16:14:00,2025-05-01 05:16:05.337594,P4-Low,Email/Comm,AGT-00003,61.03,72,False,False,2
INC-03021,2025-02-08 19:14:00,2025-02-09 22:50:07.538392,P3-Medium,Email/Comm,AGT-00001,27.6,24,True,False,3
INC-03022,2025-04-20 10:17:00,2025-04-20 15:09:44.166838,P2-High,Access Management,AGT-00010,4.88,8,False,False,5
INC-03023,2025-05-22 10:29:00,2025-05-23 01:11:30.913715,P3-Medium,Software,AGT-00008,14.71,24,False,False,4
INC-03024,2025-04-18 12:20:00,2025-04-19 15:33:52.341147,P3-Medium,Network,AGT-00010,27.23,24,True,False,2
INC-03025,2025-06-09 15:53:00,2025-06-10 04:29:18.597622,P4-Low,Access Management,AGT-00006,12.61,72,False,False,3
INC-03026,2025-05-07 14:35:00,2025-05-08 05:28:30.601675,P3-Medium,Software,AGT-00001,14.89,24,False,False,4
INC-03027,2025-02-12 11:35:00,2025-02-14 17:23:30.520075,P4-Low,Access Management,AGT-00007,53.81,72,False,False,3
INC-03028,2025-02-09 21:43:00,2025-02-10 19:18:37.499173,P3-Medium,Software,AGT-00006,21.59,24,False,False,2
INC-03029,2025-01-30 20:50:00,2025-01-31 01:32:56.435666,P2-High,Software,AGT-00001,4.72,8,False,False,1
INC-03030,2025-05-20 07:59:00,2025-05-22 10:40:19.752843,P4-Low,Access Management,AGT-00006,50.69,72,False,False,5
INC-03031,2025-01-26 13:08:00,2025-01-26 13:38:00.000000,P3-Medium,Software,AGT-00008,0.5,24,False,False,1
INC-03032,2025-06-02 04:07:00,2025-06-03 16:57:06.114312,P4-Low,Network,AGT-00004,36.84,72,False,True,4
INC-03033,2025-02-06 11:38:00,2025-02-06 19:43:14.209778,P2-High,Access Management,AGT-00007,8.09,8,True,False,1
INC-03034,2025-04-22 14:38:00,2025-04-23 20:59:14.829534,P4-Low,Software,AGT-00014,30.35,72,False,False,5
INC-03035,2025-03-25 12:39:00,2025-03-25 19:21:23.201192,P2-High,Hardware,AGT-00004,6.71,8,False,False,4
INC-03036,2025-03-28 10:28:00,2025-03-29 08:02:29.928023,P3-Medium,Hardware,AGT-00015,21.57,24,False,True,4
INC-03037,2025-06-18 19:13:00,2025-06-19 00:31:03.880069,P2-High,Network,AGT-00002,5.3,8,False,False,3
INC-03038,2025-04-23 15:02:00,2025-04-24 10:23:49.356605,P3-Medium,Software,AGT-00009,19.36,24,False,False,4
INC-03039,2025-02-26 13:45:00,2025-02-27 00:02:53.302120,P3-Medium,Software,AGT-00008,10.3,24,False,False,3
INC-03040,2025-01-27 22:19:00,2025-01-28 14:39:49.595145,P3-Medium,Email/Comm,AGT-00006,16.35,24,False,False,5
INC-03041,2025-02-09 20:41:00,2025-02-12 10:53:15.564210,P4-Low,Software,AGT-00008,62.2,72,False,False,5
INC-03042,2025-03-25 14:25:00,2025-03-25 21:27:57.859308,P2-High,Software,AGT-00005,7.05,8,False,False,5
INC-03043,2025-04-23 19:28:00,2025-04-24 08:46:27.899437,P3-Medium,Access Management,AGT-00007,13.31,24,False,False,4
INC-03044,2025-03-19 17:40:00,2025-03-22 00:09:03.581109,P4-Low,Network,AGT-00007,54.48,72,False,False,4
INC-03045,2025-03-17 02:48:00,2025-03-18 02:31:00.761970,P3-Medium,Software,AGT-00005,23.72,24,False,False,5
INC-03046,2025-01-06 06:13:00,2025-01-06 07:49:01.691177,P3-Medium,Access Management,AGT-00014,1.6,24,False,False,4
INC-03047,2025-02-23 18:22:00,2025-02-24 21:38:21.333071,P3-Medium,Access Management,AGT-00006,27.27,24,True,False,2
INC-03048,2025-06-30 15:42:00,2025-07-01 07:00:35.863526,P3-Medium,Email/Comm,AGT-00007,15.31,24,False,False,2
INC-03049,2025-01-10 08:53:00,2025-01-11 06:17:14.110077,P3-Medium,Software,AGT-00009,21.4,24,False,False,4
INC-03050,2025-02-28 09:19:00,2025-03-03 11:15:41.778502,P4-Low,Software,AGT-00007,73.94,72,True,False,4
INC-03051,2025-03-07 13:37:00,2025-03-07 20:38:35.797520,P3-Medium,Network,AGT-00004,7.03,24,False,False,4
INC-03052,2025-04-09 18:45:00,2025-04-11 06:33:40.247825,P4-Low,Email/Comm,AGT-00003,35.81,72,False,False,3
INC-03053,2025-05-20 10:05:00,2025-05-20 15:34:24.286432,P2-High,Access Management,AGT-00006,5.49,8,False,False,4
INC-03054,2025-04-19 06:00:00,2025-04-19 17:43:47.898592,P3-Medium,Email/Comm,AGT-00007,11.73,24,False,False,5
INC-03055,2025-04-14 13:04:00,2025-04-18 01:45:55.433460,P4-Low,Network,AGT-00008,84.7,72,True,False,4
INC-03056,2025-03-18 18:42:00,2025-03-20 03:33:52.409244,P4-Low,Network,AGT-00010,32.86,72,False,False,4
INC-03057,2025-02-22 15:51:00,2025-02-22 20:24:20.110578,P2-High,Software,AGT-00011,4.56,8,False,False,1
INC-03058,2025-02-02 13:18:00,2025-02-04 19:23:16.010275,P4-Low,Software,AGT-00008,54.09,72,False,False,5
INC-03059,2025-02-08 11:54:00,2025-02-09 13:51:25.234123,P4-Low,Access Management,AGT-00001,25.96,72,False,False,5
INC-03060,2025-04-09 15:11:00,2025-04-10 06:01:04.395501,P3-Medium,Software,AGT-00007,14.83,24,False,False,5
INC-03061,2025-04-07 23:26:00,2025-04-08 19:58:22.653924,P3-Medium,Software,AGT-00002,20.54,24,False,False,2
INC-03062,2025-03-03 10:51:00,2025-03-03 16:11:05.958905,P2-High,Hardware,AGT-00004,5.33,8,False,False,1
INC-03063,2025-06-28 22:17:00,2025-06-30 22:24:56.146159,P4-Low,Access Management,AGT-00002,48.13,72,False,False,4
INC-03064,2025-04-19 13:57:00,2025-04-19 18:35:50.415383,P2-High,Email/Comm,AGT-00008,4.65,8,False,False,4
INC-03065,2025-06-07 07:09:00,2025-06-07 13:02:03.255096,P3-Medium,Network,AGT-00012,5.88,24,False,False,3
INC-03066,2025-02-12 09:49:00,2025-02-13 06:23:21.884487,P3-Medium,Hardware,AGT-00001,20.57,24,False,False,2
INC-03067,2025-03-20 08:51:00,2025-03-21 16:53:22.072463,P3-Medium,Software,AGT-00004,32.04,24,True,False,1
INC-03068,2025-04-08 09:36:00,2025-04-09 03:44:49.966967,P3-Medium,Hardware,AGT-00009,18.15,24,False,False,5
INC-03069,2025-06-12 10:37:00,2025-06-13 06:25:07.606577,P3-Medium,Software,AGT-00013,19.8,24,False,False,4
INC-03070,2025-03-09 17:19:00,2025-03-10 16:51:30.415347,P3-Medium,Software,AGT-00012,23.54,24,False,False,1
INC-03071,2025-05-21 10:11:00,2025-05-22 10:47:48.204249,P4-Low,Email/Comm,AGT-00013,24.61,72,False,False,3
INC-03072,2025-03-11 16:59:00,2025-03-12 05:26:31.684692,P2-High,Access Management,AGT-00002,12.46,8,True,False,4
INC-03073,2025-05-18 09:00:00,2025-05-19 04:37:07.069337,P3-Medium,Network,AGT-00006,19.62,24,False,False,5
INC-03074,2025-03-12 11:47:00,2025-03-15 22:25:13.696734,P4-Low,Network,AGT-00014,82.64,72,True,False,2
INC-03075,2025-04-02 07:16:00,2025-04-02 19:24:08.649729,P3-Medium,Software,AGT-00002,12.14,24,False,False,4
INC-03076,2025-02-24 06:55:00,2025-02-25 15:27:40.183370,P3-Medium,Software,AGT-00011,32.54,24,True,False,2
INC-03077,2025-06-16 11:06:00,2025-06-17 11:18:04.478228,P3-Medium,Hardware,AGT-00005,24.2,24,True,False,1
INC-03078,2025-01-26 15:34:00,2025-01-27 13:59:27.554473,P3-Medium,Software,AGT-00001,22.42,24,False,False,3
INC-03079,2025-01-17 09:27:00,2025-01-18 05:19:19.904285,P3-Medium,Software,AGT-00003,19.87,24,False,False,4
INC-03080,2025-05-21 07:29:00,2025-05-21 23:29:42.375799,P3-Medium,Email/Comm,AGT-00001,16.01,24,False,False,4
INC-03081,2025-02-02 10:29:00,2025-02-03 14:05:15.311764,P3-Medium,Software,AGT-00005,27.6,24,True,False,2
INC-03082,2025-04-20 17:42:00,2025-04-21 12:49:22.364252,P3-Medium,Access Management,AGT-00002,19.12,24,False,False,5
INC-03083,2025-06-30 16:00:00,2025-06-30 18:15:48.392537,P3-Medium,Software,AGT-00003,2.26,24,False,False,2
INC-03084,2025-03-27 22:44:00,2025-03-28 01:19:23.450582,P2-High,Network,AGT-00006,2.59,8,False,False,5
INC-03085,2025-02-13 10:06:00,2025-02-13 12:43:41.910584,P1-Critical,Hardware,AGT-00011,2.63,4,False,False,5
INC-03086,2025-03-22 07:20:00,2025-03-22 10:57:11.992679,P1-Critical,Software,AGT-00001,3.62,4,False,False,4
INC-03087,2025-03-05 09:47:00,2025-03-05 12:40:12.562880,P1-Critical,Email/Comm,AGT-00004,2.89,4,False,False,2
INC-03088,2025-03-23 09:37:00,2025-03-26 11:59:45.896865,P4-Low,Hardware,AGT-00001,74.38,72,True,False,3
INC-03089,2025-01-25 21:47:00,2025-01-25 22:17:00.000000,P1-Critical,Software,AGT-00008,0.5,4,False,False,1
INC-03090,2025-03-20 09:36:00,2025-03-20 16:36:09.208000,P2-High,Access Management,AGT-00003,7.0,8,False,False,3
INC-03091,2025-01-30 17:10:00,2025-01-30 17:40:00.000000,P2-High,Network,AGT-00004,0.5,8,False,False,4
INC-03092,2025-03-27 08:19:00,2025-03-28 08:23:39.714110,P3-Medium,Access Management,AGT-00008,24.08,24,True,False,2
INC-03093,2025-01-02 08:37:00,2025-01-04 08:43:38.972560,P4-Low,Hardware,AGT-00005,48.11,72,False,False,4
INC-03094,2025-05-30 21:15:00,2025-05-31 18:36:24.767194,P3-Medium,Access Management,AGT-00008,21.36,24,False,False,4
INC-03095,2025-03-04 10:36:00,2025-03-04 21:41:20.170735,P3-Medium,Software,AGT-00012,11.09,24,False,False,4
INC-03096,2025-04-14 18:05:00,2025-04-15 05:03:41.258139,P2-High,Software,AGT-00003,10.98,8,True,False,1
INC-03097,2025-03-27 13:04:00,2025-03-28 15:24:01.670325,P3-Medium,Email/Comm,AGT-00004,26.33,24,True,False,3
INC-03098,2025-06-13 13:39:00,2025-06-14 12:19:06.075927,P3-Medium,Network,AGT-00010,22.67,24,False,False,4
INC-03099,2025-02-26 09:54:00,2025-02-26 15:56:48.082690,P2-High,Software,AGT-00015,6.05,8,False,False,4
INC-03100,2025-03-11 20:25:00,2025-03-12 19:03:19.889816,P3-Medium,Software,AGT-00015,22.64,24,False,False,3
INC-03101,2025-06-26 15:26:00,2025-06-26 19:27:33.153643,P2-High,Hardware,AGT-00007,4.03,8,False,False,4
INC-03102,2025-03-05 08:12:00,2025-03-08 03:18:40.007449,P4-Low,Software,AGT-00003,67.11,72,False,False,5
INC-03103,2025-03-18 07:30:00,2025-03-21 18:29:22.624391,P4-Low,Software,AGT-00007,82.99,72,True,False,3
INC-03104,2025-02-20 16:35:00,2025-02-23 15:59:43.960319,P4-Low,Software,AGT-00004,71.41,72,False,False,3
INC-03105,2025-03-26 12:27:00,2025-03-26 16:23:47.008880,P2-High,Software,AGT-00004,3.95,8,False,False,4
INC-03106,2025-02-07 10:30:00,2025-02-08 07:23:28.818737,P3-Medium,Network,AGT-00008,20.89,24,False,False,3
INC-03107,2025-06-18 07:06:00,2025-06-18 14:45:17.523540,P3-Medium,Access Management,AGT-00006,7.65,24,False,False,3
INC-03108,2025-05-12 14:44:00,2025-05-15 04:10:52.102405,P4-Low,Network,AGT-00004,61.45,72,False,False,1
INC-03109,2025-04-08 06:44:00,2025-04-08 10:38:04.344573,P1-Critical,Access Management,AGT-00005,3.9,4,False,False,5
INC-03110,2025-04-19 17:35:00,2025-04-19 18:05:00.000000,P1-Critical,Network,AGT-00006,0.5,4,False,False,1
INC-03111,2025-02-23 08:07:00,2025-02-24 10:52:51.563238,P4-Low,Software,AGT-00003,26.76,72,False,False,4
INC-03112,2025-04-24 11:20:00,2025-04-24 16:50:32.449901,P2-High,Access Management,AGT-00010,5.51,8,False,False,5
INC-03113,2025-04-10 18:18:00,2025-04-11 09:53:35.239282,P3-Medium,Email/Comm,AGT-00007,15.59,24,False,False,4
INC-03114,2025-02-05 16:37:00,2025-02-06 18:25:37.660650,P4-Low,Network,AGT-00001,25.81,72,False,False,4
INC-03115,2025-05-27 09:54:00,2025-05-29 19:40:46.468513,P4-Low,Network,AGT-00004,57.78,72,False,False,5
INC-03116,2025-04-09 15:36:00,2025-04-09 22:58:48.567473,P2-High,Software,AGT-00008,7.38,8,False,False,4
INC-03117,2025-05-21 09:21:00,2025-05-22 01:47:45.048999,P3-Medium,Software,AGT-00004,16.45,24,False,False,2
INC-03118,2025-05-27 02:25:00,2025-05-27 06:16:17.027098,P2-High,Software,AGT-00002,3.85,8,False,False,3
INC-03119,2025-01-21 09:14:00,2025-01-22 11:37:22.765241,P3-Medium,Access Management,AGT-00001,26.39,24,True,False,2
INC-03120,2025-06-18 17:43:00,2025-06-20 00:57:35.724857,P3-Medium,Software,AGT-00011,31.24,24,True,False,3
INC-03121,2025-06-26 09:46:00,2025-06-26 23:53:53.429265,P3-Medium,Access Management,AGT-00006,14.13,24,False,False,2
INC-03122,2025-03-06 19:05:00,2025-03-07 08:11:09.592786,P3-Medium,Software,AGT-00001,13.1,24,False,False,1
INC-03123,2025-06-18 07:01:00,2025-06-19 04:56:46.780764,P3-Medium,Software,AGT-00007,21.93,24,False,True,3
INC-03124,2025-02-08 13:53:00,2025-02-10 08:43:21.884658,P4-Low,Network,AGT-00013,42.84,72,False,False,5
INC-03125,2025-01-09 16:04:00,2025-01-11 15:16:43.401552,P4-Low,Software,AGT-00006,47.21,72,False,False,4
INC-03126,2025-02-21 09:57:00,2025-02-21 19:02:19.629712,P2-High,Network,AGT-00014,9.09,8,True,False,2
INC-03127,2025-02-23 10:04:00,2025-02-23 12:47:30.544680,P3-Medium,Access Management,AGT-00015,2.73,24,False,False,4
INC-03128,2025-06-01 07:58:00,2025-06-02 12:30:47.106956,P3-Medium,Software,AGT-00005,28.55,24,True,False,1
INC-03129,2025-01-23 17:07:00,2025-01-24 11:41:53.199101,P3-Medium,Software,AGT-00012,18.58,24,False,False,2
INC-03130,2025-01-05 23:19:00,2025-01-06 14:01:28.997437,P3-Medium,Software,AGT-00003,14.71,24,False,False,4
INC-03131,2025-06-17 07:05:00,2025-06-17 09:54:17.514090,P1-Critical,Email/Comm,AGT-00006,2.82,4,False,False,5
INC-03132,2025-05-05 20:04:00,2025-05-06 13:45:57.965425,P3-Medium,Software,AGT-00003,17.7,24,False,False,4
INC-03133,2025-05-06 11:55:00,2025-05-07 03:17:33.506152,P4-Low,Software,AGT-00006,15.38,72,False,False,4
INC-03134,2025-06-13 12:39:00,2025-06-14 00:22:56.221666,P2-High,Access Management,AGT-00001,11.73,8,True,False,3
INC-03135,2025-02-13 09:09:00,2025-02-14 03:28:50.178209,P3-Medium,Access Management,AGT-00015,18.33,24,False,False,3
INC-03136,2025-03-27 09:03:00,2025-03-27 12:56:09.615339,P1-Critical,Access Management,AGT-00001,3.89,4,False,False,4
INC-03137,2025-05-21 09:22:00,2025-05-24 06:23:51.583481,P4-Low,Network,AGT-00001,69.03,72,False,False,5
INC-03138,2025-01-20 00:40:00,2025-01-20 03:35:33.353035,P2-High,Software,AGT-00009,2.93,8,False,False,4
INC-03139,2025-05-19 14:39:00,2025-05-22 02:07:09.976731,P4-Low,Email/Comm,AGT-00005,59.47,72,False,False,4
INC-03140,2025-05-10 13:38:00,2025-05-12 10:16:49.841455,P4-Low,Software,AGT-00007,44.65,72,False,False,2
INC-03141,2025-03-29 11:22:00,2025-03-30 12:08:26.998326,P3-Medium,Software,AGT-00007,24.77,24,True,False,4
INC-03142,2025-02-07 18:11:00,2025-02-07 18:41:00.000000,P2-High,Software,AGT-00006,0.5,8,False,False,5
INC-03143,2025-06-17 11:23:00,2025-06-18 04:35:26.084153,P3-Medium,Software,AGT-00002,17.21,24,False,True,4
INC-03144,2025-03-17 18:41:00,2025-03-17 20:28:39.691278,P1-Critical,Network,AGT-00001,1.79,4,False,False,2
INC-03145,2025-06-15 21:26:00,2025-06-16 05:26:46.513178,P2-High,Email/Comm,AGT-00004,8.01,8,True,False,2
INC-03146,2025-01-27 19:00:00,2025-01-30 06:24:03.181491,P4-Low,Software,AGT-00010,59.4,72,False,False,5
INC-03147,2025-03-11 23:51:00,2025-03-12 12:11:20.374229,P3-Medium,Software,AGT-00001,12.34,24,False,False,4
INC-03148,2025-02-19 12:07:00,2025-02-20 00:25:09.392712,P3-Medium,Network,AGT-00004,12.3,24,False,False,5
INC-03149,2025-02-07 08:35:00,2025-02-08 01:41:52.837386,P3-Medium,Network,AGT-00002,17.11,24,False,False,1
INC-03150,2025-02-19 10:38:00,2025-02-19 21:27:36.703853,P3-Medium,Hardware,AGT-00002,10.83,24,False,False,3
INC-03151,2025-05-22 09:38:00,2025-05-22 14:19:02.282607,P1-Critical,Network,AGT-00008,4.68,4,True,False,1
INC-03152,2025-03-05 10:01:00,2025-03-07 04:37:57.081568,P4-Low,Network,AGT-00002,42.62,72,False,False,5
INC-03153,2025-04-24 20:10:00,2025-04-24 20:40:00.000000,P3-Medium,Hardware,AGT-00010,0.5,24,False,False,4
INC-03154,2025-04-22 10:40:00,2025-04-22 15:51:17.242087,P2-High,Access Management,AGT-00010,5.19,8,False,False,4
INC-03155,2025-04-29 13:01:00,2025-04-30 18:14:44.844899,P4-Low,Software,AGT-00001,29.23,72,False,False,4
INC-03156,2025-06-09 10:55:00,2025-06-10 04:17:28.141287,P4-Low,Network,AGT-00003,17.37,72,False,False,3
INC-03157,2025-02-02 17:32:00,2025-02-03 01:38:02.112819,P3-Medium,Software,AGT-00012,8.1,24,False,False,2
INC-03158,2025-04-27 10:56:00,2025-04-28 05:48:30.963989,P3-Medium,Hardware,AGT-00006,18.88,24,False,False,4
INC-03159,2025-06-06 09:24:00,2025-06-06 20:33:00.874436,P2-High,Software,AGT-00008,11.15,8,True,False,2
INC-03160,2025-01-07 15:14:00,2025-01-09 23:29:49.282118,P4-Low,Software,AGT-00008,56.26,72,False,False,4
INC-03161,2025-06-19 14:57:00,2025-06-19 19:19:38.057308,P2-High,Network,AGT-00002,4.38,8,False,False,3
INC-03162,2025-06-02 13:20:00,2025-06-05 00:27:05.102052,P4-Low,Hardware,AGT-00008,59.12,72,False,False,4
INC-03163,2025-06-01 13:44:00,2025-06-03 06:33:05.497664,P4-Low,Email/Comm,AGT-00010,40.82,72,False,False,4
INC-03164,2025-04-18 14:27:00,2025-04-19 02:53:35.509368,P3-Medium,Software,AGT-00009,12.44,24,False,False,1
INC-03165,2025-05-20 11:24:00,2025-05-20 20:09:54.355155,P3-Medium,Access Management,AGT-00006,8.77,24,False,False,1
INC-03166,2025-03-11 11:57:00,2025-03-11 15:56:07.330366,P3-Medium,Software,AGT-00003,3.99,24,False,True,4
INC-03167,2025-04-18 15:04:00,2025-04-18 20:12:06.961297,P2-High,Software,AGT-00014,5.14,8,False,False,5
INC-03168,2025-05-12 10:30:00,2025-05-12 17:33:11.473973,P2-High,Software,AGT-00007,7.05,8,False,False,4
INC-03169,2025-03-10 10:49:00,2025-03-10 16:58:42.541758,P2-High,Software,AGT-00004,6.16,8,False,False,5
INC-03170,2025-05-17 10:11:00,2025-05-17 15:13:38.816708,P2-High,Access Management,AGT-00011,5.04,8,False,False,2
INC-03171,2025-01-09 10:29:00,2025-01-09 20:55:02.513452,P3-Medium,Hardware,AGT-00006,10.43,24,False,False,3
INC-03172,2025-04-12 14:20:00,2025-04-13 13:11:57.490321,P3-Medium,Hardware,AGT-00014,22.87,24,False,False,3
INC-03173,2025-04-09 08:31:00,2025-04-09 15:58:46.600706,P3-Medium,Email/Comm,AGT-00014,7.46,24,False,False,4
INC-03174,2025-03-03 23:13:00,2025-03-04 08:25:57.951714,P2-High,Network,AGT-00005,9.22,8,True,False,1
INC-03175,2025-02-16 20:54:00,2025-02-18 02:51:20.374637,P4-Low,Software,AGT-00003,29.96,72,False,False,4
INC-03176,2025-01-12 10:58:00,2025-01-13 21:55:04.662911,P4-Low,Network,AGT-00004,34.95,72,False,False,4
INC-03177,2025-06-03 07:10:00,2025-06-03 13:25:56.586510,P3-Medium,Email/Comm,AGT-00008,6.27,24,False,False,3
INC-03178,2025-03-19 07:29:00,2025-03-19 12:13:42.332949,P2-High,Network,AGT-00002,4.75,8,False,False,5
INC-03179,2025-02-15 19:24:00,2025-02-18 16:54:22.497010,P4-Low,Software,AGT-00003,69.51,72,False,False,4
INC-03180,2025-02-02 17:48:00,2025-02-05 06:06:45.222368,P4-Low,Network,AGT-00002,60.31,72,False,True,3
INC-03181,2025-03-19 13:52:00,2025-03-22 11:26:06.392066,P4-Low,Software,AGT-00006,69.57,72,False,False,3
INC-03182,2025-01-28 13:41:00,2025-01-28 17:43:39.426331,P1-Critical,Network,AGT-00007,4.04,4,True,False,2
INC-03183,2025-01-16 00:41:00,2025-01-16 03:19:13.760161,P2-High,Software,AGT-00001,2.64,8,False,True,5
INC-03184,2025-02-17 18:24:00,2025-02-18 09:45:13.270339,P3-Medium,Software,AGT-00004,15.35,24,False,False,4
INC-03185,2025-04-01 22:19:00,2025-04-02 10:04:30.265081,P3-Medium,Network,AGT-00009,11.76,24,False,True,4
INC-03186,2025-01-01 10:49:00,2025-01-04 15:25:41.393091,P4-Low,Access Management,AGT-00002,76.61,72,True,False,3
INC-03187,2025-04-09 14:29:00,2025-04-09 16:47:40.463055,P2-High,Access Management,AGT-00001,2.31,8,False,False,5
INC-03188,2025-04-23 16:53:00,2025-04-26 12:45:26.233636,P4-Low,Hardware,AGT-00004,67.87,72,False,False,1
INC-03189,2025-04-01 09:39:00,2025-04-02 10:47:37.071459,P3-Medium,Software,AGT-00014,25.14,24,True,False,1
INC-03190,2025-04-18 15:21:00,2025-04-19 04:15:13.214542,P2-High,Software,AGT-00005,12.9,8,True,False,1
INC-03191,2025-02-02 02:36:00,2025-02-02 17:19:21.026132,P3-Medium,Access Management,AGT-00004,14.72,24,False,False,2
INC-03192,2025-04-15 15:51:00,2025-04-16 15:32:54.878196,P3-Medium,Hardware,AGT-00006,23.7,24,False,False,2
INC-03193,2025-05-03 14:43:00,2025-05-04 05:12:08.813140,P2-High,Network,AGT-00001,14.49,8,True,False,1
INC-03194,2025-03-27 09:09:00,2025-03-27 22:12:31.919704,P3-Medium,Software,AGT-00005,13.06,24,False,False,4
INC-03195,2025-02-05 11:40:00,2025-02-05 17:23:10.840871,P3-Medium,Software,AGT-00001,5.72,24,False,False,3
INC-03196,2025-01-22 07:54:00,2025-01-22 10:51:35.711023,P3-Medium,Software,AGT-00013,2.96,24,False,False,3
INC-03197,2025-04-27 17:49:00,2025-04-27 22:14:31.526608,P1-Critical,Network,AGT-00009,4.43,4,True,False,2
INC-03198,2025-03-04 15:04:00,2025-03-04 18:00:05.274008,P3-Medium,Email/Comm,AGT-00002,2.93,24,False,False,3
INC-03199,2025-04-08 11:13:00,2025-04-09 02:14:17.211275,P3-Medium,Software,AGT-00006,15.02,24,False,False,4
INC-03200,2025-06-18 13:51:00,2025-06-21 00:35:46.549467,P4-Low,Access Management,AGT-00001,58.75,72,False,False,4
INC-03201,2025-02-23 20:08:00,2025-02-24 15:36:53.055461,P3-Medium,Access Management,AGT-00003,19.48,24,False,True,2
INC-03202,2025-04-01 08:27:00,2025-04-02 05:51:12.812089,P3-Medium,Access Management,AGT-00011,21.4,24,False,False,3
INC-03203,2025-04-05 06:09:00,2025-04-06 01:55:41.947847,P3-Medium,Access Management,AGT-00002,19.78,24,False,False,5
INC-03204,2025-03-05 12:53:00,2025-03-06 17:06:51.335423,P3-Medium,Hardware,AGT-00015,28.23,24,True,False,2
INC-03205,2025-04-16 09:28:00,2025-04-17 16:25:13.220587,P4-Low,Software,AGT-00005,30.95,72,False,False,4
INC-03206,2025-03-15 15:53:00,2025-03-15 20:00:49.861255,P2-High,Hardware,AGT-00010,4.13,8,False,False,3
INC-03207,2025-05-29 08:36:00,2025-05-29 20:25:07.407976,P3-Medium,Hardware,AGT-00014,11.82,24,False,False,4
INC-03208,2025-06-22 06:26:00,2025-06-25 01:02:13.810454,P4-Low,Access Management,AGT-00002,66.6,72,False,False,5
INC-03209,2025-03-01 16:44:00,2025-03-04 12:44:28.698364,P4-Low,Access Management,AGT-00002,68.01,72,False,True,4
INC-03210,2025-02-05 07:36:00,2025-02-07 18:37:28.222991,P4-Low,Hardware,AGT-00012,59.02,72,False,False,4
INC-03211,2025-02-07 17:18:00,2025-02-10 18:58:11.544016,P4-Low,Software,AGT-00001,73.67,72,True,False,2
INC-03212,2025-06-21 16:00:00,2025-06-22 18:26:21.057549,P4-Low,Software,AGT-00012,26.44,72,False,False,3
INC-03213,2025-02-05 11:55:00,2025-02-06 19:15:16.054413,P3-Medium,Software,AGT-00012,31.34,24,True,False,3
INC-03214,2025-06-06 13:05:00,2025-06-07 00:54:52.806634,P2-High,Network,AGT-00002,11.83,8,True,False,2
INC-03215,2025-03-04 09:41:00,2025-03-07 02:23:44.783802,P4-Low,Email/Comm,AGT-00014,64.71,72,False,False,3
INC-03216,2025-03-23 06:59:00,2025-03-23 19:43:10.666251,P2-High,Software,AGT-00008,12.74,8,True,False,2
INC-03217,2025-06-11 09:08:00,2025-06-11 13:52:49.251619,P3-Medium,Network,AGT-00002,4.75,24,False,False,5
INC-03218,2025-01-18 23:56:00,2025-01-20 15:26:39.734189,P4-Low,Software,AGT-00001,39.51,72,False,False,3
INC-03219,2025-06-23 13:32:00,2025-06-25 00:49:38.150831,P4-Low,Access Management,AGT-00013,35.29,72,False,False,2
INC-03220,2025-02-22 09:48:00,2025-02-25 02:13:46.511311,P4-Low,Access Management,AGT-00012,64.43,72,False,False,5
INC-03221,2025-05-11 08:44:00,2025-05-11 18:19:55.946699,P3-Medium,Software,AGT-00014,9.6,24,False,False,4
INC-03222,2025-04-08 00:21:00,2025-04-09 00:24:35.860301,P3-Medium,Software,AGT-00008,24.06,24,True,False,2
INC-03223,2025-06-03 08:35:00,2025-06-06 13:59:38.602368,P4-Low,Access Management,AGT-00012,77.41,72,True,False,4
INC-03224,2025-02-18 08:39:00,2025-02-19 08:12:41.843522,P3-Medium,Access Management,AGT-00001,23.56,24,False,False,5
INC-03225,2025-06-17 22:55:00,2025-06-20 06:35:30.073704,P4-Low,Email/Comm,AGT-00004,55.68,72,False,True,2
INC-03226,2025-05-16 15:57:00,2025-05-17 02:02:49.247782,P3-Medium,Software,AGT-00005,10.1,24,False,False,2
INC-03227,2025-05-11 13:48:00,2025-05-12 22:51:46.730439,P4-Low,Hardware,AGT-00006,33.06,72,False,False,1
INC-03228,2025-03-11 09:22:00,2025-03-12 13:21:49.024473,P3-Medium,Network,AGT-00003,28.0,24,True,False,4
INC-03229,2025-02-18 13:41:00,2025-02-19 13:55:05.251312,P3-Medium,Software,AGT-00011,24.23,24,True,False,2
INC-03230,2025-05-10 06:02:00,2025-05-10 12:23:48.354056,P2-High,Hardware,AGT-00003,6.36,8,False,False,1
INC-03231,2025-03-14 12:31:00,2025-03-16 06:09:30.512705,P4-Low,Software,AGT-00003,41.64,72,False,False,4
INC-03232,2025-01-10 08:29:00,2025-01-10 10:16:36.733254,P3-Medium,Network,AGT-00014,1.79,24,False,False,4
INC-03233,2025-06-15 15:30:00,2025-06-16 00:55:59.450342,P3-Medium,Software,AGT-00008,9.43,24,False,False,4
INC-03234,2025-05-13 22:07:00,2025-05-14 11:18:23.880498,P2-High,Software,AGT-00004,13.19,8,True,False,2
INC-03235,2025-05-14 09:12:00,2025-05-15 09:35:27.198888,P4-Low,Software,AGT-00004,24.39,72,False,False,2
INC-03236,2025-03-27 22:34:00,2025-03-30 04:21:22.547128,P4-Low,Access Management,AGT-00012,53.79,72,False,False,3
INC-03237,2025-04-19 10:45:00,2025-04-20 12:48:34.386428,P3-Medium,Software,AGT-00007,26.06,24,True,False,2
INC-03238,2025-06-17 14:48:00,2025-06-17 22:45:38.227162,P3-Medium,Hardware,AGT-00003,7.96,24,False,False,3
INC-03239,2025-06-29 12:35:00,2025-06-30 08:03:39.661674,P3-Medium,Software,AGT-00001,19.48,24,False,True,4
INC-03240,2025-05-21 12:55:00,2025-05-22 14:25:11.967480,P3-Medium,Hardware,AGT-00005,25.5,24,True,False,3
INC-03241,2025-03-29 09:57:00,2025-03-31 12:11:59.951177,P4-Low,Network,AGT-00010,50.25,72,False,False,3
INC-03242,2025-06-15 09:20:00,2025-06-19 20:42:05.020008,P4-Low,Software,AGT-00006,107.37,72,True,False,2
INC-03243,2025-05-13 11:19:00,2025-05-13 15:58:04.341344,P3-Medium,Network,AGT-00003,4.65,24,False,False,5
INC-03244,2025-01-02 13:36:00,2025-01-02 18:43:02.845415,P1-Critical,Software,AGT-00011,5.12,4,True,False,1
INC-03245,2025-02-27 13:45:00,2025-02-28 06:22:03.309963,P3-Medium,Network,AGT-00005,16.62,24,False,False,5
INC-03246,2025-01-30 08:48:00,2025-02-02 02:14:18.251148,P4-Low,Software,AGT-00013,65.44,72,False,False,2
INC-03247,2025-04-10 09:49:00,2025-04-10 17:51:40.470111,P2-High,Access Management,AGT-00007,8.04,8,True,False,1
INC-03248,2025-02-06 15:17:00,2025-02-08 02:37:12.753808,P4-Low,Network,AGT-00001,35.34,72,False,False,3
INC-03249,2025-01-14 10:42:00,2025-01-15 06:31:55.096103,P3-Medium,Hardware,AGT-00008,19.83,24,False,False,5
INC-03250,2025-06-08 18:50:00,2025-06-08 21:58:12.438200,P3-Medium,Email/Comm,AGT-00001,3.14,24,False,False,4
INC-03251,2025-01-28 11:45:00,2025-01-28 20:21:40.918507,P2-High,Software,AGT-00007,8.61,8,True,False,2
INC-03252,2025-01-11 14:46:00,2025-01-12 11:09:06.963821,P3-Medium,Access Management,AGT-00004,20.39,24,False,False,4
INC-03253,2025-01-05 14:23:00,2025-01-05 23:07:07.118125,P2-High,Hardware,AGT-00003,8.74,8,True,False,4
INC-03254,2025-04-08 15:23:00,2025-04-11 14:32:44.519406,P4-Low,Email/Comm,AGT-00015,71.16,72,False,False,4
INC-03255,2025-01-23 13:48:00,2025-01-23 21:35:12.009987,P2-High,Software,AGT-00002,7.79,8,False,False,5
INC-03256,2025-03-14 12:15:00,2025-03-15 07:26:04.975290,P3-Medium,Software,AGT-00004,19.18,24,False,False,5
INC-03257,2025-01-22 19:21:00,2025-01-23 06:18:05.231904,P3-Medium,Access Management,AGT-00007,10.95,24,False,True,5
INC-03258,2025-02-08 11:01:00,2025-02-08 12:35:32.010502,P1-Critical,Software,AGT-00011,1.58,4,False,False,2
INC-03259,2025-03-08 18:58:00,2025-03-09 22:27:37.957061,P3-Medium,Software,AGT-00002,27.49,24,True,False,2
INC-03260,2025-03-15 12:45:00,2025-03-16 18:14:26.459684,P3-Medium,Access Management,AGT-00002,29.49,24,True,False,2
INC-03261,2025-04-14 12:05:00,2025-04-14 17:44:59.808502,P2-High,Network,AGT-00003,5.67,8,False,False,4
INC-03262,2025-06-12 11:18:00,2025-06-14 14:13:12.197802,P4-Low,Access Management,AGT-00014,50.92,72,False,False,3
INC-03263,2025-05-07 15:52:00,2025-05-07 19:12:01.858875,P2-High,Access Management,AGT-00001,3.33,8,False,False,4
INC-03264,2025-05-18 10:54:00,2025-05-18 21:30:16.736250,P2-High,Software,AGT-00003,10.6,8,True,False,4
INC-03265,2025-01-01 04:02:00,2025-01-03 19:20:30.011306,P4-Low,Software,AGT-00002,63.31,72,False,False,5
INC-03266,2025-01-13 07:42:00,2025-01-14 17:13:47.062170,P3-Medium,Network,AGT-00004,33.53,24,True,False,3
INC-03267,2025-03-28 10:52:00,2025-03-28 21:50:24.295377,P3-Medium,Software,AGT-00006,10.97,24,False,False,5
INC-03268,2025-06-15 15:12:00,2025-06-16 06:10:33.372508,P3-Medium,Software,AGT-00008,14.98,24,False,False,3
INC-03269,2025-06-03 15:53:00,2025-06-04 11:44:05.642569,P3-Medium,Software,AGT-00002,19.85,24,False,False,5
INC-03270,2025-05-31 06:52:00,2025-05-31 15:37:45.768175,P2-High,Network,AGT-00008,8.76,8,True,False,1
INC-03271,2025-03-21 18:34:00,2025-03-22 10:50:28.772039,P3-Medium,Software,AGT-00008,16.27,24,False,False,3
INC-03272,2025-03-13 06:34:00,2025-03-13 17:34:58.720595,P3-Medium,Email/Comm,AGT-00003,11.02,24,False,False,4
INC-03273,2025-02-28 06:16:00,2025-02-28 15:51:05.734864,P2-High,Software,AGT-00007,9.58,8,True,False,3
INC-03274,2025-04-11 08:58:00,2025-04-12 08:44:08.698441,P3-Medium,Network,AGT-00010,23.77,24,False,False,4
INC-03275,2025-06-12 11:04:00,2025-06-13 18:44:28.264759,P4-Low,Network,AGT-00002,31.67,72,False,False,5
INC-03276,2025-06-28 22:49:00,2025-07-02 03:55:31.881680,P4-Low,Hardware,AGT-00005,77.11,72,True,False,1
INC-03277,2025-01-23 04:22:00,2025-01-24 07:43:41.722825,P3-Medium,Access Management,AGT-00001,27.36,24,True,False,4
INC-03278,2025-06-06 11:59:00,2025-06-07 07:03:27.739121,P3-Medium,Access Management,AGT-00001,19.07,24,False,False,4
INC-03279,2025-05-30 23:47:00,2025-05-31 18:25:12.418436,P3-Medium,Email/Comm,AGT-00001,18.64,24,False,False,4
INC-03280,2025-04-02 14:48:00,2025-04-03 13:13:56.863808,P3-Medium,Software,AGT-00004,22.43,24,False,False,4
INC-03281,2025-05-11 12:25:00,2025-05-11 23:31:22.951577,P3-Medium,Software,AGT-00012,11.11,24,False,False,2
INC-03282,2025-03-02 11:33:00,2025-03-03 05:47:24.906600,P3-Medium,Access Management,AGT-00002,18.24,24,False,False,4
INC-03283,2025-06-13 08:59:00,2025-06-13 09:29:00.000000,P1-Critical,Access Management,AGT-00004,0.5,4,False,False,4
INC-03284,2025-06-26 13:36:00,2025-06-26 23:10:03.341133,P2-High,Software,AGT-00005,9.57,8,True,False,1
INC-03285,2025-03-25 08:35:00,2025-03-25 14:05:28.995194,P3-Medium,Network,AGT-00004,5.51,24,False,False,4
INC-03286,2025-04-29 10:37:00,2025-05-02 18:41:06.227647,P4-Low,Software,AGT-00007,80.07,72,True,False,2
INC-03287,2025-05-03 12:09:00,2025-05-04 03:30:32.541294,P3-Medium,Network,AGT-00003,15.36,24,False,False,5
INC-03288,2025-02-18 20:23:00,2025-02-20 18:08:59.977301,P4-Low,Software,AGT-00001,45.77,72,False,False,4
INC-03289,2025-03-16 08:28:00,2025-03-16 21:26:41.263505,P3-Medium,Email/Comm,AGT-00013,12.98,24,False,False,5
INC-03290,2025-05-27 06:52:00,2025-05-27 22:33:44.480431,P3-Medium,Software,AGT-00007,15.7,24,False,False,5
INC-03291,2025-01-24 13:28:00,2025-01-27 19:50:14.256851,P4-Low,Access Management,AGT-00004,78.37,72,True,False,1
INC-03292,2025-06-16 11:02:00,2025-06-16 11:32:00.000000,P4-Low,Software,AGT-00001,0.5,72,False,True,4
INC-03293,2025-05-14 21:35:00,2025-05-16 01:47:56.603119,P3-Medium,Software,AGT-00007,28.22,24,True,False,2
INC-03294,2025-06-14 01:09:00,2025-06-14 21:51:15.076256,P3-Medium,Email/Comm,AGT-00007,20.7,24,False,False,1
INC-03295,2025-01-04 06:32:00,2025-01-04 08:48:31.527237,P2-High,Access Management,AGT-00003,2.28,8,False,False,4
INC-03296,2025-01-06 11:41:00,2025-01-06 21:04:51.003080,P3-Medium,Network,AGT-00009,9.4,24,False,False,2
INC-03297,2025-06-04 09:07:00,2025-06-04 21:29:02.552143,P2-High,Hardware,AGT-00002,12.37,8,True,False,1
INC-03298,2025-05-08 14:01:00,2025-05-08 17:12:26.613313,P2-High,Network,AGT-00010,3.19,8,False,False,5
INC-03299,2025-04-19 08:44:00,2025-04-20 11:39:58.763237,P4-Low,Email/Comm,AGT-00007,26.93,72,False,False,4
INC-03300,2025-03-15 23:44:00,2025-03-16 10:12:50.163234,P2-High,Email/Comm,AGT-00009,10.48,8,True,False,2
INC-03301,2025-03-12 10:42:00,2025-03-14 19:28:15.807093,P4-Low,Network,AGT-00007,56.77,72,False,False,4
INC-03302,2025-01-13 15:34:00,2025-01-14 02:03:47.743396,P3-Medium,Access Management,AGT-00005,10.5,24,False,False,5
INC-03303,2025-02-26 09:46:00,2025-02-27 05:29:58.799292,P3-Medium,Hardware,AGT-00014,19.73,24,False,False,4
INC-03304,2025-04-18 10:55:00,2025-04-18 20:42:38.322711,P3-Medium,Software,AGT-00006,9.79,24,False,False,4
INC-03305,2025-05-24 16:14:00,2025-05-27 16:14:59.140686,P4-Low,Software,AGT-00010,72.02,72,True,False,4
INC-03306,2025-04-17 17:13:00,2025-04-18 19:42:27.483788,P3-Medium,Email/Comm,AGT-00007,26.49,24,True,False,2
INC-03307,2025-06-19 17:30:00,2025-06-20 15:45:21.778526,P3-Medium,Hardware,AGT-00002,22.26,24,False,False,4
INC-03308,2025-02-10 16:41:00,2025-02-13 01:54:59.596410,P4-Low,Email/Comm,AGT-00003,57.23,72,False,False,5
INC-03309,2025-03-18 09:46:00,2025-03-19 17:51:22.217996,P3-Medium,Software,AGT-00007,32.09,24,True,False,2
INC-03310,2025-03-20 10:03:00,2025-03-21 04:02:50.966229,P3-Medium,Software,AGT-00004,18.0,24,False,False,5
INC-03311,2025-02-12 16:00:00,2025-02-13 00:32:42.025188,P3-Medium,Software,AGT-00004,8.55,24,False,False,3
INC-03312,2025-02-20 13:44:00,2025-02-20 21:48:23.371302,P2-High,Email/Comm,AGT-00007,8.07,8,True,False,1
INC-03313,2025-06-01 10:40:00,2025-06-02 21:21:18.155027,P3-Medium,Email/Comm,AGT-00011,34.69,24,True,False,2
INC-03314,2025-01-08 06:08:00,2025-01-08 16:00:54.926596,P3-Medium,Software,AGT-00003,9.88,24,False,False,5
INC-03315,2025-06-28 14:19:00,2025-06-28 19:33:05.569140,P2-High,Network,AGT-00002,5.23,8,False,False,1
INC-03316,2025-03-29 09:04:00,2025-03-29 17:01:27.220080,P2-High,Software,AGT-00003,7.96,8,False,False,4
INC-03317,2025-03-01 17:48:00,2025-03-02 11:22:07.540349,P3-Medium,Software,AGT-00008,17.57,24,False,False,5
INC-03318,2025-01-26 07:15:00,2025-01-27 13:36:14.142213,P4-Low,Network,AGT-00010,30.35,72,False,False,4
INC-03319,2025-02-17 19:52:00,2025-02-18 22:50:29.506259,P3-Medium,Access Management,AGT-00004,26.97,24,True,False,2
INC-03320,2025-06-20 10:44:00,2025-06-24 11:08:02.931985,P4-Low,Software,AGT-00002,96.4,72,True,False,2
INC-03321,2025-03-31 10:21:00,2025-03-31 17:32:11.256384,P2-High,Network,AGT-00008,7.19,8,False,False,3
INC-03322,2025-06-10 07:14:00,2025-06-11 15:09:07.083139,P4-Low,Email/Comm,AGT-00010,31.92,72,False,False,2
INC-03323,2025-04-02 10:43:00,2025-04-02 16:19:29.936878,P3-Medium,Email/Comm,AGT-00003,5.61,24,False,False,4
INC-03324,2025-02-17 13:06:00,2025-02-17 16:36:57.427065,P1-Critical,Access Management,AGT-00002,3.52,4,False,False,3
INC-03325,2025-02-05 18:42:00,2025-02-06 21:31:51.667488,P3-Medium,Software,AGT-00015,26.83,24,True,False,2
INC-03326,2025-02-12 16:16:00,2025-02-15 03:46:12.077748,P4-Low,Access Management,AGT-00009,59.5,72,False,False,3
INC-03327,2025-05-11 22:41:00,2025-05-12 16:39:50.769382,P3-Medium,Software,AGT-00006,17.98,24,False,False,3
INC-03328,2025-03-01 07:53:00,2025-03-01 21:10:08.976428,P3-Medium,Email/Comm,AGT-00005,13.29,24,False,False,1
INC-03329,2025-01-19 11:31:00,2025-01-20 15:40:24.218444,P4-Low,Email/Comm,AGT-00007,28.16,72,False,False,3
INC-03330,2025-06-01 13:58:00,2025-06-01 18:38:10.209550,P1-Critical,Hardware,AGT-00007,4.67,4,True,False,4
INC-03331,2025-01-26 21:48:00,2025-01-27 23:06:36.622696,P3-Medium,Software,AGT-00002,25.31,24,True,False,3
INC-03332,2025-01-10 10:22:00,2025-01-11 05:27:07.455358,P4-Low,Software,AGT-00006,19.09,72,False,False,2
INC-03333,2025-06-05 17:25:00,2025-06-07 00:08:07.362572,P3-Medium,Network,AGT-00002,30.72,24,True,False,1
INC-03334,2025-03-02 07:16:00,2025-03-03 05:51:33.251162,P3-Medium,Software,AGT-00010,22.59,24,False,False,4
INC-03335,2025-06-06 06:45:00,2025-06-07 11:56:48.325780,P3-Medium,Software,AGT-00002,29.2,24,True,False,2
INC-03336,2025-01-22 13:45:00,2025-01-22 21:00:46.720844,P3-Medium,Software,AGT-00002,7.26,24,False,False,3
INC-03337,2025-01-22 19:43:00,2025-01-23 02:47:24.264324,P3-Medium,Software,AGT-00002,7.07,24,False,False,3
INC-03338,2025-06-14 07:01:00,2025-06-16 06:02:14.209697,P4-Low,Software,AGT-00002,47.02,72,False,False,4
INC-03339,2025-02-02 11:50:00,2025-02-02 20:05:35.083779,P2-High,Software,AGT-00005,8.26,8,True,False,3
INC-03340,2025-01-29 18:09:00,2025-02-02 08:04:37.979251,P4-Low,Hardware,AGT-00002,85.93,72,True,False,1
INC-03341,2025-06-08 08:06:00,2025-06-08 17:04:16.594314,P2-High,Software,AGT-00002,8.97,8,True,False,1
INC-03342,2025-02-25 15:27:00,2025-02-26 07:30:30.779228,P3-Medium,Network,AGT-00003,16.06,24,False,False,2
INC-03343,2025-04-26 12:28:00,2025-04-26 13:24:50.141705,P1-Critical,Network,AGT-00006,0.95,4,False,False,3
INC-03344,2025-04-06 18:03:00,2025-04-07 21:53:24.016494,P3-Medium,Software,AGT-00008,27.84,24,True,False,2
INC-03345,2025-06-15 11:51:00,2025-06-15 12:55:14.120935,P1-Critical,Email/Comm,AGT-00001,1.07,4,False,False,4
INC-03346,2025-03-21 14:56:00,2025-03-22 21:57:39.894377,P3-Medium,Network,AGT-00002,31.03,24,True,False,2
INC-03347,2025-03-02 14:03:00,2025-03-03 05:46:29.722091,P3-Medium,Software,AGT-00004,15.72,24,False,False,4
INC-03348,2025-06-26 12:22:00,2025-06-27 19:05:28.763691,P3-Medium,Hardware,AGT-00004,30.72,24,True,False,1
INC-03349,2025-05-19 12:02:00,2025-05-20 11:27:53.221154,P3-Medium,Network,AGT-00010,23.43,24,False,False,3
INC-03350,2025-01-13 18:20:00,2025-01-14 11:14:14.529904,P3-Medium,Network,AGT-00002,16.9,24,False,False,3
INC-03351,2025-02-08 00:15:00,2025-02-08 14:05:41.384491,P3-Medium,Network,AGT-00003,13.84,24,False,False,4
INC-03352,2025-05-21 16:43:00,2025-05-22 07:59:21.853132,P3-Medium,Hardware,AGT-00001,15.27,24,False,False,5
INC-03353,2025-06-13 11:26:00,2025-06-14 08:51:35.520740,P3-Medium,Software,AGT-00008,21.43,24,False,False,3
INC-03354,2025-06-29 12:15:00,2025-06-30 06:52:02.107091,P3-Medium,Software,AGT-00001,18.62,24,False,False,4
INC-03355,2025-06-15 12:30:00,2025-06-16 01:44:58.231448,P3-Medium,Software,AGT-00008,13.25,24,False,False,1
INC-03356,2025-01-26 16:30:00,2025-01-27 09:10:29.815383,P3-Medium,Network,AGT-00008,16.67,24,False,False,4
INC-03357,2025-01-08 17:42:00,2025-01-09 12:19:43.018456,P3-Medium,Hardware,AGT-00004,18.63,24,False,False,4
INC-03358,2025-04-06 07:07:00,2025-04-06 07:37:00.000000,P2-High,Hardware,AGT-00001,0.5,8,False,False,4
INC-03359,2025-04-03 09:23:00,2025-04-03 17:29:12.918246,P2-High,Hardware,AGT-00007,8.1,8,True,False,2
INC-03360,2025-01-30 14:29:00,2025-01-31 00:38:44.028728,P3-Medium,Hardware,AGT-00004,10.16,24,False,False,2
INC-03361,2025-06-26 16:32:00,2025-06-27 01:18:24.026788,P3-Medium,Access Management,AGT-00011,8.77,24,False,False,5
INC-03362,2025-01-28 08:25:00,2025-01-29 00:40:11.207008,P4-Low,Hardware,AGT-00004,16.25,72,False,False,4
INC-03363,2025-04-06 11:13:00,2025-04-07 01:20:19.740154,P4-Low,Software,AGT-00014,14.12,72,False,False,3
INC-03364,2025-01-12 08:08:00,2025-01-13 07:01:27.779776,P4-Low,Software,AGT-00009,22.89,72,False,False,4
INC-03365,2025-01-18 10:50:00,2025-01-18 23:09:40.196420,P3-Medium,Email/Comm,AGT-00008,12.33,24,False,False,4
INC-03366,2025-03-17 21:07:00,2025-03-19 06:44:33.863161,P3-Medium,Hardware,AGT-00002,33.63,24,True,False,2
INC-03367,2025-06-21 07:11:00,2025-06-22 22:39:56.663336,P4-Low,Software,AGT-00002,39.48,72,False,False,3
INC-03368,2025-02-23 19:26:00,2025-02-24 14:51:19.203061,P3-Medium,Email/Comm,AGT-00009,19.42,24,False,False,1
INC-03369,2025-05-25 11:32:00,2025-05-26 08:44:13.863931,P3-Medium,Hardware,AGT-00006,21.2,24,False,False,5
INC-03370,2025-03-01 00:17:00,2025-03-01 07:14:31.421346,P2-High,Software,AGT-00010,6.96,8,False,False,4
INC-03371,2025-02-28 15:05:00,2025-03-01 08:27:49.628331,P3-Medium,Software,AGT-00004,17.38,24,False,False,4
INC-03372,2025-06-30 23:38:00,2025-07-01 01:56:59.298579,P2-High,Email/Comm,AGT-00010,2.32,8,False,False,4
INC-03373,2025-02-27 10:02:00,2025-02-28 15:38:26.713390,P3-Medium,Network,AGT-00003,29.61,24,True,False,1
INC-03374,2025-01-21 13:10:00,2025-01-22 21:37:27.263337,P3-Medium,Software,AGT-00007,32.46,24,True,False,1
INC-03375,2025-05-18 07:44:00,2025-05-18 12:16:19.429609,P3-Medium,Software,AGT-00001,4.54,24,False,False,5
INC-03376,2025-03-27 15:33:00,2025-03-28 01:21:27.976582,P3-Medium,Network,AGT-00011,9.81,24,False,False,5
INC-03377,2025-05-03 19:37:00,2025-05-04 11:22:41.462140,P3-Medium,Software,AGT-00011,15.76,24,False,False,4
INC-03378,2025-01-28 12:07:00,2025-01-28 15:14:26.823784,P2-High,Network,AGT-00012,3.12,8,False,False,5
INC-03379,2025-01-25 13:34:00,2025-01-28 01:41:09.519849,P4-Low,Email/Comm,AGT-00004,60.12,72,False,False,5
INC-03380,2025-02-24 14:43:00,2025-02-26 02:09:04.401427,P4-Low,Network,AGT-00001,35.43,72,False,False,5
INC-03381,2025-04-15 09:06:00,2025-04-16 20:25:13.614753,P3-Medium,Access Management,AGT-00001,35.32,24,True,False,2
INC-03382,2025-02-15 16:48:00,2025-02-18 18:36:39.498793,P4-Low,Access Management,AGT-00005,73.81,72,True,False,2
INC-03383,2025-05-24 12:05:00,2025-05-25 07:47:02.132082,P3-Medium,Software,AGT-00005,19.7,24,False,False,5
INC-03384,2025-05-29 19:03:00,2025-05-30 21:15:57.204384,P3-Medium,Software,AGT-00007,26.22,24,True,False,5
INC-03385,2025-06-14 17:31:00,2025-06-15 03:53:14.345347,P2-High,Network,AGT-00009,10.37,8,True,False,5
INC-03386,2025-01-30 11:51:00,2025-01-31 01:20:18.312344,P3-Medium,Access Management,AGT-00008,13.49,24,False,False,3
INC-03387,2025-05-01 14:33:00,2025-05-03 00:13:32.358393,P4-Low,Access Management,AGT-00003,33.68,72,False,False,4
INC-03388,2025-01-15 09:43:00,2025-01-17 13:16:46.300534,P4-Low,Network,AGT-00008,51.56,72,False,False,4
INC-03389,2025-02-27 10:26:00,2025-02-28 11:19:35.120386,P3-Medium,Software,AGT-00003,24.89,24,True,False,3
INC-03390,2025-02-01 08:54:00,2025-02-01 15:53:12.161023,P2-High,Software,AGT-00007,6.99,8,False,False,5
INC-03391,2025-03-29 07:51:00,2025-03-29 13:14:02.501313,P3-Medium,Network,AGT-00013,5.38,24,False,False,5
INC-03392,2025-01-18 14:53:00,2025-01-19 02:27:38.656014,P3-Medium,Network,AGT-00006,11.58,24,False,False,5
INC-03393,2025-02-15 19:06:00,2025-02-16 12:30:29.581528,P3-Medium,Software,AGT-00004,17.41,24,False,False,5
INC-03394,2025-06-28 13:14:00,2025-06-29 06:37:40.830595,P3-Medium,Software,AGT-00001,17.39,24,False,False,3
INC-03395,2025-05-23 09:14:00,2025-05-24 19:00:49.214692,P3-Medium,Access Management,AGT-00008,33.78,24,True,False,2
INC-03396,2025-05-01 14:33:00,2025-05-02 12:49:48.868147,P4-Low,Software,AGT-00001,22.28,72,False,False,3
INC-03397,2025-06-28 14:23:00,2025-07-01 02:29:42.425412,P4-Low,Network,AGT-00007,60.11,72,False,False,4
INC-03398,2025-01-09 13:47:00,2025-01-10 19:41:46.457520,P3-Medium,Software,AGT-00013,29.91,24,True,False,4
INC-03399,2025-02-18 10:48:00,2025-02-19 22:58:17.752668,P3-Medium,Software,AGT-00007,36.17,24,True,False,2
INC-03400,2025-06-09 12:59:00,2025-06-10 03:44:53.354212,P3-Medium,Network,AGT-00002,14.76,24,False,False,1
INC-03401,2025-06-30 10:00:00,2025-07-01 07:55:53.168238,P3-Medium,Network,AGT-00008,21.93,24,False,False,3
INC-03402,2025-03-11 07:39:00,2025-03-11 16:08:38.980501,P2-High,Network,AGT-00002,8.49,8,True,False,3
INC-03403,2025-06-22 20:11:00,2025-06-23 15:44:49.873869,P3-Medium,Access Management,AGT-00001,19.56,24,False,False,4
INC-03404,2025-01-26 14:19:00,2025-01-27 07:31:33.258204,P3-Medium,Network,AGT-00013,17.21,24,False,False,3
INC-03405,2025-02-09 15:42:00,2025-02-12 02:25:10.228044,P4-Low,Software,AGT-00012,58.72,72,False,True,4
INC-03406,2025-06-28 14:28:00,2025-06-28 14:58:00.000000,P2-High,Access Management,AGT-00004,0.5,8,False,False,5
INC-03407,2025-04-20 14:21:00,2025-04-23 05:59:29.003285,P4-Low,Network,AGT-00009,63.64,72,False,False,3
INC-03408,2025-05-07 10:39:00,2025-05-08 05:39:33.923625,P3-Medium,Software,AGT-00001,19.01,24,False,False,5
INC-03409,2025-06-12 08:53:00,2025-06-14 06:26:01.807432,P4-Low,Software,AGT-00003,45.55,72,False,False,2
INC-03410,2025-02-15 11:04:00,2025-02-16 21:26:29.631237,P3-Medium,Network,AGT-00013,34.37,24,True,False,3
INC-03411,2025-03-23 14:11:00,2025-03-23 18:19:15.831363,P2-High,Software,AGT-00003,4.14,8,False,False,4
INC-03412,2025-05-03 11:24:00,2025-05-03 16:29:21.242538,P2-High,Software,AGT-00002,5.09,8,False,False,4
INC-03413,2025-05-26 10:14:00,2025-05-30 04:03:51.837759,P4-Low,Software,AGT-00010,89.83,72,True,False,1
INC-03414,2025-05-19 17:12:00,2025-05-20 04:32:36.634420,P3-Medium,Access Management,AGT-00007,11.34,24,False,False,1
INC-03415,2025-02-02 10:40:00,2025-02-03 00:15:56.679851,P3-Medium,Hardware,AGT-00010,13.6,24,False,False,3
INC-03416,2025-02-18 09:12:00,2025-02-19 02:01:25.667805,P3-Medium,Software,AGT-00006,16.82,24,False,False,3
INC-03417,2025-03-07 09:23:00,2025-03-08 10:06:33.153085,P3-Medium,Software,AGT-00014,24.73,24,True,False,5
INC-03418,2025-01-10 12:49:00,2025-01-11 08:28:44.712212,P3-Medium,Software,AGT-00007,19.66,24,False,False,5
INC-03419,2025-04-09 21:08:00,2025-04-09 23:06:32.920626,P2-High,Hardware,AGT-00006,1.98,8,False,False,3
INC-03420,2025-01-06 13:22:00,2025-01-07 03:06:33.545382,P3-Medium,Hardware,AGT-00011,13.74,24,False,False,5
INC-03421,2025-06-09 23:38:00,2025-06-10 12:46:28.192323,P3-Medium,Email/Comm,AGT-00006,13.14,24,False,False,5
INC-03422,2025-05-26 11:57:00,2025-05-27 05:19:56.033898,P3-Medium,Software,AGT-00001,17.38,24,False,False,5
INC-03423,2025-05-01 11:02:00,2025-05-02 08:26:24.297369,P3-Medium,Hardware,AGT-00007,21.41,24,False,False,2
INC-03424,2025-06-01 17:21:00,2025-06-02 14:41:44.325770,P3-Medium,Hardware,AGT-00001,21.35,24,False,False,4
INC-03425,2025-03-14 16:39:00,2025-03-15 07:07:47.153709,P4-Low,Hardware,AGT-00003,14.48,72,False,False,4
INC-03426,2025-05-18 14:16:00,2025-05-19 16:46:41.500442,P3-Medium,Software,AGT-00005,26.51,24,True,False,2
INC-03427,2025-01-06 18:55:00,2025-01-07 02:18:02.367460,P2-High,Access Management,AGT-00012,7.38,8,False,False,4
INC-03428,2025-01-22 07:48:00,2025-01-22 19:08:45.103800,P2-High,Hardware,AGT-00005,11.35,8,True,False,2
INC-03429,2025-04-25 07:25:00,2025-04-27 18:18:02.279565,P4-Low,Email/Comm,AGT-00014,58.88,72,False,False,4
INC-03430,2025-01-20 13:32:00,2025-01-21 16:20:38.101183,P3-Medium,Hardware,AGT-00007,26.81,24,True,False,1
INC-03431,2025-05-25 19:43:00,2025-05-26 03:50:58.470924,P2-High,Software,AGT-00003,8.13,8,True,False,2
INC-03432,2025-06-13 23:36:00,2025-06-14 10:48:42.444528,P2-High,Email/Comm,AGT-00007,11.21,8,True,False,1
INC-03433,2025-01-05 14:50:00,2025-01-08 03:16:42.045793,P4-Low,Email/Comm,AGT-00003,60.45,72,False,False,5
INC-03434,2025-03-21 05:52:00,2025-03-21 23:05:00.040902,P3-Medium,Email/Comm,AGT-00005,17.22,24,False,False,5
INC-03435,2025-05-01 17:34:00,2025-05-05 17:00:55.299872,P4-Low,Access Management,AGT-00005,95.45,72,True,False,4
INC-03436,2025-02-03 10:55:00,2025-02-06 06:41:50.672804,P4-Low,Network,AGT-00014,67.78,72,False,False,3
INC-03437,2025-02-14 16:55:00,2025-02-15 15:30:23.839325,P3-Medium,Access Management,AGT-00005,22.59,24,False,False,4
INC-03438,2025-03-05 13:18:00,2025-03-06 13:46:26.082009,P4-Low,Software,AGT-00009,24.47,72,False,False,5
INC-03439,2025-04-09 09:32:00,2025-04-09 17:13:36.740617,P3-Medium,Software,AGT-00001,7.69,24,False,False,1
INC-03440,2025-02-06 12:36:00,2025-02-08 20:27:15.514714,P4-Low,Network,AGT-00001,55.85,72,False,False,3
INC-03441,2025-03-17 14:32:00,2025-03-19 19:26:37.526239,P4-Low,Software,AGT-00002,52.91,72,False,False,2
INC-03442,2025-05-15 11:30:00,2025-05-17 01:13:03.175319,P4-Low,Access Management,AGT-00005,37.72,72,False,True,3
INC-03443,2025-04-19 09:19:00,2025-04-20 04:26:40.301749,P3-Medium,Network,AGT-00014,19.13,24,False,False,3
INC-03444,2025-04-07 16:45:00,2025-04-08 23:27:32.455528,P3-Medium,Software,AGT-00010,30.71,24,True,False,1
INC-03445,2025-04-05 12:26:00,2025-04-05 21:22:02.071179,P2-High,Email/Comm,AGT-00002,8.93,8,True,False,3
INC-03446,2025-02-01 19:19:00,2025-02-02 04:11:18.954919,P3-Medium,Network,AGT-00012,8.87,24,False,False,4
INC-03447,2025-02-04 11:25:00,2025-02-05 04:31:28.545778,P3-Medium,Software,AGT-00008,17.11,24,False,False,3
INC-03448,2025-06-04 12:31:00,2025-06-04 13:54:24.241338,P1-Critical,Software,AGT-00013,1.39,4,False,False,4
INC-03449,2025-03-15 14:18:00,2025-03-17 08:32:45.606019,P4-Low,Software,AGT-00003,42.25,72,False,False,5
INC-03450,2025-04-28 17:56:00,2025-04-28 22:59:08.442613,P2-High,Software,AGT-00002,5.05,8,False,False,1
INC-03451,2025-04-18 13:18:00,2025-04-20 05:44:49.518053,P4-Low,Hardware,AGT-00004,40.45,72,False,True,5
INC-03452,2025-04-01 07:38:00,2025-04-01 08:08:00.000000,P1-Critical,Access Management,AGT-00004,0.5,4,False,False,3
INC-03453,2025-02-23 14:13:00,2025-02-23 20:16:11.551013,P2-High,Hardware,AGT-00005,6.05,8,False,False,4
INC-03454,2025-03-13 16:50:00,2025-03-15 07:37:16.250147,P4-Low,Software,AGT-00001,38.79,72,False,False,4
INC-03455,2025-03-09 10:33:00,2025-03-09 11:03:00.000000,P3-Medium,Network,AGT-00009,0.5,24,False,False,5
INC-03456,2025-02-16 20:55:00,2025-02-18 07:20:25.594306,P3-Medium,Software,AGT-00003,34.42,24,True,False,4
INC-03457,2025-06-21 16:55:00,2025-06-22 19:37:36.566041,P3-Medium,Network,AGT-00008,26.71,24,True,False,2
INC-03458,2025-01-18 06:15:00,2025-01-18 08:29:50.634781,P1-Critical,Email/Comm,AGT-00009,2.25,4,False,False,4
INC-03459,2025-01-21 14:48:00,2025-01-23 17:10:34.971581,P4-Low,Software,AGT-00004,50.38,72,False,False,4
INC-03460,2025-01-23 13:43:00,2025-01-23 22:20:36.354797,P3-Medium,Access Management,AGT-00015,8.63,24,False,False,4
INC-03461,2025-04-13 11:19:00,2025-04-14 18:52:56.818881,P3-Medium,Software,AGT-00014,31.57,24,True,False,2
INC-03462,2025-06-15 11:31:00,2025-06-16 20:41:41.914409,P3-Medium,Network,AGT-00007,33.18,24,True,False,2
INC-03463,2025-06-16 18:53:00,2025-06-17 14:08:12.779373,P3-Medium,Software,AGT-00004,19.25,24,False,False,5
INC-03464,2025-02-04 11:21:00,2025-02-05 13:32:17.682553,P3-Medium,Network,AGT-00004,26.19,24,True,False,2
INC-03465,2025-02-12 15:44:00,2025-02-12 19:05:02.064808,P1-Critical,Software,AGT-00001,3.35,4,False,False,5
INC-03466,2025-03-15 18:20:00,2025-03-16 01:38:22.307360,P3-Medium,Network,AGT-00004,7.31,24,False,False,4
INC-03467,2025-02-09 06:03:00,2025-02-09 11:06:31.025551,P2-High,Software,AGT-00002,5.06,8,False,False,3
INC-03468,2025-05-05 10:55:00,2025-05-05 17:52:42.292381,P2-High,Software,AGT-00001,6.96,8,False,False,4
INC-03469,2025-05-09 10:16:00,2025-05-11 03:10:32.564250,P4-Low,Hardware,AGT-00009,40.91,72,False,False,5
INC-03470,2025-03-09 10:01:00,2025-03-11 07:38:36.964025,P4-Low,Network,AGT-00003,45.63,72,False,False,5
INC-03471,2025-05-10 12:14:00,2025-05-11 05:30:07.692744,P3-Medium,Email/Comm,AGT-00002,17.27,24,False,False,5
INC-03472,2025-04-15 11:59:00,2025-04-16 05:20:10.699261,P3-Medium,Access Management,AGT-00008,17.35,24,False,False,4
INC-03473,2025-04-04 07:43:00,2025-04-05 02:08:05.044526,P3-Medium,Hardware,AGT-00015,18.42,24,False,False,2
INC-03474,2025-04-18 16:34:00,2025-04-19 02:04:54.574088,P3-Medium,Network,AGT-00013,9.52,24,False,False,3
INC-03475,2025-04-04 14:44:00,2025-04-06 02:23:34.837263,P4-Low,Email/Comm,AGT-00010,35.66,72,False,False,4
INC-03476,2025-01-15 17:33:00,2025-01-16 01:16:23.973148,P3-Medium,Access Management,AGT-00010,7.72,24,False,False,5
INC-03477,2025-05-22 22:21:00,2025-05-25 19:54:22.719577,P4-Low,Network,AGT-00002,69.56,72,False,False,4
INC-03478,2025-03-30 16:11:00,2025-03-31 00:04:13.420187,P4-Low,Access Management,AGT-00004,7.89,72,False,False,3
INC-03479,2025-05-27 07:57:00,2025-05-30 09:01:18.504719,P4-Low,Software,AGT-00003,73.07,72,True,False,1
INC-03480,2025-03-08 18:12:00,2025-03-09 05:33:08.002406,P2-High,Network,AGT-00006,11.35,8,True,False,3
INC-03481,2025-01-27 15:56:00,2025-01-29 11:53:22.997737,P4-Low,Network,AGT-00013,43.96,72,False,False,4
INC-03482,2025-05-31 16:06:00,2025-05-31 16:36:00.000000,P4-Low,Email/Comm,AGT-00012,0.5,72,False,False,4
INC-03483,2025-01-23 10:25:00,2025-01-23 15:39:07.486919,P2-High,Email/Comm,AGT-00003,5.24,8,False,False,3
INC-03484,2025-01-14 21:20:00,2025-01-15 14:49:11.496155,P3-Medium,Software,AGT-00004,17.49,24,False,False,3
INC-03485,2025-05-17 07:45:00,2025-05-18 13:32:16.928165,P4-Low,Hardware,AGT-00005,29.79,72,False,False,1
INC-03486,2025-05-21 10:49:00,2025-05-23 02:30:44.275646,P4-Low,Access Management,AGT-00004,39.7,72,False,False,4
INC-03487,2025-03-20 10:56:00,2025-03-21 17:10:29.621727,P3-Medium,Access Management,AGT-00003,30.24,24,True,False,3
INC-03488,2025-02-06 11:39:00,2025-02-07 10:58:09.902274,P3-Medium,Network,AGT-00007,23.32,24,False,False,4
INC-03489,2025-01-22 20:58:00,2025-01-23 07:34:12.553506,P3-Medium,Network,AGT-00003,10.6,24,False,False,2
INC-03490,2025-04-08 22:24:00,2025-04-09 03:37:09.143916,P3-Medium,Network,AGT-00008,5.22,24,False,False,2
INC-03491,2025-06-29 16:40:00,2025-06-29 22:01:19.581798,P2-High,Access Management,AGT-00011,5.36,8,False,False,4
INC-03492,2025-02-06 11:32:00,2025-02-06 17:17:10.444580,P2-High,Access Management,AGT-00004,5.75,8,False,False,3
INC-03493,2025-06-13 11:41:00,2025-06-13 19:55:12.109761,P2-High,Access Management,AGT-00004,8.24,8,True,False,3
INC-03494,2025-05-16 09:17:00,2025-05-16 23:00:02.878678,P3-Medium,Software,AGT-00002,13.72,24,False,False,5
INC-03495,2025-05-26 09:42:00,2025-05-27 07:47:31.187770,P3-Medium,Access Management,AGT-00001,22.09,24,False,False,4
INC-03496,2025-02-03 13:29:00,2025-02-07 06:11:11.090884,P4-Low,Software,AGT-00005,88.7,72,True,True,1
INC-03497,2025-04-29 20:17:00,2025-04-30 05:38:15.312883,P2-High,Network,AGT-00007,9.35,8,True,False,3
INC-03498,2025-04-29 20:09:00,2025-04-30 13:45:55.050989,P3-Medium,Hardware,AGT-00002,17.62,24,False,False,2
INC-03499,2025-03-26 15:32:00,2025-03-27 08:04:05.266434,P3-Medium,Email/Comm,AGT-00011,16.53,24,False,False,5
INC-03500,2025-05-13 11:51:00,2025-05-13 14:08:11.953434,P1-Critical,Email/Comm,AGT-00013,2.29,4,False,False,3
INC-03501,2025-03-09 00:50:00,2025-03-09 06:11:40.614570,P1-Critical,Access Management,AGT-00011,5.36,4,True,False,2
INC-03502,2025-06-27 22:21:00,2025-06-28 11:19:53.372757,P3-Medium,Software,AGT-00010,12.98,24,False,True,4
INC-03503,2025-05-30 12:27:00,2025-05-31 06:48:42.414019,P3-Medium,Network,AGT-00006,18.36,24,False,False,4
INC-03504,2025-06-10 18:27:00,2025-06-11 01:07:45.093564,P2-High,Network,AGT-00004,6.68,8,False,False,3
INC-03505,2025-04-24 16:24:00,2025-04-25 06:23:08.615247,P3-Medium,Software,AGT-00014,13.99,24,False,False,4
INC-03506,2025-01-19 09:42:00,2025-01-20 08:15:02.480552,P4-Low,Software,AGT-00011,22.55,72,False,False,4
INC-03507,2025-01-06 19:06:00,2025-01-07 02:43:49.478746,P2-High,Email/Comm,AGT-00011,7.63,8,False,False,5
INC-03508,2025-05-31 10:48:00,2025-06-01 04:18:43.085611,P3-Medium,Network,AGT-00003,17.51,24,False,False,5
INC-03509,2025-01-05 09:07:00,2025-01-07 21:07:17.313799,P4-Low,Software,AGT-00002,60.0,72,False,False,5
INC-03510,2025-03-24 16:35:00,2025-03-26 07:54:40.777936,P4-Low,Software,AGT-00010,39.33,72,False,False,5
INC-03511,2025-02-01 09:51:00,2025-02-02 13:36:59.653406,P3-Medium,Network,AGT-00008,27.77,24,True,False,1
INC-03512,2025-03-03 13:56:00,2025-03-04 00:55:08.915101,P3-Medium,Hardware,AGT-00002,10.99,24,False,False,5
INC-03513,2025-03-26 16:08:00,2025-03-27 23:49:46.760180,P3-Medium,Software,AGT-00011,31.7,24,True,False,2
INC-03514,2025-05-13 11:40:00,2025-05-13 12:10:00.000000,P1-Critical,Software,AGT-00012,0.5,4,False,False,5
INC-03515,2025-02-08 14:10:00,2025-02-11 00:51:43.444648,P4-Low,Hardware,AGT-00008,58.7,72,False,False,4
INC-03516,2025-02-10 13:10:00,2025-02-11 10:58:12.403657,P3-Medium,Software,AGT-00012,21.8,24,False,False,5
INC-03517,2025-03-04 11:02:00,2025-03-05 21:07:19.891108,P4-Low,Network,AGT-00002,34.09,72,False,False,4
INC-03518,2025-04-19 12:26:00,2025-04-20 09:49:42.545410,P3-Medium,Software,AGT-00003,21.4,24,False,False,4
INC-03519,2025-05-22 09:17:00,2025-05-23 13:31:10.137689,P3-Medium,Software,AGT-00003,28.24,24,True,False,2
INC-03520,2025-03-01 10:12:00,2025-03-01 15:51:49.043567,P4-Low,Software,AGT-00002,5.66,72,False,False,4
INC-03521,2025-06-03 14:59:00,2025-06-06 03:02:17.626139,P4-Low,Software,AGT-00008,60.05,72,False,False,4
INC-03522,2025-01-23 22:04:00,2025-01-23 22:34:00.000000,P3-Medium,Access Management,AGT-00015,0.5,24,False,False,3
INC-03523,2025-02-10 11:20:00,2025-02-10 21:36:28.853659,P3-Medium,Software,AGT-00015,10.27,24,False,False,5
INC-03524,2025-04-19 09:14:00,2025-04-20 16:15:59.991309,P3-Medium,Access Management,AGT-00007,31.03,24,True,False,2
INC-03525,2025-06-14 11:56:00,2025-06-16 02:17:51.693596,P4-Low,Network,AGT-00004,38.36,72,False,False,4
INC-03526,2025-01-03 20:03:00,2025-01-04 04:39:32.257025,P3-Medium,Software,AGT-00014,8.61,24,False,False,3
INC-03527,2025-01-29 11:12:00,2025-01-30 03:36:59.393405,P3-Medium,Access Management,AGT-00001,16.42,24,False,False,2
INC-03528,2025-02-09 08:17:00,2025-02-10 18:49:35.702539,P3-Medium,Software,AGT-00007,34.54,24,True,False,2
INC-03529,2025-06-19 14:30:00,2025-06-20 03:51:58.878201,P4-Low,Access Management,AGT-00002,13.37,72,False,False,4
INC-03530,2025-06-17 15:05:00,2025-06-18 00:40:22.274545,P3-Medium,Software,AGT-00003,9.59,24,False,False,5
INC-03531,2025-02-20 19:35:00,2025-02-24 03:31:55.081189,P4-Low,Hardware,AGT-00010,79.95,72,True,True,3
INC-03532,2025-04-06 17:33:00,2025-04-08 02:24:41.827494,P3-Medium,Hardware,AGT-00009,32.86,24,True,False,5
INC-03533,2025-03-11 11:01:00,2025-03-12 04:11:21.180740,P3-Medium,Email/Comm,AGT-00003,17.17,24,False,False,4
INC-03534,2025-05-05 18:59:00,2025-05-06 20:12:08.205418,P4-Low,Network,AGT-00013,25.22,72,False,False,5
INC-03535,2025-06-11 10:13:00,2025-06-12 20:59:00.292852,P3-Medium,Network,AGT-00002,34.77,24,True,False,3
INC-03536,2025-06-03 15:45:00,2025-06-07 01:38:19.852206,P4-Low,Software,AGT-00001,81.89,72,True,False,5
INC-03537,2025-02-09 17:23:00,2025-02-10 16:48:53.673248,P3-Medium,Access Management,AGT-00014,23.43,24,False,False,3
INC-03538,2025-03-24 15:54:00,2025-03-24 19:33:23.730403,P2-High,Access Management,AGT-00004,3.66,8,False,False,5
INC-03539,2025-05-08 12:55:00,2025-05-08 19:14:42.230305,P2-High,Hardware,AGT-00001,6.33,8,False,False,2
INC-03540,2025-02-25 21:23:00,2025-02-27 20:10:34.074165,P4-Low,Software,AGT-00004,46.79,72,False,False,4
INC-03541,2025-05-24 14:53:00,2025-05-25 11:31:48.517573,P3-Medium,Access Management,AGT-00001,20.65,24,False,True,4
INC-03542,2025-06-28 13:06:00,2025-06-29 18:42:28.841418,P3-Medium,Software,AGT-00013,29.61,24,True,False,1
INC-03543,2025-06-23 15:19:00,2025-06-24 16:21:07.210785,P3-Medium,Software,AGT-00002,25.04,24,True,False,2
INC-03544,2025-04-20 20:39:00,2025-04-22 01:06:08.922457,P4-Low,Hardware,AGT-00008,28.45,72,False,False,4
INC-03545,2025-03-28 15:30:00,2025-03-29 20:30:43.097761,P3-Medium,Hardware,AGT-00010,29.01,24,True,False,2
INC-03546,2025-01-10 12:23:00,2025-01-11 08:53:18.205632,P3-Medium,Access Management,AGT-00007,20.51,24,False,False,5
INC-03547,2025-03-20 09:49:00,2025-03-21 09:18:47.494921,P3-Medium,Access Management,AGT-00002,23.5,24,False,False,4
INC-03548,2025-05-25 08:09:00,2025-05-26 13:52:56.376747,P3-Medium,Hardware,AGT-00004,29.73,24,True,False,3
INC-03549,2025-05-05 11:44:00,2025-05-05 20:50:26.488814,P3-Medium,Software,AGT-00013,9.11,24,False,False,5
INC-03550,2025-02-01 23:42:00,2025-02-02 17:24:48.223333,P3-Medium,Software,AGT-00005,17.71,24,False,True,2
INC-03551,2025-02-28 16:39:00,2025-03-01 06:23:54.108921,P3-Medium,Hardware,AGT-00005,13.75,24,False,False,3
INC-03552,2025-05-18 12:11:00,2025-05-18 13:11:44.971240,P2-High,Access Management,AGT-00003,1.01,8,False,False,4
INC-03553,2025-02-27 10:41:00,2025-03-01 19:37:03.118388,P4-Low,Hardware,AGT-00003,56.93,72,False,False,4
INC-03554,2025-06-16 11:13:00,2025-06-18 01:18:32.828686,P3-Medium,Software,AGT-00003,38.09,24,True,False,2
INC-03555,2025-04-06 10:01:00,2025-04-06 10:31:00.000000,P2-High,Network,AGT-00004,0.5,8,False,False,4
INC-03556,2025-06-03 10:31:00,2025-06-04 04:15:30.318402,P3-Medium,Email/Comm,AGT-00003,17.74,24,False,False,4
INC-03557,2025-05-16 16:16:00,2025-05-17 15:23:27.636530,P3-Medium,Software,AGT-00002,23.12,24,False,False,2
INC-03558,2025-06-17 17:40:00,2025-06-18 00:35:50.785341,P2-High,Network,AGT-00002,6.93,8,False,False,1
INC-03559,2025-06-01 23:28:00,2025-06-02 02:14:25.478022,P1-Critical,Network,AGT-00004,2.77,4,False,False,2
INC-03560,2025-06-27 09:18:00,2025-06-27 16:54:22.568733,P3-Medium,Software,AGT-00007,7.61,24,False,False,3
INC-03561,2025-02-25 12:18:00,2025-02-26 08:09:44.258197,P3-Medium,Hardware,AGT-00001,19.86,24,False,False,5
INC-03562,2025-04-10 07:04:00,2025-04-10 08:33:11.299365,P1-Critical,Software,AGT-00002,1.49,4,False,False,4
INC-03563,2025-04-23 16:24:00,2025-04-23 16:54:00.000000,P1-Critical,Access Management,AGT-00009,0.5,4,False,False,5
INC-03564,2025-06-29 14:33:00,2025-06-30 18:06:24.255951,P3-Medium,Network,AGT-00006,27.56,24,True,False,3
INC-03565,2025-04-04 13:49:00,2025-04-05 15:29:01.511611,P3-Medium,Access Management,AGT-00001,25.67,24,True,False,2
INC-03566,2025-06-23 09:12:00,2025-06-25 12:13:59.590333,P4-Low,Software,AGT-00005,51.03,72,False,False,4
INC-03567,2025-06-30 13:26:00,2025-06-30 20:44:06.341071,P2-High,Access Management,AGT-00010,7.3,8,False,True,2
INC-03568,2025-01-22 22:14:00,2025-01-23 08:29:36.406960,P2-High,Software,AGT-00002,10.26,8,True,False,3
INC-03569,2025-02-18 05:29:00,2025-02-20 11:58:12.455288,P4-Low,Software,AGT-00001,54.49,72,False,False,3
INC-03570,2025-04-21 11:43:00,2025-04-22 12:56:55.705577,P3-Medium,Hardware,AGT-00007,25.23,24,True,False,2
INC-03571,2025-01-17 21:17:00,2025-01-18 12:54:12.512615,P3-Medium,Access Management,AGT-00004,15.62,24,False,False,1
INC-03572,2025-01-03 15:58:00,2025-01-04 20:27:45.131671,P3-Medium,Access Management,AGT-00013,28.5,24,True,False,3
INC-03573,2025-04-04 13:09:00,2025-04-06 21:33:56.572267,P4-Low,Access Management,AGT-00005,56.42,72,False,False,1
INC-03574,2025-06-21 11:57:00,2025-06-21 19:07:45.054489,P2-High,Access Management,AGT-00002,7.18,8,False,False,5
INC-03575,2025-02-06 19:55:00,2025-02-07 20:30:55.601613,P4-Low,Access Management,AGT-00010,24.6,72,False,False,4
INC-03576,2025-06-22 08:12:00,2025-06-24 15:56:20.821510,P4-Low,Network,AGT-00011,55.74,72,False,False,3
INC-03577,2025-02-10 17:05:00,2025-02-11 04:25:39.698376,P3-Medium,Software,AGT-00003,11.34,24,False,False,4
INC-03578,2025-02-07 18:51:00,2025-02-09 08:05:03.643690,P4-Low,Software,AGT-00010,37.23,72,False,False,3
INC-03579,2025-03-09 14:17:00,2025-03-10 23:58:32.954761,P4-Low,Access Management,AGT-00005,33.69,72,False,False,4
INC-03580,2025-03-13 10:04:00,2025-03-13 12:50:05.439858,P2-High,Software,AGT-00011,2.77,8,False,False,2
INC-03581,2025-06-28 10:13:00,2025-07-02 06:42:43.541017,P4-Low,Software,AGT-00012,92.5,72,True,False,2
INC-03582,2025-01-15 09:52:00,2025-01-16 14:31:02.564985,P3-Medium,Network,AGT-00003,28.65,24,True,False,2
INC-03583,2025-04-20 13:49:00,2025-04-21 23:10:46.584062,P3-Medium,Hardware,AGT-00011,33.36,24,True,False,3
INC-03584,2025-04-08 15:10:00,2025-04-08 23:23:00.623437,P3-Medium,Software,AGT-00001,8.22,24,False,True,2
INC-03585,2025-03-10 22:57:00,2025-03-11 17:31:12.107997,P3-Medium,Hardware,AGT-00003,18.57,24,False,False,3
INC-03586,2025-02-20 00:30:00,2025-02-20 02:28:21.803922,P2-High,Hardware,AGT-00004,1.97,8,False,False,4
INC-03587,2025-05-27 00:26:00,2025-05-27 12:52:03.987537,P3-Medium,Email/Comm,AGT-00001,12.43,24,False,False,4
INC-03588,2025-04-07 08:38:00,2025-04-07 11:55:11.600009,P2-High,Software,AGT-00010,3.29,8,False,False,4
INC-03589,2025-04-17 08:06:00,2025-04-18 12:01:00.019386,P3-Medium,Software,AGT-00001,27.92,24,True,False,1
INC-03590,2025-01-13 14:06:00,2025-01-14 04:55:48.585271,P3-Medium,Access Management,AGT-00004,14.83,24,False,False,5
INC-03591,2025-02-11 11:19:00,2025-02-11 21:33:21.579605,P2-High,Hardware,AGT-00011,10.24,8,True,False,3
INC-03592,2025-05-31 14:25:00,2025-06-01 13:14:58.681620,P3-Medium,Software,AGT-00003,22.83,24,False,True,5
INC-03593,2025-04-10 17:16:00,2025-04-12 05:41:44.796061,P3-Medium,Hardware,AGT-00008,36.43,24,True,False,2
INC-03594,2025-06-15 01:19:00,2025-06-15 21:43:40.015934,P4-Low,Access Management,AGT-00009,20.41,72,False,False,5
INC-03595,2025-06-24 06:35:00,2025-06-27 09:46:04.793265,P4-Low,Access Management,AGT-00007,75.18,72,True,False,4
INC-03596,2025-05-20 08:25:00,2025-05-21 11:35:17.497068,P3-Medium,Network,AGT-00004,27.17,24,True,False,1
INC-03597,2025-03-05 06:15:00,2025-03-05 16:27:46.689465,P3-Medium,Network,AGT-00003,10.21,24,False,False,4
INC-03598,2025-04-13 17:08:00,2025-04-14 03:09:29.880040,P2-High,Access Management,AGT-00014,10.02,8,True,False,2
INC-03599,2025-05-11 12:50:00,2025-05-12 09:31:20.974935,P3-Medium,Access Management,AGT-00006,20.69,24,False,False,1
INC-03600,2025-04-05 13:48:00,2025-04-07 11:15:01.709283,P4-Low,Email/Comm,AGT-00003,45.45,72,False,False,3
INC-03601,2025-04-15 11:15:00,2025-04-15 22:39:30.657975,P3-Medium,Software,AGT-00001,11.41,24,False,False,3
INC-03602,2025-04-07 13:49:00,2025-04-07 17:47:59.220912,P2-High,Hardware,AGT-00013,3.98,8,False,False,3
INC-03603,2025-01-13 19:48:00,2025-01-14 02:53:58.647090,P1-Critical,Network,AGT-00001,7.1,4,True,False,4
INC-03604,2025-05-12 21:37:00,2025-05-13 04:07:08.603519,P2-High,Network,AGT-00003,6.5,8,False,False,4
INC-03605,2025-06-04 12:31:00,2025-06-04 17:04:51.336011,P1-Critical,Hardware,AGT-00011,4.56,4,True,False,1
INC-03606,2025-04-16 12:58:00,2025-04-17 00:38:22.097808,P3-Medium,Network,AGT-00001,11.67,24,False,False,4
INC-03607,2025-04-08 00:05:00,2025-04-08 03:51:13.852878,P2-High,Hardware,AGT-00014,3.77,8,False,False,3
INC-03608,2025-06-01 10:15:00,2025-06-04 09:53:22.906266,P4-Low,Access Management,AGT-00007,71.64,72,False,False,4
INC-03609,2025-04-14 12:55:00,2025-04-14 14:41:35.339734,P2-High,Software,AGT-00009,1.78,8,False,False,5
INC-03610,2025-06-17 18:59:00,2025-06-17 21:09:10.460871,P1-Critical,Hardware,AGT-00003,2.17,4,False,False,5
INC-03611,2025-01-21 14:30:00,2025-01-22 08:46:19.989439,P3-Medium,Software,AGT-00003,18.27,24,False,False,1
INC-03612,2025-04-26 10:48:00,2025-04-26 17:41:23.294783,P2-High,Hardware,AGT-00010,6.89,8,False,False,5
INC-03613,2025-01-01 10:17:00,2025-01-02 02:51:02.113392,P3-Medium,Access Management,AGT-00002,16.57,24,False,False,5
INC-03614,2025-02-25 18:34:00,2025-02-26 15:43:59.609696,P3-Medium,Access Management,AGT-00015,21.17,24,False,False,3
INC-03615,2025-05-04 06:38:00,2025-05-04 11:01:08.561442,P1-Critical,Hardware,AGT-00003,4.39,4,True,False,2
INC-03616,2025-03-18 17:26:00,2025-03-21 10:07:33.903273,P4-Low,Access Management,AGT-00008,64.69,72,False,False,2
INC-03617,2025-04-11 10:28:00,2025-04-11 13:30:58.872011,P2-High,Email/Comm,AGT-00006,3.05,8,False,False,4
INC-03618,2025-05-25 17:09:00,2025-05-26 08:52:36.333180,P3-Medium,Hardware,AGT-00002,15.73,24,False,False,4
INC-03619,2025-06-24 02:13:00,2025-06-24 12:53:54.012060,P2-High,Software,AGT-00003,10.68,8,True,False,3
INC-03620,2025-03-31 16:00:00,2025-04-01 17:09:25.839002,P3-Medium,Software,AGT-00006,25.16,24,True,False,2
INC-03621,2025-06-16 15:26:00,2025-06-16 22:27:01.647797,P3-Medium,Software,AGT-00013,7.02,24,False,False,4
INC-03622,2025-06-09 16:28:00,2025-06-12 01:29:46.552825,P4-Low,Access Management,AGT-00005,57.03,72,False,False,5
INC-03623,2025-06-17 09:36:00,2025-06-17 11:46:27.112818,P3-Medium,Software,AGT-00001,2.17,24,False,False,4
INC-03624,2025-04-24 06:50:00,2025-04-25 01:12:31.725179,P3-Medium,Software,AGT-00007,18.38,24,False,False,5
INC-03625,2025-05-22 14:11:00,2025-05-26 06:08:19.225206,P4-Low,Email/Comm,AGT-00002,87.96,72,True,False,3
INC-03626,2025-02-12 10:10:00,2025-02-12 20:35:00.689743,P3-Medium,Email/Comm,AGT-00007,10.42,24,False,False,4
INC-03627,2025-06-07 13:14:00,2025-06-08 22:32:48.740725,P4-Low,Network,AGT-00002,33.31,72,False,False,4
INC-03628,2025-04-07 13:16:00,2025-04-10 06:32:50.144273,P4-Low,Access Management,AGT-00013,65.28,72,False,False,4
INC-03629,2025-02-18 10:34:00,2025-02-18 11:04:00.000000,P1-Critical,Software,AGT-00008,0.5,4,False,False,3
INC-03630,2025-03-29 09:45:00,2025-03-29 14:02:07.286623,P2-High,Hardware,AGT-00002,4.29,8,False,False,1
INC-03631,2025-05-23 10:34:00,2025-05-24 09:20:17.504762,P3-Medium,Email/Comm,AGT-00003,22.77,24,False,False,5
INC-03632,2025-05-14 17:16:00,2025-05-14 21:32:47.998319,P2-High,Network,AGT-00007,4.28,8,False,False,4
INC-03633,2025-03-24 09:28:00,2025-03-25 01:34:44.064368,P3-Medium,Network,AGT-00010,16.11,24,False,False,5
INC-03634,2025-05-03 13:27:00,2025-05-06 06:20:01.371143,P4-Low,Software,AGT-00010,64.88,72,False,False,4
INC-03635,2025-01-11 09:37:00,2025-01-12 06:59:20.527206,P3-Medium,Software,AGT-00008,21.37,24,False,False,3
INC-03636,2025-01-24 14:45:00,2025-01-24 22:11:01.911793,P2-High,Network,AGT-00005,7.43,8,False,False,4
INC-03637,2025-05-28 14:34:00,2025-05-30 09:47:03.195893,P4-Low,Email/Comm,AGT-00014,43.22,72,False,False,4
INC-03638,2025-05-08 09:51:00,2025-05-10 19:15:04.400299,P4-Low,Network,AGT-00013,57.4,72,False,False,3
INC-03639,2025-04-15 08:52:00,2025-04-15 14:56:00.968231,P2-High,Hardware,AGT-00004,6.07,8,False,False,5
INC-03640,2025-01-03 09:48:00,2025-01-04 07:27:44.801566,P3-Medium,Hardware,AGT-00001,21.66,24,False,False,4
INC-03641,2025-06-29 05:33:00,2025-06-29 07:33:22.089419,P1-Critical,Network,AGT-00003,2.01,4,False,False,3
INC-03642,2025-02-10 16:41:00,2025-02-10 22:32:39.630923,P2-High,Email/Comm,AGT-00002,5.86,8,False,False,2
INC-03643,2025-03-11 06:17:00,2025-03-12 12:29:03.038936,P4-Low,Software,AGT-00004,30.2,72,False,False,4
INC-03644,2025-03-10 11:08:00,2025-03-11 04:51:11.780832,P3-Medium,Software,AGT-00001,17.72,24,False,False,3
INC-03645,2025-04-14 15:36:00,2025-04-15 03:06:43.175127,P3-Medium,Access Management,AGT-00004,11.51,24,False,False,3
INC-03646,2025-01-15 12:58:00,2025-01-16 16:41:08.655588,P4-Low,Hardware,AGT-00008,27.72,72,False,False,3
INC-03647,2025-01-04 13:23:00,2025-01-05 09:27:09.441058,P3-Medium,Email/Comm,AGT-00002,20.07,24,False,False,4
INC-03648,2025-05-17 15:00:00,2025-05-19 21:15:17.263862,P4-Low,Software,AGT-00002,54.25,72,False,False,5
INC-03649,2025-02-09 09:25:00,2025-02-12 03:04:26.908916,P4-Low,Hardware,AGT-00015,65.66,72,False,False,3
INC-03650,2025-06-08 14:00:00,2025-06-09 04:33:03.583596,P3-Medium,Hardware,AGT-00008,14.55,24,False,False,1
INC-03651,2025-05-04 15:01:00,2025-05-04 22:56:41.465870,P2-High,Software,AGT-00007,7.93,8,False,False,4
INC-03652,2025-02-09 13:46:00,2025-02-10 12:10:22.970081,P3-Medium,Network,AGT-00012,22.41,24,False,False,3
INC-03653,2025-01-01 17:36:00,2025-01-02 15:09:29.485666,P3-Medium,Email/Comm,AGT-00005,21.56,24,False,False,3
INC-03654,2025-01-27 10:40:00,2025-01-27 22:03:41.173935,P3-Medium,Hardware,AGT-00002,11.39,24,False,False,5
INC-03655,2025-06-04 14:05:00,2025-06-06 19:04:14.170724,P4-Low,Network,AGT-00011,52.99,72,False,False,3
INC-03656,2025-04-28 10:54:00,2025-04-28 14:37:41.810132,P1-Critical,Access Management,AGT-00003,3.73,4,False,False,5
INC-03657,2025-04-30 17:37:00,2025-05-01 11:40:26.739847,P3-Medium,Network,AGT-00006,18.06,24,False,False,4
INC-03658,2025-03-02 15:11:00,2025-03-02 16:29:29.443439,P3-Medium,Network,AGT-00014,1.31,24,False,False,4
INC-03659,2025-04-26 09:59:00,2025-04-28 15:11:35.252926,P4-Low,Access Management,AGT-00005,53.21,72,False,False,5
INC-03660,2025-03-18 09:19:00,2025-03-19 21:01:00.893935,P3-Medium,Network,AGT-00009,35.7,24,True,False,4
INC-03661,2025-05-07 08:55:00,2025-05-09 03:42:57.172649,P4-Low,Software,AGT-00005,42.8,72,False,False,4
INC-03662,2025-03-20 09:33:00,2025-03-20 21:43:31.379582,P3-Medium,Software,AGT-00008,12.18,24,False,False,4
INC-03663,2025-02-27 09:34:00,2025-03-01 19:02:01.096299,P4-Low,Software,AGT-00006,57.47,72,False,False,4
INC-03664,2025-01-13 14:46:00,2025-01-13 22:21:35.965452,P2-High,Software,AGT-00012,7.59,8,False,True,3
INC-03665,2025-02-28 12:08:00,2025-03-01 15:40:30.772764,P3-Medium,Software,AGT-00004,27.54,24,True,False,1
INC-03666,2025-02-05 08:16:00,2025-02-05 16:12:13.397110,P3-Medium,Access Management,AGT-00008,7.94,24,False,False,5
INC-03667,2025-06-02 16:45:00,2025-06-03 01:48:35.391182,P2-High,Access Management,AGT-00003,9.06,8,True,False,4
INC-03668,2025-03-27 08:15:00,2025-03-28 06:58:24.155364,P3-Medium,Network,AGT-00001,22.72,24,False,False,5
INC-03669,2025-03-21 20:16:00,2025-03-23 19:25:25.449340,P4-Low,Network,AGT-00002,47.16,72,False,False,5
INC-03670,2025-01-03 14:33:00,2025-01-04 11:15:34.194756,P3-Medium,Email/Comm,AGT-00001,20.71,24,False,False,5
INC-03671,2025-05-16 23:17:00,2025-05-19 21:52:20.938675,P4-Low,Hardware,AGT-00003,70.59,72,False,False,3
INC-03672,2025-06-15 16:39:00,2025-06-16 02:12:11.173788,P2-High,Software,AGT-00003,9.55,8,True,False,2
INC-03673,2025-01-22 23:15:00,2025-01-23 08:06:21.043812,P3-Medium,Access Management,AGT-00010,8.86,24,False,False,1
INC-03674,2025-03-19 12:49:00,2025-03-19 22:11:13.993153,P2-High,Software,AGT-00013,9.37,8,True,False,2
INC-03675,2025-01-05 13:45:00,2025-01-05 16:37:14.242044,P1-Critical,Hardware,AGT-00007,2.87,4,False,False,2
INC-03676,2025-06-15 10:09:00,2025-06-16 04:43:58.774023,P3-Medium,Software,AGT-00001,18.58,24,False,False,4
INC-03677,2025-06-18 20:45:00,2025-06-21 00:12:50.183352,P4-Low,Access Management,AGT-00003,51.46,72,False,False,3
INC-03678,2025-02-06 15:47:00,2025-02-06 21:45:26.938341,P2-High,Software,AGT-00005,5.97,8,False,False,4
INC-03679,2025-05-27 09:12:00,2025-05-30 11:02:02.939792,P4-Low,Access Management,AGT-00003,73.83,72,True,False,1
INC-03680,2025-02-24 16:42:00,2025-02-25 10:01:48.922756,P3-Medium,Software,AGT-00003,17.33,24,False,False,3
INC-03681,2025-05-23 15:21:00,2025-05-24 18:57:32.678756,P4-Low,Hardware,AGT-00006,27.61,72,False,False,3
INC-03682,2025-03-05 01:30:00,2025-03-06 19:37:45.850370,P4-Low,Software,AGT-00013,42.13,72,False,False,3
INC-03683,2025-02-16 23:27:00,2025-02-17 18:52:46.407844,P3-Medium,Access Management,AGT-00002,19.43,24,False,False,5
INC-03684,2025-01-06 14:34:00,2025-01-07 01:22:08.106282,P2-High,Access Management,AGT-00014,10.8,8,True,False,3
INC-03685,2025-01-12 10:04:00,2025-01-13 08:53:29.126927,P3-Medium,Network,AGT-00002,22.82,24,False,False,2
INC-03686,2025-05-05 15:23:00,2025-05-07 00:22:21.459930,P4-Low,Hardware,AGT-00011,32.99,72,False,False,3
INC-03687,2025-03-10 14:44:00,2025-03-14 18:26:13.674001,P4-Low,Network,AGT-00007,99.7,72,True,False,1
INC-03688,2025-03-29 11:04:00,2025-03-31 18:21:43.822390,P4-Low,Access Management,AGT-00008,55.3,72,False,False,4
INC-03689,2025-03-24 09:51:00,2025-03-25 14:03:11.253254,P3-Medium,Software,AGT-00001,28.2,24,True,False,4
INC-03690,2025-03-05 17:46:00,2025-03-07 16:43:56.560782,P4-Low,Network,AGT-00001,46.97,72,False,False,3
INC-03691,2025-06-26 10:16:00,2025-06-26 14:20:00.186562,P1-Critical,Access Management,AGT-00002,4.07,4,True,False,5
INC-03692,2025-06-27 12:48:00,2025-06-28 13:30:56.692930,P3-Medium,Access Management,AGT-00001,24.72,24,True,False,2
INC-03693,2025-03-01 08:32:00,2025-03-01 19:17:49.253368,P2-High,Email/Comm,AGT-00005,10.76,8,True,False,1
INC-03694,2025-04-21 08:26:00,2025-04-22 10:53:32.207195,P3-Medium,Hardware,AGT-00011,26.46,24,True,False,4
INC-03695,2025-04-21 09:08:00,2025-04-22 10:06:39.273602,P3-Medium,Access Management,AGT-00008,24.98,24,True,True,3
INC-03696,2025-03-16 08:20:00,2025-03-16 23:48:45.502142,P3-Medium,Email/Comm,AGT-00003,15.48,24,False,False,4
INC-03697,2025-06-02 12:56:00,2025-06-03 02:21:33.713992,P3-Medium,Software,AGT-00007,13.43,24,False,False,3
INC-03698,2025-05-10 05:48:00,2025-05-10 13:27:50.854630,P2-High,Email/Comm,AGT-00001,7.66,8,False,False,2
INC-03699,2025-01-25 18:46:00,2025-01-26 04:31:57.413711,P2-High,Hardware,AGT-00009,9.77,8,True,False,1
INC-03700,2025-05-18 14:02:00,2025-05-20 11:34:44.109544,P4-Low,Software,AGT-00006,45.55,72,False,False,5
INC-03701,2025-05-23 13:26:00,2025-05-24 15:57:16.952613,P3-Medium,Network,AGT-00014,26.52,24,True,False,2
INC-03702,2025-06-25 10:26:00,2025-06-26 16:03:15.362270,P3-Medium,Software,AGT-00006,29.62,24,True,False,1
INC-03703,2025-03-27 23:48:00,2025-03-28 10:28:09.957531,P3-Medium,Network,AGT-00007,10.67,24,False,False,5
INC-03704,2025-05-03 21:45:00,2025-05-04 09:03:16.683731,P3-Medium,Network,AGT-00001,11.3,24,False,False,5
INC-03705,2025-06-21 21:18:00,2025-06-22 14:10:37.198304,P3-Medium,Email/Comm,AGT-00001,16.88,24,False,False,4
INC-03706,2025-04-30 13:46:00,2025-05-01 10:13:39.244844,P3-Medium,Software,AGT-00003,20.46,24,False,False,5
INC-03707,2025-06-04 12:56:00,2025-06-06 04:26:31.175009,P4-Low,Hardware,AGT-00009,39.51,72,False,False,4
INC-03708,2025-03-07 10:18:00,2025-03-08 15:07:03.437151,P3-Medium,Software,AGT-00001,28.82,24,True,False,1
INC-03709,2025-03-09 13:27:00,2025-03-10 10:50:33.125612,P3-Medium,Network,AGT-00004,21.39,24,False,False,4
INC-03710,2025-03-28 16:57:00,2025-03-29 11:15:56.074989,P3-Medium,Software,AGT-00012,18.32,24,False,False,4
INC-03711,2025-04-04 17:13:00,2025-04-04 23:43:45.805713,P3-Medium,Network,AGT-00008,6.51,24,False,False,3
INC-03712,2025-06-17 12:37:00,2025-06-18 12:18:01.261217,P4-Low,Software,AGT-00013,23.68,72,False,False,1
INC-03713,2025-03-30 11:48:00,2025-03-30 15:21:43.266602,P1-Critical,Hardware,AGT-00011,3.56,4,False,False,3
INC-03714,2025-01-05 15:06:00,2025-01-05 16:02:21.245967,P3-Medium,Software,AGT-00010,0.94,24,False,False,4
INC-03715,2025-04-17 07:18:00,2025-04-18 09:24:03.957398,P3-Medium,Software,AGT-00002,26.1,24,True,False,3
INC-03716,2025-01-15 08:23:00,2025-01-15 11:04:01.292321,P1-Critical,Network,AGT-00003,2.68,4,False,False,3
INC-03717,2025-03-17 13:02:00,2025-03-19 08:58:41.077524,P3-Medium,Software,AGT-00015,43.94,24,True,False,3
INC-03718,2025-02-23 13:31:00,2025-02-23 21:07:56.997004,P1-Critical,Software,AGT-00013,7.62,4,True,False,2
INC-03719,2025-01-25 11:00:00,2025-01-26 03:32:54.266806,P3-Medium,Software,AGT-00003,16.55,24,False,False,5
INC-03720,2025-01-16 02:37:00,2025-01-16 19:45:57.494327,P3-Medium,Software,AGT-00010,17.15,24,False,False,3
INC-03721,2025-01-05 12:45:00,2025-01-05 22:44:04.327076,P2-High,Hardware,AGT-00014,9.98,8,True,False,2
INC-03722,2025-03-11 11:24:00,2025-03-12 19:01:31.371166,P3-Medium,Email/Comm,AGT-00004,31.63,24,True,False,3
INC-03723,2025-04-07 08:21:00,2025-04-07 13:14:44.763146,P3-Medium,Software,AGT-00006,4.9,24,False,False,5
INC-03724,2025-03-05 04:14:00,2025-03-05 07:56:32.386598,P3-Medium,Network,AGT-00002,3.71,24,False,False,3
INC-03725,2025-01-27 08:05:00,2025-01-27 21:06:25.397600,P3-Medium,Access Management,AGT-00005,13.02,24,False,False,4
INC-03726,2025-05-13 18:10:00,2025-05-14 16:49:42.842395,P3-Medium,Access Management,AGT-00001,22.66,24,False,False,4
INC-03727,2025-04-21 05:34:00,2025-04-23 17:30:14.898517,P4-Low,Hardware,AGT-00004,59.94,72,False,False,5
INC-03728,2025-03-17 16:31:00,2025-03-18 02:45:39.120333,P2-High,Network,AGT-00006,10.24,8,True,False,1
INC-03729,2025-03-25 08:25:00,2025-03-25 16:49:08.711183,P3-Medium,Access Management,AGT-00004,8.4,24,False,False,5
INC-03730,2025-03-19 08:09:00,2025-03-19 11:49:37.641866,P4-Low,Access Management,AGT-00003,3.68,72,False,False,5
INC-03731,2025-04-11 09:04:00,2025-04-12 09:55:50.808825,P3-Medium,Network,AGT-00006,24.86,24,True,False,2
INC-03732,2025-01-19 18:55:00,2025-01-20 06:17:27.947339,P3-Medium,Hardware,AGT-00001,11.37,24,False,False,4
INC-03733,2025-05-31 17:58:00,2025-05-31 19:49:07.549506,P3-Medium,Software,AGT-00004,1.85,24,False,False,2
INC-03734,2025-04-09 07:16:00,2025-04-11 12:10:04.589709,P4-Low,Software,AGT-00004,52.9,72,False,False,5
INC-03735,2025-02-01 17:52:00,2025-02-02 03:08:34.013672,P2-High,Software,AGT-00011,9.28,8,True,False,3
INC-03736,2025-06-18 15:09:00,2025-06-18 21:13:22.080135,P2-High,Hardware,AGT-00014,6.07,8,False,False,5
INC-03737,2025-03-16 06:02:00,2025-03-16 20:22:13.966478,P3-Medium,Software,AGT-00010,14.34,24,False,False,2
INC-03738,2025-01-29 21:54:00,2025-01-30 03:50:32.035875,P2-High,Access Management,AGT-00006,5.94,8,False,False,2
INC-03739,2025-06-28 15:10:00,2025-06-28 17:25:31.804111,P1-Critical,Email/Comm,AGT-00013,2.26,4,False,False,2
INC-03740,2025-04-26 04:23:00,2025-04-27 03:25:20.607940,P4-Low,Software,AGT-00003,23.04,72,False,False,4
INC-03741,2025-04-09 12:18:00,2025-04-10 00:34:57.196503,P3-Medium,Network,AGT-00015,12.28,24,False,False,4
INC-03742,2025-03-09 17:22:00,2025-03-10 15:32:12.861264,P3-Medium,Network,AGT-00002,22.17,24,False,False,4
INC-03743,2025-04-28 10:30:00,2025-04-29 07:04:24.341992,P3-Medium,Network,AGT-00009,20.57,24,False,False,5
INC-03744,2025-04-26 09:39:00,2025-04-27 04:59:40.122412,P3-Medium,Hardware,AGT-00002,19.34,24,False,False,4
INC-03745,2025-02-28 09:06:00,2025-03-01 15:11:49.309307,P4-Low,Software,AGT-00007,30.1,72,False,False,4
INC-03746,2025-06-11 11:19:00,2025-06-13 09:41:11.772326,P4-Low,Software,AGT-00001,46.37,72,False,False,5
INC-03747,2025-04-26 10:04:00,2025-04-26 10:34:00.000000,P1-Critical,Network,AGT-00009,0.5,4,False,False,4
INC-03748,2025-01-23 15:02:00,2025-01-24 10:27:40.127920,P3-Medium,Email/Comm,AGT-00004,19.43,24,False,False,5
INC-03749,2025-01-25 08:14:00,2025-01-26 13:39:51.101985,P3-Medium,Software,AGT-00003,29.43,24,True,False,2
INC-03750,2025-05-14 11:38:00,2025-05-14 17:50:24.994597,P3-Medium,Network,AGT-00005,6.21,24,False,False,4
INC-03751,2025-06-01 09:16:00,2025-06-02 23:32:53.207521,P4-Low,Software,AGT-00011,38.28,72,False,False,4
INC-03752,2025-01-07 23:58:00,2025-01-10 08:32:55.688067,P4-Low,Hardware,AGT-00011,56.58,72,False,False,5
INC-03753,2025-02-26 14:20:00,2025-02-26 19:50:20.466968,P1-Critical,Network,AGT-00005,5.51,4,True,False,2
INC-03754,2025-01-10 12:06:00,2025-01-10 17:01:52.369835,P2-High,Hardware,AGT-00015,4.93,8,False,False,5
INC-03755,2025-01-14 23:17:00,2025-01-15 11:44:43.190517,P3-Medium,Software,AGT-00009,12.46,24,False,False,3
INC-03756,2025-04-02 10:37:00,2025-04-02 11:07:00.000000,P2-High,Hardware,AGT-00001,0.5,8,False,False,3
INC-03757,2025-06-19 13:26:00,2025-06-19 20:17:43.320429,P2-High,Software,AGT-00006,6.86,8,False,False,5
INC-03758,2025-01-28 12:43:00,2025-01-29 23:03:11.789956,P3-Medium,Network,AGT-00006,34.34,24,True,True,1
INC-03759,2025-01-15 10:44:00,2025-01-15 18:12:14.716621,P2-High,Hardware,AGT-00001,7.47,8,False,False,4
INC-03760,2025-04-09 15:47:00,2025-04-10 09:36:18.365400,P3-Medium,Software,AGT-00004,17.82,24,False,False,4
INC-03761,2025-05-26 18:48:00,2025-05-27 15:22:35.970550,P3-Medium,Network,AGT-00005,20.58,24,False,False,5
INC-03762,2025-02-20 17:51:00,2025-02-21 11:45:40.550286,P3-Medium,Software,AGT-00008,17.91,24,False,False,3
INC-03763,2025-03-04 18:09:00,2025-03-05 05:38:45.186079,P3-Medium,Access Management,AGT-00015,11.5,24,False,False,4
INC-03764,2025-06-29 07:59:00,2025-06-30 08:34:10.461572,P3-Medium,Software,AGT-00001,24.59,24,True,False,2
INC-03765,2025-06-05 11:59:00,2025-06-05 19:16:24.595191,P2-High,Network,AGT-00009,7.29,8,False,True,1
INC-03766,2025-02-28 17:29:00,2025-03-01 11:37:27.261656,P3-Medium,Software,AGT-00005,18.14,24,False,False,2
INC-03767,2025-04-11 15:37:00,2025-04-12 01:48:49.458414,P3-Medium,Software,AGT-00003,10.2,24,False,False,3
INC-03768,2025-04-13 09:37:00,2025-04-16 13:41:12.571099,P4-Low,Access Management,AGT-00004,76.07,72,True,False,2
INC-03769,2025-06-10 14:23:00,2025-06-10 18:42:45.859766,P1-Critical,Email/Comm,AGT-00008,4.33,4,True,False,3
INC-03770,2025-02-03 12:53:00,2025-02-03 17:26:53.197449,P2-High,Access Management,AGT-00003,4.56,8,False,False,5
INC-03771,2025-02-08 11:08:00,2025-02-11 09:10:11.389465,P4-Low,Software,AGT-00009,70.04,72,False,False,5
INC-03772,2025-04-10 23:00:00,2025-04-11 03:45:30.607436,P2-High,Network,AGT-00014,4.76,8,False,True,2
INC-03773,2025-01-15 07:20:00,2025-01-16 17:41:35.748539,P4-Low,Access Management,AGT-00008,34.36,72,False,False,4
INC-03774,2025-03-06 22:47:00,2025-03-08 09:35:21.375541,P4-Low,Software,AGT-00006,34.81,72,False,False,4
INC-03775,2025-01-13 15:35:00,2025-01-13 16:05:00.000000,P2-High,Network,AGT-00003,0.5,8,False,False,4
INC-03776,2025-04-07 17:39:00,2025-04-08 01:48:01.433993,P2-High,Access Management,AGT-00008,8.15,8,True,False,3
INC-03777,2025-04-14 12:12:00,2025-04-15 01:34:37.568760,P4-Low,Email/Comm,AGT-00011,13.38,72,False,False,3
INC-03778,2025-05-07 15:29:00,2025-05-07 17:41:01.607726,P2-High,Software,AGT-00006,2.2,8,False,False,3
INC-03779,2025-03-23 15:04:00,2025-03-23 23:33:17.663346,P4-Low,Access Management,AGT-00014,8.49,72,False,False,2
INC-03780,2025-02-05 01:13:00,2025-02-05 07:24:55.521871,P2-High,Email/Comm,AGT-00006,6.2,8,False,False,4
INC-03781,2025-04-09 06:40:00,2025-04-11 05:39:36.926860,P4-Low,Access Management,AGT-00002,46.99,72,False,False,5
INC-03782,2025-01-30 15:27:00,2025-02-01 10:54:57.872651,P4-Low,Network,AGT-00004,43.47,72,False,False,4
INC-03783,2025-01-17 11:29:00,2025-01-17 14:20:03.521047,P2-High,Email/Comm,AGT-00007,2.85,8,False,False,1
INC-03784,2025-01-18 15:46:00,2025-01-18 18:09:49.854707,P2-High,Hardware,AGT-00007,2.4,8,False,False,3
INC-03785,2025-06-12 17:51:00,2025-06-13 15:33:53.852070,P3-Medium,Access Management,AGT-00006,21.71,24,False,False,2
INC-03786,2025-03-08 14:39:00,2025-03-09 04:14:44.104367,P3-Medium,Software,AGT-00005,13.6,24,False,False,5
INC-03787,2025-06-07 11:16:00,2025-06-07 18:52:26.114851,P2-High,Network,AGT-00002,7.61,8,False,False,4
INC-03788,2025-06-11 11:45:00,2025-06-11 22:40:04.837840,P3-Medium,Email/Comm,AGT-00010,10.92,24,False,False,4
INC-03789,2025-03-21 17:14:00,2025-03-22 00:22:01.390559,P2-High,Email/Comm,AGT-00002,7.13,8,False,False,4
INC-03790,2025-05-24 12:05:00,2025-05-24 17:41:23.601869,P1-Critical,Access Management,AGT-00001,5.61,4,True,False,2
INC-03791,2025-01-15 16:58:00,2025-01-16 15:39:21.575051,P3-Medium,Software,AGT-00010,22.69,24,False,False,5
INC-03792,2025-01-14 08:22:00,2025-01-16 02:07:06.205088,P4-Low,Software,AGT-00014,41.75,72,False,False,4
INC-03793,2025-03-02 12:07:00,2025-03-02 15:37:51.832587,P1-Critical,Access Management,AGT-00014,3.51,4,False,False,5
INC-03794,2025-02-07 09:32:00,2025-02-09 06:43:12.107434,P4-Low,Software,AGT-00001,45.19,72,False,False,4
INC-03795,2025-06-08 13:31:00,2025-06-08 16:31:56.737330,P1-Critical,Software,AGT-00003,3.02,4,False,False,3
INC-03796,2025-06-04 17:31:00,2025-06-05 08:54:42.401698,P3-Medium,Email/Comm,AGT-00006,15.4,24,False,False,3
INC-03797,2025-02-07 09:28:00,2025-02-08 02:09:07.146071,P3-Medium,Software,AGT-00007,16.69,24,False,False,2
INC-03798,2025-04-27 00:45:00,2025-04-27 07:59:32.376249,P2-High,Software,AGT-00015,7.24,8,False,False,2
INC-03799,2025-04-21 07:10:00,2025-04-21 17:13:11.269452,P3-Medium,Email/Comm,AGT-00005,10.05,24,False,False,4
INC-03800,2025-01-04 13:23:00,2025-01-04 23:15:22.689783,P3-Medium,Network,AGT-00002,9.87,24,False,False,3
INC-03801,2025-02-12 14:40:00,2025-02-12 21:33:29.974450,P3-Medium,Software,AGT-00002,6.89,24,False,False,4
INC-03802,2025-01-29 04:30:00,2025-01-29 05:23:56.584083,P2-High,Email/Comm,AGT-00012,0.9,8,False,False,4
INC-03803,2025-04-20 22:48:00,2025-04-21 01:02:22.238078,P2-High,Network,AGT-00005,2.24,8,False,False,4
INC-03804,2025-01-17 14:54:00,2025-01-17 21:57:29.227586,P2-High,Network,AGT-00002,7.06,8,False,True,3
INC-03805,2025-04-22 15:10:00,2025-04-23 02:01:27.719554,P3-Medium,Hardware,AGT-00008,10.86,24,False,False,4
INC-03806,2025-01-17 08:46:00,2025-01-19 21:02:20.241425,P4-Low,Hardware,AGT-00004,60.27,72,False,False,4
INC-03807,2025-04-04 19:02:00,2025-04-05 01:39:17.393234,P2-High,Access Management,AGT-00001,6.62,8,False,False,4
INC-03808,2025-02-02 11:11:00,2025-02-02 13:26:07.078653,P3-Medium,Access Management,AGT-00008,2.25,24,False,False,1
INC-03809,2025-02-03 09:02:00,2025-02-03 17:49:32.692361,P2-High,Network,AGT-00005,8.79,8,True,False,3
INC-03810,2025-03-11 15:56:00,2025-03-12 01:16:16.062934,P2-High,Access Management,AGT-00002,9.34,8,True,False,2
INC-03811,2025-01-30 22:49:00,2025-02-01 04:56:21.887412,P4-Low,Hardware,AGT-00002,30.12,72,False,False,5
INC-03812,2025-04-17 15:14:00,2025-04-18 12:35:41.516435,P3-Medium,Access Management,AGT-00001,21.36,24,False,False,5
INC-03813,2025-05-01 16:19:00,2025-05-03 01:11:12.126907,P4-Low,Software,AGT-00011,32.87,72,False,True,3
INC-03814,2025-01-17 21:24:00,2025-01-18 00:35:43.226713,P1-Critical,Software,AGT-00013,3.2,4,False,False,4
INC-03815,2025-03-15 10:47:00,2025-03-15 18:40:02.445880,P3-Medium,Network,AGT-00008,7.88,24,False,False,1
INC-03816,2025-03-18 08:26:00,2025-03-18 12:05:18.534167,P3-Medium,Software,AGT-00005,3.66,24,False,False,3
INC-03817,2025-04-02 00:52:00,2025-04-02 03:06:03.716235,P1-Critical,Network,AGT-00001,2.23,4,False,True,4
INC-03818,2025-04-17 07:46:00,2025-04-19 07:17:31.515868,P4-Low,Software,AGT-00015,47.53,72,False,False,2
INC-03819,2025-06-28 09:10:00,2025-06-30 03:12:47.062060,P4-Low,Access Management,AGT-00004,42.05,72,False,False,5
INC-03820,2025-05-21 09:29:00,2025-05-21 18:00:39.919923,P3-Medium,Network,AGT-00006,8.53,24,False,False,4
INC-03821,2025-06-29 18:19:00,2025-06-29 23:25:01.271817,P2-High,Email/Comm,AGT-00009,5.1,8,False,False,4
INC-03822,2025-06-02 11:49:00,2025-06-04 19:12:09.222186,P4-Low,Access Management,AGT-00008,55.39,72,False,False,2
INC-03823,2025-05-10 15:53:00,2025-05-11 09:31:27.080732,P3-Medium,Network,AGT-00003,17.64,24,False,False,4
INC-03824,2025-02-26 07:28:00,2025-02-27 02:55:36.029681,P3-Medium,Software,AGT-00004,19.46,24,False,False,4
INC-03825,2025-04-02 17:34:00,2025-04-04 06:09:51.705567,P4-Low,Network,AGT-00013,36.6,72,False,False,4
INC-03826,2025-05-20 11:51:00,2025-05-21 15:13:25.475944,P3-Medium,Software,AGT-00002,27.37,24,True,False,3
INC-03827,2025-02-26 11:44:00,2025-02-27 14:12:35.519768,P4-Low,Network,AGT-00007,26.48,72,False,False,4
INC-03828,2025-02-16 05:47:00,2025-02-17 03:41:01.736556,P3-Medium,Access Management,AGT-00007,21.9,24,False,False,4
INC-03829,2025-01-23 07:12:00,2025-01-24 10:39:18.463477,P3-Medium,Software,AGT-00007,27.46,24,True,False,5
INC-03830,2025-03-26 12:09:00,2025-03-28 23:46:05.382678,P4-Low,Hardware,AGT-00008,59.62,72,False,False,3
INC-03831,2025-04-10 00:36:00,2025-04-11 22:32:58.255651,P4-Low,Software,AGT-00001,45.95,72,False,False,5
INC-03832,2025-01-10 17:06:00,2025-01-12 08:32:02.612640,P4-Low,Software,AGT-00013,39.43,72,False,False,4
INC-03833,2025-02-21 11:33:00,2025-02-24 10:16:18.310875,P4-Low,Network,AGT-00010,70.72,72,False,False,4
INC-03834,2025-04-21 15:04:00,2025-04-21 15:34:00.000000,P1-Critical,Software,AGT-00003,0.5,4,False,False,4
INC-03835,2025-02-28 00:58:00,2025-02-28 11:12:20.421301,P3-Medium,Software,AGT-00007,10.24,24,False,False,4
INC-03836,2025-05-27 14:40:00,2025-05-27 19:46:30.772155,P2-High,Network,AGT-00003,5.11,8,False,False,5
INC-03837,2025-03-26 15:59:00,2025-03-29 18:44:11.070541,P4-Low,Network,AGT-00001,74.75,72,True,True,3
INC-03838,2025-05-19 19:43:00,2025-05-22 05:18:43.269795,P4-Low,Hardware,AGT-00008,57.6,72,False,False,5
INC-03839,2025-05-24 18:32:00,2025-05-25 04:47:20.282155,P3-Medium,Access Management,AGT-00015,10.26,24,False,False,4
INC-03840,2025-05-28 12:44:00,2025-05-29 04:15:03.138085,P3-Medium,Access Management,AGT-00010,15.52,24,False,False,5
INC-03841,2025-03-02 12:18:00,2025-03-04 02:00:48.733625,P4-Low,Network,AGT-00001,37.71,72,False,False,5
INC-03842,2025-03-18 16:20:00,2025-03-20 04:08:15.192559,P4-Low,Email/Comm,AGT-00007,35.8,72,False,False,5
INC-03843,2025-01-29 18:02:00,2025-01-30 19:51:52.019286,P3-Medium,Access Management,AGT-00003,25.83,24,True,False,2
INC-03844,2025-06-13 16:21:00,2025-06-14 14:54:54.494693,P4-Low,Access Management,AGT-00002,22.57,72,False,False,3
INC-03845,2025-01-28 15:01:00,2025-02-01 01:11:32.221613,P4-Low,Access Management,AGT-00015,82.18,72,True,False,3
INC-03846,2025-02-23 20:33:00,2025-02-24 05:56:55.694096,P2-High,Software,AGT-00013,9.4,8,True,False,3
INC-03847,2025-06-05 15:36:00,2025-06-06 18:19:36.816113,P3-Medium,Software,AGT-00001,26.73,24,True,False,2
INC-03848,2025-06-22 12:26:00,2025-06-24 05:10:28.355134,P4-Low,Software,AGT-00009,40.74,72,False,False,5
INC-03849,2025-02-25 23:43:00,2025-02-26 05:41:30.746940,P2-High,Software,AGT-00003,5.98,8,False,True,5
INC-03850,2025-06-21 07:43:00,2025-06-21 14:15:05.227742,P3-Medium,Network,AGT-00005,6.53,24,False,False,4
INC-03851,2025-02-19 10:01:00,2025-02-19 23:49:09.722676,P3-Medium,Access Management,AGT-00008,13.8,24,False,False,1
INC-03852,2025-02-08 09:45:00,2025-02-09 07:41:57.259612,P3-Medium,Hardware,AGT-00007,21.95,24,False,False,3
INC-03853,2025-05-31 14:08:00,2025-05-31 19:43:31.654045,P1-Critical,Email/Comm,AGT-00004,5.59,4,True,False,2
INC-03854,2025-02-05 20:43:00,2025-02-07 00:34:24.709190,P4-Low,Access Management,AGT-00002,27.86,72,False,False,3
INC-03855,2025-03-26 17:18:00,2025-03-26 22:31:14.625194,P2-High,Hardware,AGT-00008,5.22,8,False,False,3
INC-03856,2025-02-02 09:30:00,2025-02-03 02:17:22.582457,P3-Medium,Network,AGT-00002,16.79,24,False,False,3
INC-03857,2025-03-04 15:20:00,2025-03-05 13:25:03.177442,P4-Low,Hardware,AGT-00001,22.08,72,False,False,4
INC-03858,2025-01-10 05:07:00,2025-01-12 18:56:37.145407,P4-Low,Network,AGT-00015,61.83,72,False,False,2
INC-03859,2025-04-03 13:51:00,2025-04-04 02:03:29.078446,P3-Medium,Hardware,AGT-00014,12.21,24,False,False,4
INC-03860,2025-06-19 14:40:00,2025-06-21 12:45:31.894715,P4-Low,Network,AGT-00006,46.09,72,False,False,4
INC-03861,2025-01-08 11:25:00,2025-01-10 04:22:39.645222,P4-Low,Network,AGT-00004,40.96,72,False,False,3
INC-03862,2025-03-02 14:40:00,2025-03-04 00:52:47.627588,P4-Low,Email/Comm,AGT-00006,34.21,72,False,True,4
INC-03863,2025-06-21 00:16:00,2025-06-21 18:12:37.104418,P3-Medium,Software,AGT-00004,17.94,24,False,False,3
INC-03864,2025-04-15 09:21:00,2025-04-17 07:02:16.110343,P4-Low,Software,AGT-00001,45.69,72,False,False,4
INC-03865,2025-03-21 20:13:00,2025-03-22 11:14:30.492990,P3-Medium,Software,AGT-00010,15.03,24,False,False,2
INC-03866,2025-06-03 06:43:00,2025-06-03 18:53:20.305296,P3-Medium,Email/Comm,AGT-00006,12.17,24,False,False,1
INC-03867,2025-04-13 13:46:00,2025-04-14 10:19:22.310519,P3-Medium,Software,AGT-00011,20.56,24,False,False,5
INC-03868,2025-05-25 01:43:00,2025-05-25 14:00:15.577583,P2-High,Email/Comm,AGT-00013,12.29,8,True,False,1
INC-03869,2025-04-13 07:49:00,2025-04-14 02:56:08.752306,P3-Medium,Email/Comm,AGT-00008,19.12,24,False,False,4
INC-03870,2025-01-18 21:43:00,2025-01-21 19:38:20.511474,P4-Low,Software,AGT-00013,69.92,72,False,False,1
INC-03871,2025-06-06 03:27:00,2025-06-06 05:05:03.203743,P2-High,Access Management,AGT-00003,1.63,8,False,False,5
INC-03872,2025-05-22 14:43:00,2025-05-24 19:52:18.823629,P4-Low,Software,AGT-00008,53.16,72,False,False,4
INC-03873,2025-01-19 16:10:00,2025-01-19 18:49:33.159181,P2-High,Access Management,AGT-00012,2.66,8,False,False,4
INC-03874,2025-03-28 09:30:00,2025-03-28 15:41:04.562087,P3-Medium,Network,AGT-00001,6.18,24,False,False,3
INC-03875,2025-02-02 19:32:00,2025-02-03 07:37:06.103465,P3-Medium,Access Management,AGT-00013,12.09,24,False,False,4
INC-03876,2025-03-22 10:35:00,2025-03-23 14:07:06.700831,P3-Medium,Network,AGT-00010,27.54,24,True,False,3
INC-03877,2025-05-21 20:03:00,2025-05-22 21:39:00.455866,P3-Medium,Software,AGT-00002,25.6,24,True,False,1
INC-03878,2025-01-07 21:10:00,2025-01-08 17:06:38.535995,P3-Medium,Software,AGT-00008,19.94,24,False,False,4
INC-03879,2025-04-18 11:37:00,2025-04-18 12:45:07.972945,P2-High,Hardware,AGT-00004,1.14,8,False,False,5
INC-03880,2025-04-17 17:52:00,2025-04-18 10:17:47.117240,P3-Medium,Software,AGT-00011,16.43,24,False,True,4
INC-03881,2025-06-10 09:52:00,2025-06-12 17:54:02.400641,P4-Low,Hardware,AGT-00002,56.03,72,False,False,3
INC-03882,2025-03-06 12:35:00,2025-03-07 07:59:15.443412,P3-Medium,Software,AGT-00005,19.4,24,False,False,3
INC-03883,2025-03-11 11:30:00,2025-03-11 14:44:58.744796,P3-Medium,Access Management,AGT-00008,3.25,24,False,False,5
INC-03884,2025-06-07 13:38:00,2025-06-07 17:01:01.995115,P2-High,Software,AGT-00002,3.38,8,False,False,5
INC-03885,2025-06-03 08:50:00,2025-06-04 02:19:14.560393,P3-Medium,Network,AGT-00006,17.49,24,False,False,5
INC-03886,2025-04-07 09:28:00,2025-04-08 07:45:25.178194,P3-Medium,Network,AGT-00007,22.29,24,False,True,3
INC-03887,2025-04-19 03:24:00,2025-04-19 09:28:38.796881,P4-Low,Network,AGT-00006,6.08,72,False,False,4
INC-03888,2025-06-14 11:19:00,2025-06-15 04:01:10.829506,P3-Medium,Access Management,AGT-00001,16.7,24,False,False,5
INC-03889,2025-04-30 13:12:00,2025-05-01 08:20:39.804573,P3-Medium,Software,AGT-00001,19.14,24,False,False,5
INC-03890,2025-06-25 11:23:00,2025-06-28 06:22:32.063173,P4-Low,Email/Comm,AGT-00002,66.99,72,False,False,3
INC-03891,2025-06-04 07:39:00,2025-06-06 23:30:25.746065,P4-Low,Access Management,AGT-00001,63.86,72,False,False,3
INC-03892,2025-01-31 12:44:00,2025-01-31 16:53:54.513495,P1-Critical,Software,AGT-00014,4.17,4,True,False,3
INC-03893,2025-02-13 04:29:00,2025-02-13 16:05:01.713407,P3-Medium,Access Management,AGT-00001,11.6,24,False,False,5
INC-03894,2025-02-27 09:35:00,2025-02-27 10:05:00.000000,P2-High,Access Management,AGT-00001,0.5,8,False,False,5
INC-03895,2025-03-17 11:42:00,2025-03-18 02:33:20.080597,P3-Medium,Software,AGT-00002,14.86,24,False,False,5
INC-03896,2025-01-01 06:30:00,2025-01-01 16:30:20.560998,P2-High,Email/Comm,AGT-00006,10.01,8,True,False,1
INC-03897,2025-01-04 11:09:00,2025-01-05 16:17:51.490393,P3-Medium,Software,AGT-00008,29.15,24,True,False,2
INC-03898,2025-02-28 15:39:00,2025-03-01 15:20:03.814146,P3-Medium,Software,AGT-00014,23.68,24,False,False,2
INC-03899,2025-05-01 11:39:00,2025-05-03 22:14:12.539242,P4-Low,Network,AGT-00013,58.59,72,False,False,4
INC-03900,2025-03-27 14:55:00,2025-03-28 11:57:13.621874,P3-Medium,Software,AGT-00008,21.04,24,False,False,3
INC-03901,2025-03-07 17:10:00,2025-03-09 08:02:39.450233,P4-Low,Email/Comm,AGT-00009,38.88,72,False,False,4
INC-03902,2025-06-21 14:03:00,2025-06-22 07:00:34.263546,P3-Medium,Software,AGT-00009,16.96,24,False,False,4
INC-03903,2025-03-16 04:50:00,2025-03-16 17:10:30.276025,P2-High,Access Management,AGT-00002,12.34,8,True,False,4
INC-03904,2025-04-28 20:39:00,2025-04-28 23:51:03.769127,P2-High,Access Management,AGT-00002,3.2,8,False,False,5
INC-03905,2025-05-27 16:43:00,2025-05-31 03:00:44.072931,P4-Low,Access Management,AGT-00004,82.3,72,True,False,2
INC-03906,2025-01-02 18:20:00,2025-01-02 23:42:22.445253,P2-High,Software,AGT-00004,5.37,8,False,False,5
INC-03907,2025-01-12 17:33:00,2025-01-15 22:03:31.111855,P4-Low,Software,AGT-00007,76.51,72,True,False,3
INC-03908,2025-06-06 04:03:00,2025-06-06 10:47:43.727726,P3-Medium,Network,AGT-00003,6.75,24,False,False,5
INC-03909,2025-01-12 15:28:00,2025-01-13 14:09:14.040994,P3-Medium,Software,AGT-00003,22.69,24,False,False,3
INC-03910,2025-02-16 09:48:00,2025-02-16 21:54:21.020085,P3-Medium,Software,AGT-00005,12.11,24,False,False,2
INC-03911,2025-01-30 07:03:00,2025-01-30 13:43:40.304873,P3-Medium,Software,AGT-00001,6.68,24,False,False,4
INC-03912,2025-03-06 11:27:00,2025-03-08 17:49:14.451054,P4-Low,Access Management,AGT-00015,54.37,72,False,False,4
INC-03913,2025-02-12 07:22:00,2025-02-13 09:26:32.787512,P3-Medium,Access Management,AGT-00007,26.08,24,True,False,2
INC-03914,2025-04-27 15:12:00,2025-04-28 02:26:25.686569,P3-Medium,Hardware,AGT-00011,11.24,24,False,False,4
INC-03915,2025-02-09 08:54:00,2025-02-10 04:55:10.850847,P4-Low,Network,AGT-00009,20.02,72,False,False,3
INC-03916,2025-02-04 00:54:00,2025-02-04 18:09:54.870787,P3-Medium,Email/Comm,AGT-00008,17.27,24,False,False,4
INC-03917,2025-05-04 20:35:00,2025-05-05 02:46:38.314857,P2-High,Software,AGT-00012,6.19,8,False,False,5
INC-03918,2025-03-14 12:43:00,2025-03-14 21:08:08.827307,P2-High,Network,AGT-00009,8.42,8,True,False,3
INC-03919,2025-02-14 13:59:00,2025-02-15 15:34:48.323655,P3-Medium,Hardware,AGT-00001,25.6,24,True,False,1
INC-03920,2025-02-16 07:27:00,2025-02-17 00:58:28.842779,P3-Medium,Email/Comm,AGT-00008,17.52,24,False,False,3
INC-03921,2025-02-06 14:57:00,2025-02-07 23:47:38.495466,P3-Medium,Network,AGT-00003,32.84,24,True,False,2
INC-03922,2025-05-13 14:29:00,2025-05-15 20:58:04.901607,P4-Low,Software,AGT-00013,54.48,72,False,False,4
INC-03923,2025-03-26 13:56:00,2025-03-27 05:09:42.916627,P3-Medium,Software,AGT-00003,15.23,24,False,False,3
INC-03924,2025-06-06 20:08:00,2025-06-06 20:59:34.251275,P2-High,Hardware,AGT-00002,0.86,8,False,False,4
INC-03925,2025-01-01 15:38:00,2025-01-02 07:31:55.405815,P3-Medium,Hardware,AGT-00015,15.9,24,False,False,4
INC-03926,2025-05-29 09:24:00,2025-05-30 00:42:32.055972,P3-Medium,Email/Comm,AGT-00015,15.31,24,False,False,4
INC-03927,2025-05-16 10:18:00,2025-05-16 15:13:14.194533,P1-Critical,Network,AGT-00003,4.92,4,True,False,1
INC-03928,2025-01-18 22:26:00,2025-01-19 20:07:59.528373,P3-Medium,Software,AGT-00004,21.7,24,False,False,4
INC-03929,2025-01-16 22:51:00,2025-01-17 07:24:54.169297,P3-Medium,Access Management,AGT-00003,8.57,24,False,False,4
INC-03930,2025-03-22 22:06:00,2025-03-23 17:28:40.926329,P3-Medium,Hardware,AGT-00001,19.38,24,False,False,2
INC-03931,2025-03-05 06:53:00,2025-03-05 15:44:01.292764,P2-High,Software,AGT-00003,8.85,8,True,False,3
INC-03932,2025-05-06 06:26:00,2025-05-09 14:59:38.257876,P4-Low,Email/Comm,AGT-00008,80.56,72,True,False,1
INC-03933,2025-02-18 18:51:00,2025-02-19 19:57:00.114262,P3-Medium,Access Management,AGT-00004,25.1,24,True,False,1
INC-03934,2025-05-20 18:35:00,2025-05-21 03:44:46.667844,P2-High,Software,AGT-00001,9.16,8,True,False,2
INC-03935,2025-03-23 15:19:00,2025-03-25 18:31:06.191612,P4-Low,Email/Comm,AGT-00004,51.2,72,False,False,5
INC-03936,2025-04-21 10:53:00,2025-04-22 07:59:23.385756,P3-Medium,Software,AGT-00003,21.11,24,False,False,4
INC-03937,2025-05-14 08:08:00,2025-05-14 13:37:56.435285,P1-Critical,Software,AGT-00006,5.5,4,True,False,1
INC-03938,2025-05-30 05:59:00,2025-05-30 13:19:16.010953,P3-Medium,Access Management,AGT-00004,7.34,24,False,False,5
INC-03939,2025-05-15 16:11:00,2025-05-16 07:23:16.147376,P3-Medium,Software,AGT-00008,15.2,24,False,False,5
INC-03940,2025-04-25 19:21:00,2025-04-27 05:53:55.050090,P4-Low,Access Management,AGT-00015,34.55,72,False,False,3
INC-03941,2025-06-07 13:55:00,2025-06-08 10:56:59.609819,P3-Medium,Access Management,AGT-00002,21.03,24,False,False,2
INC-03942,2025-02-10 20:13:00,2025-02-12 00:03:30.398659,P3-Medium,Access Management,AGT-00002,27.84,24,True,False,4
INC-03943,2025-04-24 20:47:00,2025-04-25 10:00:27.140542,P3-Medium,Email/Comm,AGT-00002,13.22,24,False,False,4
INC-03944,2025-03-28 08:09:00,2025-03-28 08:39:00.000000,P3-Medium,Software,AGT-00008,0.5,24,False,False,5
INC-03945,2025-05-10 23:30:00,2025-05-12 17:15:20.106358,P4-Low,Access Management,AGT-00002,41.76,72,False,False,3
INC-03946,2025-01-02 11:42:00,2025-01-03 13:00:28.043482,P3-Medium,Email/Comm,AGT-00014,25.31,24,True,False,3
INC-03947,2025-06-12 15:30:00,2025-06-13 13:48:03.741205,P3-Medium,Software,AGT-00011,22.3,24,False,False,5
INC-03948,2025-04-26 12:45:00,2025-04-26 20:44:55.146722,P2-High,Email/Comm,AGT-00002,8.0,8,False,False,2
INC-03949,2025-05-30 12:03:00,2025-05-31 03:48:36.192906,P3-Medium,Hardware,AGT-00004,15.76,24,False,False,5
INC-03950,2025-02-13 13:52:00,2025-02-13 15:53:24.212724,P2-High,Software,AGT-00011,2.02,8,False,False,4
INC-03951,2025-03-07 05:46:00,2025-03-09 18:04:21.191157,P4-Low,Hardware,AGT-00002,60.31,72,False,False,3
INC-03952,2025-06-29 15:37:00,2025-06-30 02:56:32.683871,P3-Medium,Email/Comm,AGT-00006,11.33,24,False,False,5
INC-03953,2025-01-27 11:35:00,2025-01-31 09:15:54.964803,P4-Low,Software,AGT-00003,93.68,72,True,False,5
INC-03954,2025-03-15 11:41:00,2025-03-16 10:14:50.607601,P3-Medium,Software,AGT-00007,22.56,24,False,False,4
INC-03955,2025-06-05 00:17:00,2025-06-06 14:40:13.322216,P4-Low,Email/Comm,AGT-00003,38.39,72,False,False,5
INC-03956,2025-02-28 09:45:00,2025-02-28 22:51:32.104875,P3-Medium,Software,AGT-00005,13.11,24,False,False,5
INC-03957,2025-03-26 10:29:00,2025-03-28 10:37:28.017124,P4-Low,Network,AGT-00006,48.14,72,False,False,4
INC-03958,2025-03-03 15:16:00,2025-03-03 17:47:15.586161,P1-Critical,Access Management,AGT-00013,2.52,4,False,False,4
INC-03959,2025-04-18 10:31:00,2025-04-19 13:27:04.812735,P3-Medium,Access Management,AGT-00014,26.93,24,True,False,3
INC-03960,2025-01-13 09:15:00,2025-01-14 04:44:28.785689,P3-Medium,Hardware,AGT-00001,19.49,24,False,False,1
INC-03961,2025-01-24 18:24:00,2025-01-24 22:20:21.440090,P2-High,Access Management,AGT-00006,3.94,8,False,False,3
INC-03962,2025-05-21 16:04:00,2025-05-23 01:11:24.691732,P3-Medium,Software,AGT-00001,33.12,24,True,True,3
INC-03963,2025-04-28 10:51:00,2025-04-30 13:50:10.199869,P4-Low,Software,AGT-00002,50.99,72,False,False,4
INC-03964,2025-02-12 13:29:00,2025-02-12 18:01:15.645667,P1-Critical,Software,AGT-00005,4.54,4,True,False,2
INC-03965,2025-04-05 12:58:00,2025-04-06 02:06:03.076586,P3-Medium,Software,AGT-00008,13.13,24,False,False,5
INC-03966,2025-06-06 13:23:00,2025-06-07 10:17:17.730079,P3-Medium,Software,AGT-00006,20.9,24,False,True,3
INC-03967,2025-02-04 13:40:00,2025-02-06 21:53:19.919362,P4-Low,Hardware,AGT-00007,56.22,72,False,False,2
INC-03968,2025-03-15 19:35:00,2025-03-15 22:27:58.100388,P3-Medium,Access Management,AGT-00014,2.88,24,False,False,3
INC-03969,2025-06-19 19:09:00,2025-06-20 08:42:12.466392,P2-High,Hardware,AGT-00009,13.55,8,True,False,1
INC-03970,2025-05-09 08:48:00,2025-05-10 13:07:30.560475,P3-Medium,Software,AGT-00006,28.33,24,True,False,3
INC-03971,2025-02-17 07:53:00,2025-02-17 12:59:35.339017,P2-High,Network,AGT-00007,5.11,8,False,False,4
INC-03972,2025-02-22 05:51:00,2025-02-22 15:01:54.631475,P3-Medium,Hardware,AGT-00001,9.18,24,False,False,4
INC-03973,2025-02-21 02:46:00,2025-02-21 23:32:49.774478,P3-Medium,Software,AGT-00003,20.78,24,False,False,2
INC-03974,2025-06-24 18:11:00,2025-06-26 21:55:02.234358,P4-Low,Network,AGT-00008,51.73,72,False,False,2
INC-03975,2025-03-15 00:44:00,2025-03-15 08:28:41.428752,P2-High,Email/Comm,AGT-00012,7.74,8,False,False,3
INC-03976,2025-01-06 13:05:00,2025-01-08 18:54:53.572526,P4-Low,Hardware,AGT-00007,53.83,72,False,False,5
INC-03977,2025-06-18 08:30:00,2025-06-20 20:37:29.351230,P4-Low,Email/Comm,AGT-00004,60.12,72,False,False,4
INC-03978,2025-05-03 14:16:00,2025-05-04 01:49:56.051812,P2-High,Network,AGT-00014,11.57,8,True,False,3
INC-03979,2025-04-15 00:35:00,2025-04-15 23:07:41.372308,P3-Medium,Email/Comm,AGT-00003,22.54,24,False,False,2
INC-03980,2025-03-01 09:32:00,2025-03-02 14:32:24.804078,P4-Low,Network,AGT-00010,29.01,72,False,False,4
INC-03981,2025-04-21 15:57:00,2025-04-22 03:13:08.291944,P2-High,Software,AGT-00008,11.27,8,True,False,2
INC-03982,2025-02-02 08:07:00,2025-02-02 20:21:31.743500,P2-High,Software,AGT-00003,12.24,8,True,False,3
INC-03983,2025-05-09 07:14:00,2025-05-11 02:26:59.233954,P3-Medium,Access Management,AGT-00008,43.22,24,True,True,2
INC-03984,2025-05-15 21:03:00,2025-05-17 00:34:48.429607,P4-Low,Software,AGT-00002,27.53,72,False,False,4
INC-03985,2025-03-19 17:10:00,2025-03-20 13:06:35.001979,P3-Medium,Software,AGT-00008,19.94,24,False,False,5
INC-03986,2025-05-12 08:42:00,2025-05-12 09:12:00.000000,P2-High,Software,AGT-00007,0.5,8,False,False,3
INC-03987,2025-01-25 12:09:00,2025-01-28 01:12:46.739259,P4-Low,Access Management,AGT-00008,61.06,72,False,False,4
INC-03988,2025-03-18 22:45:00,2025-03-20 13:47:09.578532,P4-Low,Software,AGT-00001,39.04,72,False,False,5
INC-03989,2025-02-25 15:57:00,2025-03-01 08:25:08.097227,P4-Low,Network,AGT-00012,88.47,72,True,False,3
INC-03990,2025-01-10 10:55:00,2025-01-11 21:25:27.722159,P4-Low,Access Management,AGT-00005,34.51,72,False,True,3
INC-03991,2025-03-05 10:51:00,2025-03-05 11:26:16.293722,P2-High,Network,AGT-00009,0.59,8,False,False,4
INC-03992,2025-05-13 12:25:00,2025-05-13 14:28:26.901067,P1-Critical,Software,AGT-00003,2.06,4,False,False,5
INC-03993,2025-04-02 15:41:00,2025-04-02 17:52:45.952189,P3-Medium,Hardware,AGT-00008,2.2,24,False,False,3
INC-03994,2025-04-11 02:12:00,2025-04-13 19:13:19.160725,P4-Low,Access Management,AGT-00002,65.02,72,False,False,5
INC-03995,2025-06-21 16:49:00,2025-06-21 18:17:45.608268,P3-Medium,Network,AGT-00007,1.48,24,False,False,5
INC-03996,2025-01-08 21:48:00,2025-01-09 16:01:39.578338,P3-Medium,Software,AGT-00012,18.23,24,False,False,4
INC-03997,2025-04-29 01:22:00,2025-04-29 09:48:37.548970,P4-Low,Hardware,AGT-00005,8.44,72,False,False,3
INC-03998,2025-04-12 15:15:00,2025-04-14 10:50:38.558073,P4-Low,Access Management,AGT-00015,43.59,72,False,False,2
INC-03999,2025-01-08 12:47:00,2025-01-11 23:39:03.227218,P4-Low,Hardware,AGT-00005,82.87,72,True,False,2
INC-04000,2025-01-17 10:03:00,2025-01-17 13:46:16.664818,P1-Critical,Network,AGT-00005,3.72,4,False,False,3
INC-04001,2025-04-14 10:34:00,2025-04-14 14:02:39.980577,P2-High,Hardware,AGT-00011,3.48,8,False,False,3
INC-04002,2025-02-19 14:41:00,2025-02-21 16:03:33.348796,P4-Low,Software,AGT-00006,49.38,72,False,False,4
INC-04003,2025-02-17 08:54:00,2025-02-18 03:02:38.885915,P3-Medium,Network,AGT-00007,18.14,24,False,False,5
INC-04004,2025-03-28 16:22:00,2025-03-31 03:49:09.384901,P4-Low,Network,AGT-00004,59.45,72,False,False,5
INC-04005,2025-04-18 16:13:00,2025-04-18 17:55:57.584623,P2-High,Access Management,AGT-00013,1.72,8,False,False,4
INC-04006,2025-05-19 13:13:00,2025-05-19 21:47:26.347650,P2-High,Access Management,AGT-00005,8.57,8,True,False,2
INC-04007,2025-02-07 21:34:00,2025-02-07 22:04:00.000000,P3-Medium,Software,AGT-00007,0.5,24,False,True,3
INC-04008,2025-03-21 11:57:00,2025-03-21 16:14:43.454640,P2-High,Hardware,AGT-00004,4.3,8,False,False,4
INC-04009,2025-04-11 09:49:00,2025-04-11 23:54:37.713337,P3-Medium,Email/Comm,AGT-00003,14.09,24,False,False,1
INC-04010,2025-02-13 13:30:00,2025-02-13 22:12:59.918008,P2-High,Software,AGT-00003,8.72,8,True,False,1
INC-04011,2025-01-29 16:17:00,2025-01-30 10:27:51.768557,P3-Medium,Hardware,AGT-00006,18.18,24,False,False,2
INC-04012,2025-02-24 15:57:00,2025-02-24 22:42:19.784049,P3-Medium,Software,AGT-00008,6.76,24,False,False,4
INC-04013,2025-01-08 18:56:00,2025-01-09 05:03:12.197976,P3-Medium,Network,AGT-00004,10.12,24,False,False,2
INC-04014,2025-03-27 10:45:00,2025-03-28 06:20:21.984275,P3-Medium,Software,AGT-00009,19.59,24,False,False,4
INC-04015,2025-05-09 22:24:00,2025-05-10 15:46:02.860554,P3-Medium,Hardware,AGT-00009,17.37,24,False,False,3
INC-04016,2025-03-01 12:05:00,2025-03-03 02:30:03.064106,P4-Low,Access Management,AGT-00011,38.42,72,False,False,5
INC-04017,2025-06-11 15:17:00,2025-06-11 20:06:01.494252,P2-High,Access Management,AGT-00008,4.82,8,False,False,5
INC-04018,2025-01-03 09:00:00,2025-01-04 08:34:09.638318,P3-Medium,Software,AGT-00005,23.57,24,False,False,2
INC-04019,2025-05-08 16:14:00,2025-05-10 07:52:46.134753,P4-Low,Software,AGT-00002,39.65,72,False,False,4
INC-04020,2025-06-26 07:54:00,2025-06-27 01:11:42.972172,P3-Medium,Email/Comm,AGT-00008,17.3,24,False,False,5
INC-04021,2025-05-16 09:23:00,2025-05-17 20:44:34.173737,P3-Medium,Access Management,AGT-00004,35.36,24,True,False,4
INC-04022,2025-04-26 01:50:00,2025-04-26 23:21:34.850144,P4-Low,Hardware,AGT-00008,21.53,72,False,False,3
INC-04023,2025-06-24 20:23:00,2025-06-25 09:20:47.323327,P4-Low,Software,AGT-00001,12.96,72,False,True,2
INC-04024,2025-01-05 09:52:00,2025-01-05 19:06:33.229776,P2-High,Access Management,AGT-00010,9.24,8,True,False,2
INC-04025,2025-04-29 03:44:00,2025-04-29 16:18:15.079835,P3-Medium,Access Management,AGT-00014,12.57,24,False,False,5
INC-04026,2025-03-27 18:07:00,2025-03-29 13:45:06.898003,P4-Low,Hardware,AGT-00008,43.64,72,False,False,3
INC-04027,2025-04-10 11:21:00,2025-04-11 21:43:36.740775,P4-Low,Hardware,AGT-00007,34.38,72,False,False,5
INC-04028,2025-06-28 15:22:00,2025-06-30 12:10:14.389865,P4-Low,Access Management,AGT-00005,44.8,72,False,False,2
INC-04029,2025-01-29 11:59:00,2025-01-30 18:46:17.897628,P3-Medium,Software,AGT-00015,30.79,24,True,False,5
INC-04030,2025-04-25 09:19:00,2025-04-28 03:21:33.249021,P4-Low,Access Management,AGT-00007,66.04,72,False,False,4
INC-04031,2025-03-01 10:07:00,2025-03-02 11:00:52.037142,P3-Medium,Access Management,AGT-00007,24.9,24,True,False,3
INC-04032,2025-05-12 14:45:00,2025-05-12 21:25:12.660793,P3-Medium,Access Management,AGT-00004,6.67,24,False,False,5
INC-04033,2025-04-30 13:06:00,2025-05-01 16:04:36.930968,P4-Low,Network,AGT-00005,26.98,72,False,False,5
INC-04034,2025-01-20 16:15:00,2025-01-20 16:45:00.000000,P3-Medium,Software,AGT-00005,0.5,24,False,True,3
INC-04035,2025-05-24 10:44:00,2025-05-25 20:32:44.580882,P4-Low,Email/Comm,AGT-00006,33.81,72,False,False,3
INC-04036,2025-03-04 10:22:00,2025-03-05 12:01:13.051768,P3-Medium,Access Management,AGT-00012,25.65,24,True,False,3
INC-04037,2025-02-24 12:43:00,2025-02-27 01:03:20.149134,P4-Low,Access Management,AGT-00002,60.34,72,False,False,4
INC-04038,2025-05-23 08:13:00,2025-05-24 00:26:40.418027,P3-Medium,Software,AGT-00005,16.23,24,False,True,2
INC-04039,2025-05-01 07:05:00,2025-05-03 08:38:14.379572,P4-Low,Software,AGT-00007,49.55,72,False,False,4
INC-04040,2025-05-15 18:29:00,2025-05-17 06:42:20.240935,P4-Low,Access Management,AGT-00001,36.22,72,False,False,4
INC-04041,2025-01-01 12:36:00,2025-01-02 08:14:17.055813,P3-Medium,Software,AGT-00001,19.64,24,False,False,5
INC-04042,2025-03-07 11:41:00,2025-03-07 20:51:50.066321,P2-High,Hardware,AGT-00004,9.18,8,True,False,1
INC-04043,2025-05-28 12:51:00,2025-05-28 17:55:22.460523,P3-Medium,Software,AGT-00001,5.07,24,False,False,5
INC-04044,2025-06-21 13:34:00,2025-06-22 09:57:49.853410,P3-Medium,Email/Comm,AGT-00002,20.4,24,False,False,5
INC-04045,2025-06-21 12:18:00,2025-06-24 08:56:55.310709,P4-Low,Network,AGT-00005,68.65,72,False,False,5
INC-04046,2025-05-24 13:07:00,2025-05-25 03:47:45.111678,P3-Medium,Software,AGT-00001,14.68,24,False,False,3
INC-04047,2025-06-16 16:35:00,2025-06-17 01:32:08.827713,P2-High,Email/Comm,AGT-00002,8.95,8,True,False,2
INC-04048,2025-05-30 06:26:00,2025-05-30 22:47:04.646000,P2-High,Network,AGT-00005,16.35,8,True,False,2
INC-04049,2025-02-22 13:13:00,2025-02-22 16:00:28.731890,P1-Critical,Software,AGT-00004,2.79,4,False,False,4
INC-04050,2025-06-21 13:06:00,2025-06-22 10:14:47.243040,P3-Medium,Network,AGT-00003,21.15,24,False,False,1
INC-04051,2025-01-03 17:47:00,2025-01-03 19:18:25.988998,P1-Critical,Software,AGT-00009,1.52,4,False,False,5
INC-04052,2025-01-16 13:32:00,2025-01-17 08:59:00.033483,P3-Medium,Access Management,AGT-00005,19.45,24,False,False,4
INC-04053,2025-05-29 09:02:00,2025-05-30 06:42:55.822799,P3-Medium,Access Management,AGT-00009,21.68,24,False,False,5
INC-04054,2025-05-12 09:32:00,2025-05-14 15:25:48.648499,P4-Low,Network,AGT-00015,53.9,72,False,False,3
INC-04055,2025-05-19 12:26:00,2025-05-19 22:16:32.774792,P3-Medium,Software,AGT-00008,9.84,24,False,False,3
INC-04056,2025-03-15 15:17:00,2025-03-16 10:56:03.219014,P3-Medium,Network,AGT-00005,19.65,24,False,False,4
INC-04057,2025-06-23 10:49:00,2025-06-24 16:30:51.243035,P3-Medium,Software,AGT-00004,29.7,24,True,False,1
INC-04058,2025-05-03 13:00:00,2025-05-03 21:04:12.810633,P2-High,Email/Comm,AGT-00003,8.07,8,True,False,3
INC-04059,2025-02-08 06:27:00,2025-02-08 16:19:01.038582,P2-High,Hardware,AGT-00002,9.87,8,True,False,2
INC-04060,2025-04-10 15:57:00,2025-04-12 13:12:35.138159,P4-Low,Hardware,AGT-00002,45.26,72,False,False,3
INC-04061,2025-01-03 14:45:00,2025-01-06 07:44:52.817239,P4-Low,Email/Comm,AGT-00002,65.0,72,False,False,5
INC-04062,2025-01-11 16:14:00,2025-01-12 12:28:02.913741,P3-Medium,Access Management,AGT-00003,20.23,24,False,False,4
INC-04063,2025-04-13 16:23:00,2025-04-14 02:46:33.770985,P3-Medium,Software,AGT-00003,10.39,24,False,False,3
INC-04064,2025-06-01 23:03:00,2025-06-02 19:35:53.404938,P3-Medium,Software,AGT-00007,20.55,24,False,False,4
INC-04065,2025-04-15 14:13:00,2025-04-16 20:22:57.840232,P4-Low,Hardware,AGT-00008,30.17,72,False,False,4
INC-04066,2025-05-17 21:44:00,2025-05-18 02:01:05.708536,P2-High,Email/Comm,AGT-00002,4.28,8,False,False,5
INC-04067,2025-02-26 12:11:00,2025-02-28 17:58:11.638125,P4-Low,Hardware,AGT-00002,53.79,72,False,False,5
INC-04068,2025-05-01 17:46:00,2025-05-02 01:18:25.277845,P2-High,Network,AGT-00011,7.54,8,False,False,5
INC-04069,2025-06-17 09:59:00,2025-06-17 10:36:17.526251,P1-Critical,Software,AGT-00003,0.62,4,False,False,3
INC-04070,2025-02-20 15:40:00,2025-02-21 18:05:54.790210,P3-Medium,Hardware,AGT-00002,26.43,24,True,False,4
INC-04071,2025-06-12 16:05:00,2025-06-13 14:39:33.780815,P3-Medium,Software,AGT-00004,22.58,24,False,False,4
INC-04072,2025-04-29 09:06:00,2025-04-30 21:00:19.552636,P4-Low,Software,AGT-00001,35.91,72,False,False,5
INC-04073,2025-06-23 07:26:00,2025-06-23 13:07:57.557862,P3-Medium,Software,AGT-00014,5.7,24,False,False,4
INC-04074,2025-03-17 11:45:00,2025-03-17 14:27:36.687031,P1-Critical,Email/Comm,AGT-00007,2.71,4,False,False,3
INC-04075,2025-06-20 15:50:00,2025-06-22 08:54:52.052602,P4-Low,Network,AGT-00004,41.08,72,False,False,4
INC-04076,2025-02-07 14:28:00,2025-02-07 21:21:45.569759,P2-High,Hardware,AGT-00003,6.9,8,False,False,5
INC-04077,2025-06-07 09:46:00,2025-06-09 04:30:15.600397,P4-Low,Software,AGT-00006,42.74,72,False,False,4
INC-04078,2025-02-26 14:39:00,2025-02-26 16:35:25.242411,P3-Medium,Software,AGT-00006,1.94,24,False,False,4
INC-04079,2025-06-23 09:44:00,2025-06-25 03:57:59.020442,P4-Low,Software,AGT-00012,42.23,72,False,False,3
INC-04080,2025-06-22 11:22:00,2025-06-22 16:47:49.199201,P2-High,Software,AGT-00009,5.43,8,False,False,5
INC-04081,2025-01-03 11:27:00,2025-01-04 10:31:09.437513,P3-Medium,Access Management,AGT-00002,23.07,24,False,False,5
INC-04082,2025-04-14 14:14:00,2025-04-15 02:38:51.849371,P3-Medium,Software,AGT-00009,12.41,24,False,False,4
INC-04083,2025-05-28 15:27:00,2025-05-29 22:52:45.830593,P3-Medium,Access Management,AGT-00011,31.43,24,True,False,2
INC-04084,2025-01-01 09:21:00,2025-01-01 12:03:24.752141,P3-Medium,Software,AGT-00013,2.71,24,False,False,2
INC-04085,2025-04-01 13:25:00,2025-04-02 17:54:21.623937,P3-Medium,Network,AGT-00001,28.49,24,True,False,3
INC-04086,2025-02-28 14:16:00,2025-03-01 06:28:19.613639,P3-Medium,Software,AGT-00015,16.21,24,False,False,5
INC-04087,2025-03-24 17:18:00,2025-03-25 18:10:36.044323,P3-Medium,Hardware,AGT-00006,24.88,24,True,False,2
INC-04088,2025-01-15 13:13:00,2025-01-16 07:51:18.282741,P3-Medium,Software,AGT-00001,18.64,24,False,True,2
INC-04089,2025-04-30 21:24:00,2025-05-03 22:11:27.998594,P4-Low,Network,AGT-00002,72.79,72,True,False,1
INC-04090,2025-06-18 17:13:00,2025-06-19 08:07:03.975421,P3-Medium,Network,AGT-00009,14.9,24,False,False,5
INC-04091,2025-05-10 12:36:00,2025-05-10 15:15:17.382643,P2-High,Access Management,AGT-00003,2.65,8,False,False,5
INC-04092,2025-05-29 08:38:00,2025-05-30 13:59:50.523473,P3-Medium,Software,AGT-00010,29.36,24,True,True,2
INC-04093,2025-04-24 09:54:00,2025-04-25 02:59:31.757399,P3-Medium,Access Management,AGT-00008,17.09,24,False,False,4
INC-04094,2025-05-23 19:40:00,2025-05-24 15:26:20.884040,P3-Medium,Access Management,AGT-00010,19.77,24,False,False,4
INC-04095,2025-03-13 07:27:00,2025-03-14 11:19:40.855124,P3-Medium,Software,AGT-00007,27.88,24,True,False,3
INC-04096,2025-01-25 20:18:00,2025-01-26 06:02:39.689028,P3-Medium,Network,AGT-00002,9.74,24,False,False,5
INC-04097,2025-01-28 01:22:00,2025-01-29 00:07:50.137852,P3-Medium,Software,AGT-00014,22.76,24,False,False,5
INC-04098,2025-03-18 09:31:00,2025-03-18 22:47:51.031014,P3-Medium,Software,AGT-00014,13.28,24,False,False,4
INC-04099,2025-01-15 16:50:00,2025-01-17 16:11:23.806394,P4-Low,Software,AGT-00009,47.36,72,False,False,5
INC-04100,2025-03-26 11:22:00,2025-03-26 18:07:10.714964,P2-High,Email/Comm,AGT-00001,6.75,8,False,False,2
INC-04101,2025-04-26 12:37:00,2025-04-26 13:51:57.204546,P2-High,Software,AGT-00013,1.25,8,False,False,5
INC-04102,2025-03-09 10:38:00,2025-03-09 22:24:09.493167,P3-Medium,Email/Comm,AGT-00003,11.77,24,False,False,4
INC-04103,2025-03-24 06:15:00,2025-03-25 11:03:30.899301,P3-Medium,Software,AGT-00004,28.81,24,True,True,4
INC-04104,2025-04-11 17:40:00,2025-04-12 18:45:22.306231,P3-Medium,Access Management,AGT-00004,25.09,24,True,False,4
INC-04105,2025-05-16 11:21:00,2025-05-17 04:50:55.980173,P3-Medium,Access Management,AGT-00004,17.5,24,False,False,2
INC-04106,2025-03-02 12:04:00,2025-03-04 18:55:44.889013,P4-Low,Software,AGT-00004,54.86,72,False,True,4
INC-04107,2025-03-16 11:00:00,2025-03-16 16:28:12.544429,P2-High,Access Management,AGT-00004,5.47,8,False,False,4
INC-04108,2025-03-12 12:47:00,2025-03-13 00:01:52.950661,P2-High,Software,AGT-00003,11.25,8,True,False,1
INC-04109,2025-02-15 08:21:00,2025-02-16 00:44:49.845760,P3-Medium,Network,AGT-00001,16.4,24,False,True,5
INC-04110,2025-03-22 22:35:00,2025-03-23 18:26:17.052253,P3-Medium,Access Management,AGT-00004,19.85,24,False,False,5
INC-04111,2025-06-13 05:50:00,2025-06-14 09:00:05.668151,P3-Medium,Access Management,AGT-00007,27.17,24,True,False,1
INC-04112,2025-02-03 18:26:00,2025-02-04 06:12:51.701236,P3-Medium,Hardware,AGT-00002,11.78,24,False,False,4
INC-04113,2025-03-22 16:49:00,2025-03-22 22:56:03.282128,P1-Critical,Access Management,AGT-00006,6.12,4,True,False,1
INC-04114,2025-05-13 00:56:00,2025-05-13 06:41:22.711399,P3-Medium,Access Management,AGT-00002,5.76,24,False,False,2
INC-04115,2025-01-25 22:05:00,2025-01-29 08:40:34.233440,P4-Low,Access Management,AGT-00012,82.59,72,True,False,2
INC-04116,2025-06-03 10:36:00,2025-06-04 01:37:06.943182,P3-Medium,Email/Comm,AGT-00011,15.02,24,False,False,2
INC-04117,2025-01-10 19:21:00,2025-01-12 16:29:45.690157,P4-Low,Software,AGT-00008,45.15,72,False,False,2
INC-04118,2025-05-28 11:28:00,2025-05-28 23:39:59.267675,P4-Low,Access Management,AGT-00002,12.2,72,False,False,4
INC-04119,2025-01-03 14:39:00,2025-01-04 05:00:41.912140,P3-Medium,Network,AGT-00001,14.36,24,False,False,4
INC-04120,2025-05-23 19:50:00,2025-05-23 22:41:38.437709,P2-High,Network,AGT-00011,2.86,8,False,False,5
INC-04121,2025-06-03 11:09:00,2025-06-03 12:56:04.946313,P1-Critical,Email/Comm,AGT-00008,1.78,4,False,False,3
INC-04122,2025-05-28 10:08:00,2025-05-30 09:23:13.610463,P4-Low,Network,AGT-00002,47.25,72,False,True,5
INC-04123,2025-01-14 21:52:00,2025-01-17 19:01:20.996242,P4-Low,Access Management,AGT-00001,69.16,72,False,False,5
INC-04124,2025-05-14 13:24:00,2025-05-14 20:37:35.802228,P2-High,Email/Comm,AGT-00005,7.23,8,False,False,4
INC-04125,2025-06-26 20:11:00,2025-06-27 16:38:41.087618,P3-Medium,Software,AGT-00001,20.46,24,False,False,5
INC-04126,2025-01-16 23:37:00,2025-01-17 08:51:09.041601,P3-Medium,Access Management,AGT-00007,9.24,24,False,False,4
INC-04127,2025-02-13 07:35:00,2025-02-13 11:00:02.498471,P2-High,Hardware,AGT-00008,3.42,8,False,False,5
INC-04128,2025-02-03 18:45:00,2025-02-04 07:32:43.935231,P2-High,Network,AGT-00002,12.8,8,True,False,1
INC-04129,2025-02-20 06:20:00,2025-02-20 18:27:06.210199,P3-Medium,Access Management,AGT-00014,12.12,24,False,False,5
INC-04130,2025-02-04 06:50:00,2025-02-05 14:04:58.797659,P3-Medium,Software,AGT-00008,31.25,24,True,False,1
INC-04131,2025-05-23 14:32:00,2025-05-24 06:35:19.837472,P3-Medium,Software,AGT-00007,16.06,24,False,False,5
INC-04132,2025-06-30 11:06:00,2025-07-02 13:08:44.731402,P4-Low,Access Management,AGT-00012,50.05,72,False,False,4
INC-04133,2025-03-30 08:04:00,2025-03-31 10:37:46.516615,P3-Medium,Email/Comm,AGT-00004,26.56,24,True,False,1
INC-04134,2025-04-14 17:49:00,2025-04-15 04:46:05.844516,P2-High,Software,AGT-00006,10.95,8,True,False,3
INC-04135,2025-04-15 18:56:00,2025-04-16 12:02:48.598264,P3-Medium,Network,AGT-00003,17.11,24,False,False,2
INC-04136,2025-05-22 18:17:00,2025-05-23 09:10:38.600059,P3-Medium,Email/Comm,AGT-00003,14.89,24,False,False,3
INC-04137,2025-04-14 00:43:00,2025-04-14 18:16:09.491083,P3-Medium,Access Management,AGT-00001,17.55,24,False,False,5
INC-04138,2025-02-03 15:29:00,2025-02-06 00:14:32.942033,P4-Low,Email/Comm,AGT-00001,56.76,72,False,False,4
INC-04139,2025-05-20 20:22:00,2025-05-21 21:29:49.546182,P3-Medium,Hardware,AGT-00007,25.13,24,True,False,1
INC-04140,2025-03-20 08:39:00,2025-03-21 02:41:01.819939,P3-Medium,Software,AGT-00003,18.03,24,False,False,3
INC-04141,2025-04-24 19:11:00,2025-04-25 18:08:03.925383,P3-Medium,Email/Comm,AGT-00015,22.95,24,False,False,3
INC-04142,2025-04-10 14:56:00,2025-04-14 01:42:01.900724,P4-Low,Software,AGT-00005,82.77,72,True,False,2
INC-04143,2025-03-15 12:33:00,2025-03-15 16:18:45.429208,P1-Critical,Software,AGT-00012,3.76,4,False,False,4
INC-04144,2025-05-13 10:58:00,2025-05-14 07:27:35.602253,P3-Medium,Hardware,AGT-00008,20.49,24,False,True,5
INC-04145,2025-04-25 21:05:00,2025-04-26 16:42:18.420594,P4-Low,Software,AGT-00007,19.62,72,False,False,4
INC-04146,2025-01-03 16:19:00,2025-01-03 16:49:00.000000,P2-High,Access Management,AGT-00004,0.5,8,False,False,2
INC-04147,2025-06-11 23:43:00,2025-06-14 09:29:03.052505,P4-Low,Software,AGT-00006,57.77,72,False,False,4
INC-04148,2025-05-08 16:52:00,2025-05-08 23:02:05.214686,P2-High,Software,AGT-00002,6.17,8,False,False,1
INC-04149,2025-02-03 09:45:00,2025-02-03 14:26:53.738296,P2-High,Software,AGT-00014,4.7,8,False,False,3
INC-04150,2025-03-29 17:24:00,2025-03-30 13:20:53.669881,P3-Medium,Email/Comm,AGT-00003,19.95,24,False,False,1
INC-04151,2025-03-21 14:56:00,2025-03-22 08:27:00.372599,P3-Medium,Access Management,AGT-00011,17.52,24,False,False,3
INC-04152,2025-02-08 00:23:00,2025-02-09 03:24:20.071218,P3-Medium,Access Management,AGT-00003,27.02,24,True,False,4
INC-04153,2025-01-31 13:23:00,2025-02-01 08:04:19.993006,P3-Medium,Access Management,AGT-00002,18.69,24,False,False,1
INC-04154,2025-06-19 08:09:00,2025-06-19 20:10:28.609390,P3-Medium,Access Management,AGT-00002,12.02,24,False,False,5
INC-04155,2025-05-29 09:16:00,2025-05-29 19:13:56.094611,P2-High,Software,AGT-00012,9.97,8,True,False,1
INC-04156,2025-06-14 17:17:00,2025-06-14 23:01:24.148456,P2-High,Access Management,AGT-00013,5.74,8,False,False,5
INC-04157,2025-03-09 15:51:00,2025-03-10 14:03:44.256490,P3-Medium,Access Management,AGT-00006,22.21,24,False,False,4
INC-04158,2025-05-20 08:55:00,2025-05-20 23:05:50.571662,P3-Medium,Access Management,AGT-00005,14.18,24,False,False,5
INC-04159,2025-02-07 09:13:00,2025-02-07 13:26:32.181243,P2-High,Network,AGT-00014,4.23,8,False,False,5
INC-04160,2025-05-09 07:00:00,2025-05-11 10:41:00.112573,P4-Low,Email/Comm,AGT-00006,51.68,72,False,False,5
INC-04161,2025-04-15 10:29:00,2025-04-16 04:35:09.464934,P3-Medium,Network,AGT-00003,18.1,24,False,False,4
INC-04162,2025-04-03 12:28:00,2025-04-06 00:03:47.546546,P4-Low,Access Management,AGT-00008,59.6,72,False,False,5
INC-04163,2025-06-29 10:33:00,2025-07-01 07:10:37.505762,P4-Low,Access Management,AGT-00004,44.63,72,False,False,2
INC-04164,2025-02-08 10:18:00,2025-02-08 13:36:32.838227,P3-Medium,Email/Comm,AGT-00011,3.31,24,False,False,2
INC-04165,2025-04-30 22:43:00,2025-05-01 13:15:16.112153,P3-Medium,Hardware,AGT-00001,14.54,24,False,False,3
INC-04166,2025-03-28 11:35:00,2025-03-28 16:10:15.492963,P1-Critical,Network,AGT-00003,4.59,4,True,False,1
INC-04167,2025-04-23 11:27:00,2025-04-25 07:30:08.922294,P4-Low,Network,AGT-00015,44.05,72,False,False,4
INC-04168,2025-05-07 10:45:00,2025-05-07 13:15:26.039502,P1-Critical,Network,AGT-00006,2.51,4,False,False,4
INC-04169,2025-05-01 10:04:00,2025-05-01 20:01:08.343974,P2-High,Software,AGT-00001,9.95,8,True,False,3
INC-04170,2025-02-18 07:49:00,2025-02-18 20:07:15.171055,P3-Medium,Software,AGT-00004,12.3,24,False,False,2
INC-04171,2025-03-17 15:05:00,2025-03-17 16:11:00.679450,P2-High,Software,AGT-00001,1.1,8,False,False,5
INC-04172,2025-04-10 07:59:00,2025-04-10 13:55:16.047894,P2-High,Software,AGT-00002,5.94,8,False,False,2
INC-04173,2025-04-01 15:19:00,2025-04-03 07:37:59.475510,P4-Low,Software,AGT-00014,40.32,72,False,False,3
INC-04174,2025-01-25 17:43:00,2025-01-25 20:50:05.296371,P2-High,Access Management,AGT-00012,3.12,8,False,False,3
INC-04175,2025-04-26 08:27:00,2025-04-28 06:56:32.751175,P4-Low,Access Management,AGT-00010,46.49,72,False,False,4
INC-04176,2025-06-12 10:18:00,2025-06-12 18:31:12.971155,P2-High,Access Management,AGT-00009,8.22,8,True,False,2
INC-04177,2025-05-22 15:40:00,2025-05-23 09:35:32.489427,P3-Medium,Access Management,AGT-00008,17.93,24,False,False,4
INC-04178,2025-04-14 06:45:00,2025-04-15 03:12:21.054893,P3-Medium,Access Management,AGT-00005,20.46,24,False,False,5
INC-04179,2025-05-08 14:13:00,2025-05-09 03:03:48.937001,P2-High,Software,AGT-00007,12.85,8,True,False,5
INC-04180,2025-05-30 18:58:00,2025-05-31 00:15:59.726344,P2-High,Network,AGT-00013,5.3,8,False,False,2
INC-04181,2025-03-09 13:59:00,2025-03-09 21:27:27.192797,P2-High,Hardware,AGT-00007,7.47,8,False,False,1
INC-04182,2025-05-15 09:25:00,2025-05-15 23:20:34.655157,P3-Medium,Software,AGT-00015,13.93,24,False,False,3
INC-04183,2025-04-28 01:25:00,2025-04-28 12:38:44.840067,P3-Medium,Access Management,AGT-00003,11.23,24,False,False,5
INC-04184,2025-06-22 22:24:00,2025-06-24 12:42:06.648954,P4-Low,Software,AGT-00001,38.3,72,False,False,2
INC-04185,2025-02-16 17:41:00,2025-02-18 10:06:29.382850,P4-Low,Software,AGT-00002,40.42,72,False,False,2
INC-04186,2025-04-17 18:34:00,2025-04-20 03:45:22.257423,P4-Low,Hardware,AGT-00012,57.19,72,False,False,4
INC-04187,2025-02-25 14:12:00,2025-02-27 02:59:33.382657,P3-Medium,Software,AGT-00005,36.79,24,True,False,4
INC-04188,2025-04-21 13:42:00,2025-04-22 01:58:17.949035,P3-Medium,Software,AGT-00007,12.27,24,False,False,5
INC-04189,2025-03-11 13:14:00,2025-03-12 03:54:01.191198,P3-Medium,Email/Comm,AGT-00001,14.67,24,False,False,3
INC-04190,2025-05-14 17:17:00,2025-05-15 10:46:42.057222,P3-Medium,Hardware,AGT-00015,17.5,24,False,False,5
INC-04191,2025-04-21 10:09:00,2025-04-21 18:02:07.065494,P2-High,Email/Comm,AGT-00008,7.89,8,False,False,3
INC-04192,2025-05-23 15:30:00,2025-05-23 19:01:37.565846,P1-Critical,Software,AGT-00003,3.53,4,False,False,1
INC-04193,2025-04-07 09:33:00,2025-04-08 13:49:21.958866,P3-Medium,Access Management,AGT-00002,28.27,24,True,False,3
INC-04194,2025-05-22 17:45:00,2025-05-22 18:15:00.000000,P3-Medium,Software,AGT-00014,0.5,24,False,False,5
INC-04195,2025-02-20 20:13:00,2025-02-20 20:43:00.000000,P2-High,Software,AGT-00005,0.5,8,False,False,4
INC-04196,2025-02-15 12:29:00,2025-02-17 04:33:56.771615,P4-Low,Software,AGT-00006,40.08,72,False,False,4
INC-04197,2025-05-24 11:13:00,2025-05-25 13:59:42.245401,P3-Medium,Software,AGT-00004,26.78,24,True,False,2
INC-04198,2025-03-30 09:52:00,2025-03-30 15:20:29.336690,P3-Medium,Email/Comm,AGT-00001,5.47,24,False,False,1
INC-04199,2025-04-21 17:54:00,2025-04-21 18:24:00.000000,P3-Medium,Software,AGT-00003,0.5,24,False,False,3
INC-04200,2025-04-14 08:55:00,2025-04-15 07:29:09.966899,P3-Medium,Software,AGT-00005,22.57,24,False,True,2
INC-04201,2025-05-15 22:19:00,2025-05-16 05:40:10.081019,P2-High,Software,AGT-00003,7.35,8,False,False,5
INC-04202,2025-01-20 09:37:00,2025-01-20 18:53:41.997884,P3-Medium,Hardware,AGT-00007,9.28,24,False,False,2
INC-04203,2025-04-09 16:58:00,2025-04-10 23:15:21.148748,P4-Low,Software,AGT-00004,30.29,72,False,False,5
INC-04204,2025-06-18 14:05:00,2025-06-19 00:19:31.380875,P3-Medium,Network,AGT-00011,10.24,24,False,False,5
INC-04205,2025-04-27 14:36:00,2025-04-27 21:29:12.745000,P2-High,Software,AGT-00001,6.89,8,False,False,4
INC-04206,2025-06-22 11:02:00,2025-06-23 00:01:22.120046,P3-Medium,Network,AGT-00001,12.99,24,False,False,5
INC-04207,2025-02-14 06:32:00,2025-02-15 04:29:09.040866,P3-Medium,Software,AGT-00002,21.95,24,False,False,4
INC-04208,2025-04-03 14:30:00,2025-04-03 15:00:00.000000,P3-Medium,Network,AGT-00003,0.5,24,False,False,5
INC-04209,2025-06-08 09:49:00,2025-06-08 20:57:42.666284,P3-Medium,Software,AGT-00008,11.15,24,False,False,4
INC-04210,2025-06-08 07:29:00,2025-06-08 10:02:31.720093,P2-High,Software,AGT-00003,2.56,8,False,False,3
INC-04211,2025-01-02 17:37:00,2025-01-04 14:29:23.471157,P4-Low,Access Management,AGT-00012,44.87,72,False,False,3
INC-04212,2025-06-25 13:48:00,2025-06-26 03:29:44.224555,P3-Medium,Software,AGT-00012,13.7,24,False,False,5
INC-04213,2025-03-30 12:30:00,2025-03-31 12:52:57.900861,P3-Medium,Software,AGT-00005,24.38,24,True,False,3
INC-04214,2025-06-28 20:54:00,2025-06-29 09:42:47.752440,P4-Low,Hardware,AGT-00002,12.81,72,False,False,3
INC-04215,2025-05-06 11:31:00,2025-05-07 05:52:50.154518,P3-Medium,Network,AGT-00002,18.36,24,False,False,5
INC-04216,2025-03-09 16:33:00,2025-03-12 05:43:00.222471,P4-Low,Software,AGT-00004,61.17,72,False,False,5
INC-04217,2025-03-09 22:47:00,2025-03-11 07:38:11.446173,P3-Medium,Hardware,AGT-00007,32.85,24,True,False,2
INC-04218,2025-04-24 19:55:00,2025-04-25 10:03:45.140033,P3-Medium,Access Management,AGT-00003,14.15,24,False,False,1
INC-04219,2025-03-03 12:10:00,2025-03-04 08:45:44.407805,P3-Medium,Hardware,AGT-00010,20.6,24,False,False,1
INC-04220,2025-06-06 11:56:00,2025-06-06 15:30:08.751574,P3-Medium,Software,AGT-00009,3.57,24,False,False,4
INC-04221,2025-03-31 10:55:00,2025-03-31 11:25:00.000000,P3-Medium,Network,AGT-00005,0.5,24,False,False,5
INC-04222,2025-02-25 09:34:00,2025-02-26 10:19:29.502023,P3-Medium,Network,AGT-00002,24.76,24,True,False,2
INC-04223,2025-04-15 14:19:00,2025-04-15 20:47:49.940300,P2-High,Access Management,AGT-00002,6.48,8,False,False,4
INC-04224,2025-05-02 09:13:00,2025-05-03 12:38:41.165466,P3-Medium,Hardware,AGT-00010,27.43,24,True,False,3
INC-04225,2025-04-09 09:51:00,2025-04-09 16:51:45.996798,P3-Medium,Software,AGT-00008,7.01,24,False,False,3
INC-04226,2025-02-06 11:33:00,2025-02-06 15:35:23.295405,P1-Critical,Network,AGT-00010,4.04,4,True,False,2
INC-04227,2025-03-16 20:29:00,2025-03-18 05:26:01.953808,P3-Medium,Software,AGT-00002,32.95,24,True,False,2
INC-04228,2025-04-11 18:47:00,2025-04-12 16:08:27.521521,P3-Medium,Email/Comm,AGT-00014,21.36,24,False,True,3
INC-04229,2025-05-27 14:16:00,2025-05-29 21:47:53.868403,P4-Low,Network,AGT-00005,55.53,72,False,False,4
INC-04230,2025-03-14 17:04:00,2025-03-16 19:14:16.037819,P4-Low,Access Management,AGT-00009,50.17,72,False,False,2
INC-04231,2025-05-17 07:55:00,2025-05-17 08:55:06.893640,P2-High,Software,AGT-00001,1.0,8,False,False,2
INC-04232,2025-04-29 12:40:00,2025-04-30 17:30:40.500548,P3-Medium,Software,AGT-00007,28.84,24,True,False,2
INC-04233,2025-01-23 09:13:00,2025-01-24 22:59:58.249934,P4-Low,Access Management,AGT-00001,37.78,72,False,False,4
INC-04234,2025-05-16 13:54:00,2025-05-17 11:56:09.117784,P3-Medium,Hardware,AGT-00014,22.04,24,False,False,5
INC-04235,2025-06-25 08:02:00,2025-06-26 02:46:21.529927,P4-Low,Software,AGT-00009,18.74,72,False,False,4
INC-04236,2025-04-21 16:03:00,2025-04-22 00:36:51.561662,P3-Medium,Access Management,AGT-00005,8.56,24,False,False,4
INC-04237,2025-02-10 14:15:00,2025-02-13 20:57:06.292744,P4-Low,Software,AGT-00014,78.7,72,True,False,2
INC-04238,2025-02-18 12:16:00,2025-02-18 17:33:03.991159,P2-High,Hardware,AGT-00001,5.28,8,False,False,4
INC-04239,2025-06-29 16:13:00,2025-06-30 21:50:34.333710,P3-Medium,Hardware,AGT-00008,29.63,24,True,False,1
INC-04240,2025-06-27 12:00:00,2025-06-28 05:22:26.957019,P3-Medium,Software,AGT-00001,17.37,24,False,False,2
INC-04241,2025-06-14 11:56:00,2025-06-14 12:26:00.000000,P1-Critical,Access Management,AGT-00004,0.5,4,False,True,4
INC-04242,2025-02-22 16:43:00,2025-02-22 21:30:02.886718,P1-Critical,Network,AGT-00005,4.78,4,True,False,2
INC-04243,2025-01-03 09:33:00,2025-01-03 22:49:51.101249,P3-Medium,Software,AGT-00002,13.28,24,False,False,4
INC-04244,2025-03-14 15:00:00,2025-03-14 23:56:43.479050,P2-High,Email/Comm,AGT-00003,8.95,8,True,False,4
INC-04245,2025-06-07 00:07:00,2025-06-07 18:19:06.072985,P3-Medium,Software,AGT-00006,18.2,24,False,False,4
INC-04246,2025-04-10 17:16:00,2025-04-11 12:24:15.487588,P4-Low,Hardware,AGT-00008,19.14,72,False,False,5
INC-04247,2025-06-09 12:17:00,2025-06-10 07:35:51.689243,P3-Medium,Access Management,AGT-00003,19.31,24,False,False,5
INC-04248,2025-03-22 23:37:00,2025-03-26 21:32:28.066235,P4-Low,Software,AGT-00008,93.92,72,True,False,1
INC-04249,2025-04-06 11:54:00,2025-04-06 20:07:31.629377,P2-High,Software,AGT-00005,8.23,8,True,False,2
INC-04250,2025-04-03 08:53:00,2025-04-04 02:25:23.488713,P3-Medium,Software,AGT-00001,17.54,24,False,False,1
INC-04251,2025-04-13 11:14:00,2025-04-13 21:29:49.326865,P2-High,Email/Comm,AGT-00008,10.26,8,True,True,3
INC-04252,2025-04-13 10:00:00,2025-04-15 16:12:48.129495,P4-Low,Email/Comm,AGT-00004,54.21,72,False,False,1
INC-04253,2025-03-12 17:53:00,2025-03-13 13:33:34.585832,P3-Medium,Software,AGT-00010,19.68,24,False,False,3
INC-04254,2025-02-07 18:40:00,2025-02-08 03:56:01.195042,P3-Medium,Email/Comm,AGT-00001,9.27,24,False,False,3
INC-04255,2025-03-16 08:05:00,2025-03-17 03:57:14.823143,P3-Medium,Email/Comm,AGT-00001,19.87,24,False,False,4
INC-04256,2025-04-09 20:08:00,2025-04-10 22:25:00.770393,P3-Medium,Access Management,AGT-00008,26.28,24,True,False,1
INC-04257,2025-05-26 09:03:00,2025-05-26 20:21:41.410020,P3-Medium,Network,AGT-00008,11.31,24,False,False,3
INC-04258,2025-05-13 11:48:00,2025-05-14 17:11:45.479652,P3-Medium,Access Management,AGT-00002,29.4,24,True,False,3
INC-04259,2025-02-08 09:45:00,2025-02-10 09:54:57.166262,P4-Low,Software,AGT-00006,48.17,72,False,False,4
INC-04260,2025-01-22 13:31:00,2025-01-22 16:54:34.104155,P2-High,Access Management,AGT-00004,3.39,8,False,False,4
INC-04261,2025-03-12 18:37:00,2025-03-15 16:34:09.509538,P4-Low,Access Management,AGT-00005,69.95,72,False,False,5
INC-04262,2025-06-15 12:26:00,2025-06-16 04:08:20.326011,P3-Medium,Network,AGT-00004,15.71,24,False,False,5
INC-04263,2025-06-01 05:03:00,2025-06-02 05:07:34.028760,P3-Medium,Network,AGT-00013,24.08,24,True,False,1
INC-04264,2025-03-26 18:16:00,2025-03-27 09:55:57.351391,P3-Medium,Access Management,AGT-00011,15.67,24,False,False,4
INC-04265,2025-03-17 13:18:00,2025-03-17 19:35:26.190592,P2-High,Access Management,AGT-00001,6.29,8,False,False,2
INC-04266,2025-05-27 08:16:00,2025-05-28 06:12:54.533885,P3-Medium,Hardware,AGT-00001,21.95,24,False,False,5
INC-04267,2025-04-16 14:23:00,2025-04-16 17:57:54.458815,P1-Critical,Email/Comm,AGT-00001,3.58,4,False,False,4
INC-04268,2025-03-27 12:04:00,2025-03-27 14:06:08.684723,P3-Medium,Access Management,AGT-00002,2.04,24,False,False,4
INC-04269,2025-03-26 10:49:00,2025-03-26 19:50:48.180285,P3-Medium,Software,AGT-00005,9.03,24,False,False,4
INC-04270,2025-02-16 11:56:00,2025-02-19 08:31:17.518905,P4-Low,Hardware,AGT-00006,68.59,72,False,False,2
INC-04271,2025-05-31 17:15:00,2025-06-01 10:11:34.466240,P3-Medium,Network,AGT-00003,16.94,24,False,False,4
INC-04272,2025-03-26 19:38:00,2025-03-26 21:35:09.134620,P1-Critical,Software,AGT-00008,1.95,4,False,False,4
INC-04273,2025-03-09 20:54:00,2025-03-10 04:01:53.068361,P3-Medium,Software,AGT-00004,7.13,24,False,False,4
INC-04274,2025-04-18 14:31:00,2025-04-18 17:14:15.322352,P2-High,Software,AGT-00003,2.72,8,False,False,3
INC-04275,2025-02-13 16:27:00,2025-02-13 18:16:32.199169,P3-Medium,Hardware,AGT-00001,1.83,24,False,False,4
INC-04276,2025-02-09 20:09:00,2025-02-11 20:07:27.788253,P4-Low,Software,AGT-00002,47.97,72,False,False,4
INC-04277,2025-03-14 17:07:00,2025-03-15 06:19:44.997679,P3-Medium,Network,AGT-00001,13.21,24,False,False,3
INC-04278,2025-01-13 06:18:00,2025-01-13 09:25:00.992574,P2-High,Email/Comm,AGT-00007,3.12,8,False,False,3
INC-04279,2025-03-28 19:23:00,2025-03-29 01:38:41.644843,P2-High,Hardware,AGT-00004,6.26,8,False,False,5
INC-04280,2025-06-19 09:23:00,2025-06-21 18:39:45.885421,P4-Low,Software,AGT-00006,57.28,72,False,False,5
INC-04281,2025-04-17 12:35:00,2025-04-18 23:19:44.100448,P3-Medium,Email/Comm,AGT-00009,34.75,24,True,False,3
INC-04282,2025-05-29 07:32:00,2025-05-30 03:17:44.393791,P4-Low,Hardware,AGT-00010,19.76,72,False,False,5
INC-04283,2025-03-26 15:35:00,2025-03-27 18:51:30.174047,P3-Medium,Network,AGT-00001,27.28,24,True,False,1
INC-04284,2025-02-27 11:24:00,2025-02-28 13:11:05.324957,P3-Medium,Software,AGT-00007,25.78,24,True,False,3
INC-04285,2025-06-21 15:02:00,2025-06-22 02:48:02.129106,P3-Medium,Email/Comm,AGT-00012,11.77,24,False,False,5
INC-04286,2025-06-15 15:05:00,2025-06-17 21:08:52.988730,P4-Low,Email/Comm,AGT-00006,54.06,72,False,True,4
INC-04287,2025-01-28 11:13:00,2025-01-30 04:03:50.406048,P4-Low,Network,AGT-00001,40.85,72,False,False,3
INC-04288,2025-06-25 15:15:00,2025-06-26 10:44:07.831116,P3-Medium,Network,AGT-00008,19.49,24,False,False,5
INC-04289,2025-01-01 15:56:00,2025-01-02 22:00:22.973186,P3-Medium,Software,AGT-00001,30.07,24,True,False,2
INC-04290,2025-01-17 13:39:00,2025-01-18 12:29:41.459500,P3-Medium,Network,AGT-00008,22.84,24,False,False,3
INC-04291,2025-04-16 16:27:00,2025-04-19 04:37:19.802873,P4-Low,Software,AGT-00001,60.17,72,False,False,5
INC-04292,2025-01-03 13:19:00,2025-01-04 03:52:27.091585,P3-Medium,Access Management,AGT-00002,14.56,24,False,False,2
INC-04293,2025-03-16 12:09:00,2025-03-16 18:16:39.168050,P3-Medium,Access Management,AGT-00004,6.13,24,False,False,4
INC-04294,2025-05-24 09:43:00,2025-05-25 02:02:56.115536,P3-Medium,Network,AGT-00005,16.33,24,False,False,5
INC-04295,2025-06-02 17:20:00,2025-06-03 20:59:10.314860,P3-Medium,Software,AGT-00003,27.65,24,True,False,3
INC-04296,2025-03-11 14:10:00,2025-03-11 19:56:57.565730,P3-Medium,Software,AGT-00012,5.78,24,False,False,4
INC-04297,2025-04-09 17:13:00,2025-04-10 02:46:33.426197,P3-Medium,Hardware,AGT-00014,9.56,24,False,False,4
INC-04298,2025-03-26 17:25:00,2025-03-27 12:25:36.510804,P3-Medium,Hardware,AGT-00011,19.01,24,False,False,2
INC-04299,2025-04-07 17:37:00,2025-04-08 03:44:21.942196,P3-Medium,Network,AGT-00002,10.12,24,False,False,5
INC-04300,2025-05-31 11:26:00,2025-06-01 21:34:58.311808,P4-Low,Access Management,AGT-00003,34.15,72,False,False,5
INC-04301,2025-05-18 08:08:00,2025-05-18 13:09:02.657870,P2-High,Access Management,AGT-00008,5.02,8,False,False,5
INC-04302,2025-06-15 08:24:00,2025-06-15 10:07:13.220707,P2-High,Access Management,AGT-00007,1.72,8,False,False,2
INC-04303,2025-05-05 15:49:00,2025-05-06 22:20:03.227072,P4-Low,Hardware,AGT-00002,30.52,72,False,False,5
INC-04304,2025-05-06 20:45:00,2025-05-07 20:22:38.724003,P3-Medium,Network,AGT-00006,23.63,24,False,False,4
INC-04305,2025-03-09 17:20:00,2025-03-10 00:52:27.750272,P3-Medium,Software,AGT-00001,7.54,24,False,False,4
INC-04306,2025-06-19 11:52:00,2025-06-20 05:54:33.206316,P4-Low,Hardware,AGT-00010,18.04,72,False,False,5
INC-04307,2025-05-24 15:03:00,2025-05-25 04:00:35.280589,P3-Medium,Access Management,AGT-00006,12.96,24,False,False,3
INC-04308,2025-05-03 14:16:00,2025-05-06 06:54:20.796181,P4-Low,Network,AGT-00004,64.64,72,False,False,5
INC-04309,2025-02-12 12:23:00,2025-02-13 04:48:28.651930,P3-Medium,Email/Comm,AGT-00013,16.42,24,False,False,3
INC-04310,2025-03-06 08:03:00,2025-03-06 22:20:00.064950,P3-Medium,Network,AGT-00003,14.28,24,False,False,2
INC-04311,2025-01-26 18:08:00,2025-01-27 12:29:17.533368,P3-Medium,Software,AGT-00003,18.35,24,False,False,3
INC-04312,2025-03-30 15:42:00,2025-03-30 19:44:03.625934,P3-Medium,Network,AGT-00015,4.03,24,False,True,3
INC-04313,2025-05-21 10:34:00,2025-05-22 08:31:27.522829,P3-Medium,Network,AGT-00002,21.96,24,False,False,3
INC-04314,2025-05-25 12:59:00,2025-05-25 20:49:31.281396,P2-High,Network,AGT-00002,7.84,8,False,False,4
INC-04315,2025-06-21 14:45:00,2025-06-22 05:28:31.915946,P3-Medium,Hardware,AGT-00012,14.73,24,False,True,3
INC-04316,2025-01-11 20:47:00,2025-01-12 06:48:14.648849,P2-High,Software,AGT-00001,10.02,8,True,False,3
INC-04317,2025-04-04 08:38:00,2025-04-04 11:11:13.549153,P2-High,Access Management,AGT-00001,2.55,8,False,False,3
INC-04318,2025-03-17 13:49:00,2025-03-18 16:50:23.779006,P3-Medium,Access Management,AGT-00010,27.02,24,True,False,3
INC-04319,2025-06-30 08:39:00,2025-06-30 11:57:32.354392,P1-Critical,Access Management,AGT-00005,3.31,4,False,False,2
INC-04320,2025-05-09 17:02:00,2025-05-09 22:21:19.437368,P2-High,Hardware,AGT-00003,5.32,8,False,False,5
INC-04321,2025-04-04 08:02:00,2025-04-05 01:52:27.639301,P3-Medium,Software,AGT-00013,17.84,24,False,False,1
INC-04322,2025-01-28 11:37:00,2025-01-30 11:28:16.936862,P4-Low,Access Management,AGT-00015,47.85,72,False,False,3
INC-04323,2025-04-25 09:53:00,2025-04-28 12:17:20.368542,P4-Low,Access Management,AGT-00001,74.41,72,True,False,2
INC-04324,2025-01-23 08:27:00,2025-01-23 11:10:53.842994,P2-High,Network,AGT-00003,2.73,8,False,False,4
INC-04325,2025-04-16 22:21:00,2025-04-16 23:49:29.861478,P1-Critical,Hardware,AGT-00004,1.47,4,False,False,4
INC-04326,2025-02-08 11:08:00,2025-02-08 21:15:37.416440,P2-High,Software,AGT-00003,10.13,8,True,False,3
INC-04327,2025-02-06 12:20:00,2025-02-07 01:34:08.593867,P3-Medium,Access Management,AGT-00009,13.24,24,False,False,1
INC-04328,2025-06-25 20:35:00,2025-06-28 16:35:38.381568,P4-Low,Email/Comm,AGT-00011,68.01,72,False,False,4
INC-04329,2025-01-19 22:05:00,2025-01-20 04:28:55.939078,P1-Critical,Software,AGT-00001,6.4,4,True,False,1
INC-04330,2025-02-16 22:23:00,2025-02-17 13:10:08.303224,P3-Medium,Access Management,AGT-00007,14.79,24,False,False,3
INC-04331,2025-01-05 14:23:00,2025-01-08 06:00:38.087513,P4-Low,Access Management,AGT-00013,63.63,72,False,False,3
INC-04332,2025-04-18 10:52:00,2025-04-18 19:38:13.662297,P3-Medium,Hardware,AGT-00001,8.77,24,False,False,4
INC-04333,2025-05-16 09:09:00,2025-05-17 09:11:16.318984,P3-Medium,Network,AGT-00001,24.04,24,True,False,2
INC-04334,2025-06-10 20:21:00,2025-06-11 15:56:43.410796,P3-Medium,Access Management,AGT-00010,19.6,24,False,False,4
INC-04335,2025-06-17 19:20:00,2025-06-18 03:29:20.282355,P2-High,Network,AGT-00001,8.16,8,True,False,2
INC-04336,2025-02-26 09:25:00,2025-02-26 11:07:31.881081,P1-Critical,Hardware,AGT-00001,1.71,4,False,False,5
INC-04337,2025-01-02 10:45:00,2025-01-02 11:26:10.348964,P2-High,Software,AGT-00009,0.69,8,False,False,4
INC-04338,2025-05-28 17:57:00,2025-05-29 02:12:40.976016,P2-High,Access Management,AGT-00001,8.26,8,True,False,2
INC-04339,2025-01-09 14:09:00,2025-01-09 22:52:54.973021,P4-Low,Hardware,AGT-00014,8.73,72,False,False,4
INC-04340,2025-01-29 17:21:00,2025-01-31 13:00:10.764559,P4-Low,Access Management,AGT-00005,43.65,72,False,False,5
INC-04341,2025-02-27 18:58:00,2025-02-28 04:45:38.891517,P2-High,Access Management,AGT-00011,9.79,8,True,False,3
INC-04342,2025-05-19 11:33:00,2025-05-20 07:05:06.654793,P3-Medium,Network,AGT-00007,19.54,24,False,False,4
INC-04343,2025-05-07 21:15:00,2025-05-09 06:50:12.268170,P3-Medium,Network,AGT-00007,33.59,24,True,False,3
INC-04344,2025-01-15 15:46:00,2025-01-16 01:51:16.375323,P2-High,Access Management,AGT-00001,10.09,8,True,False,3
INC-04345,2025-02-18 09:41:00,2025-02-18 13:53:40.880307,P2-High,Software,AGT-00009,4.21,8,False,False,4
INC-04346,2025-01-08 13:45:00,2025-01-10 16:17:46.563349,P4-Low,Software,AGT-00007,50.55,72,False,False,5
INC-04347,2025-06-11 10:55:00,2025-06-11 13:49:18.930942,P1-Critical,Software,AGT-00008,2.91,4,False,False,2
INC-04348,2025-04-05 12:42:00,2025-04-05 18:02:33.309216,P3-Medium,Software,AGT-00014,5.34,24,False,False,5
INC-04349,2025-04-11 08:00:00,2025-04-11 18:28:36.511205,P3-Medium,Software,AGT-00006,10.48,24,False,False,5
INC-04350,2025-02-16 12:37:00,2025-02-17 02:07:50.085879,P3-Medium,Network,AGT-00014,13.51,24,False,False,3
INC-04351,2025-06-11 14:50:00,2025-06-11 15:20:00.000000,P1-Critical,Network,AGT-00014,0.5,4,False,False,5
INC-04352,2025-01-06 16:01:00,2025-01-06 22:40:58.417700,P2-High,Software,AGT-00012,6.67,8,False,False,5
INC-04353,2025-06-16 06:17:00,2025-06-18 03:18:06.827185,P4-Low,Software,AGT-00001,45.02,72,False,False,1
INC-04354,2025-02-20 23:31:00,2025-02-21 04:08:00.655642,P3-Medium,Software,AGT-00001,4.62,24,False,False,4
INC-04355,2025-06-21 15:33:00,2025-06-22 12:47:01.330520,P3-Medium,Hardware,AGT-00011,21.23,24,False,False,5
INC-04356,2025-06-21 13:08:00,2025-06-24 05:27:02.837618,P4-Low,Access Management,AGT-00001,64.32,72,False,False,4
INC-04357,2025-04-20 14:49:00,2025-04-22 21:21:26.482478,P4-Low,Network,AGT-00006,54.54,72,False,False,5
INC-04358,2025-02-21 14:38:00,2025-02-22 06:02:26.836554,P3-Medium,Network,AGT-00005,15.41,24,False,False,4
INC-04359,2025-02-12 08:22:00,2025-02-13 07:05:53.533970,P3-Medium,Network,AGT-00007,22.73,24,False,False,5
INC-04360,2025-05-26 20:42:00,2025-05-27 05:34:50.776542,P2-High,Hardware,AGT-00004,8.88,8,True,False,2
INC-04361,2025-01-12 05:22:00,2025-01-13 01:49:33.222808,P3-Medium,Software,AGT-00002,20.46,24,False,False,4
INC-04362,2025-06-13 12:23:00,2025-06-13 23:47:11.167187,P3-Medium,Access Management,AGT-00006,11.4,24,False,False,4
INC-04363,2025-05-11 12:18:00,2025-05-12 08:30:46.102047,P3-Medium,Software,AGT-00005,20.21,24,False,False,4
INC-04364,2025-06-20 15:21:00,2025-06-21 18:54:49.842744,P3-Medium,Email/Comm,AGT-00014,27.56,24,True,False,2
INC-04365,2025-06-01 12:07:00,2025-06-02 01:20:37.083112,P3-Medium,Software,AGT-00007,13.23,24,False,False,2
INC-04366,2025-06-28 11:16:00,2025-06-28 18:27:45.163242,P1-Critical,Network,AGT-00002,7.2,4,True,False,2
INC-04367,2025-01-23 13:37:00,2025-01-23 18:16:37.050232,P2-High,Access Management,AGT-00001,4.66,8,False,False,3
INC-04368,2025-03-04 16:30:00,2025-03-04 23:06:48.328368,P2-High,Network,AGT-00007,6.61,8,False,False,1
INC-04369,2025-05-03 11:15:00,2025-05-03 23:52:12.414835,P3-Medium,Software,AGT-00006,12.62,24,False,False,3
INC-04370,2025-06-22 10:35:00,2025-06-23 06:22:10.200075,P3-Medium,Network,AGT-00002,19.79,24,False,False,3
INC-04371,2025-04-14 14:42:00,2025-04-14 18:45:44.015252,P3-Medium,Network,AGT-00006,4.06,24,False,False,3
INC-04372,2025-02-12 17:08:00,2025-02-13 06:45:53.996194,P3-Medium,Software,AGT-00006,13.63,24,False,False,2
INC-04373,2025-01-03 17:36:00,2025-01-04 02:51:46.909430,P3-Medium,Software,AGT-00003,9.26,24,False,False,4
INC-04374,2025-06-14 14:20:00,2025-06-16 19:02:24.361048,P4-Low,Software,AGT-00011,52.71,72,False,False,4
INC-04375,2025-05-25 07:19:00,2025-05-26 09:16:20.084415,P3-Medium,Access Management,AGT-00010,25.96,24,True,False,4
INC-04376,2025-02-22 10:32:00,2025-02-23 09:42:04.978189,P3-Medium,Hardware,AGT-00007,23.17,24,False,False,2
INC-04377,2025-05-31 08:29:00,2025-05-31 08:59:00.000000,P3-Medium,Software,AGT-00001,0.5,24,False,False,4
INC-04378,2025-06-01 15:23:00,2025-06-03 01:43:11.606004,P3-Medium,Access Management,AGT-00002,34.34,24,True,False,2
INC-04379,2025-02-21 13:26:00,2025-02-22 09:47:44.062290,P3-Medium,Access Management,AGT-00003,20.36,24,False,False,5
INC-04380,2025-05-18 10:01:00,2025-05-19 20:29:12.061885,P4-Low,Email/Comm,AGT-00010,34.47,72,False,False,5
INC-04381,2025-03-11 09:06:00,2025-03-11 16:08:59.811779,P2-High,Email/Comm,AGT-00007,7.05,8,False,False,5
INC-04382,2025-06-01 12:39:00,2025-06-01 16:00:08.566722,P1-Critical,Network,AGT-00005,3.35,4,False,False,3
INC-04383,2025-01-28 18:51:00,2025-01-29 07:30:54.756952,P3-Medium,Network,AGT-00014,12.67,24,False,False,4
INC-04384,2025-06-09 14:13:00,2025-06-10 09:48:00.000019,P3-Medium,Software,AGT-00013,19.58,24,False,False,5
INC-04385,2025-03-24 09:19:00,2025-03-25 23:10:01.995291,P4-Low,Software,AGT-00004,37.85,72,False,False,5
INC-04386,2025-01-10 18:19:00,2025-01-10 23:24:05.038892,P2-High,Network,AGT-00008,5.08,8,False,False,4
INC-04387,2025-03-15 18:56:00,2025-03-16 07:26:35.160890,P3-Medium,Access Management,AGT-00011,12.51,24,False,False,4
INC-04388,2025-03-14 11:10:00,2025-03-14 17:42:19.066855,P3-Medium,Email/Comm,AGT-00013,6.54,24,False,True,3
INC-04389,2025-04-10 14:44:00,2025-04-10 21:44:37.539525,P2-High,Hardware,AGT-00008,7.01,8,False,False,4
INC-04390,2025-01-22 16:15:00,2025-01-23 14:55:56.623772,P3-Medium,Network,AGT-00011,22.68,24,False,False,3
INC-04391,2025-06-09 20:53:00,2025-06-10 19:00:08.647567,P3-Medium,Email/Comm,AGT-00013,22.12,24,False,False,4
INC-04392,2025-03-05 20:33:00,2025-03-06 01:11:23.461819,P1-Critical,Software,AGT-00004,4.64,4,True,False,1
INC-04393,2025-04-11 09:08:00,2025-04-12 05:43:40.998048,P3-Medium,Email/Comm,AGT-00004,20.59,24,False,False,4
INC-04394,2025-02-13 08:40:00,2025-02-13 22:24:17.505651,P3-Medium,Access Management,AGT-00001,13.74,24,False,False,3
INC-04395,2025-03-28 11:42:00,2025-03-28 21:08:19.764692,P2-High,Software,AGT-00013,9.44,8,True,False,2
INC-04396,2025-02-25 15:27:00,2025-02-26 14:17:58.737131,P4-Low,Hardware,AGT-00002,22.85,72,False,False,5
INC-04397,2025-06-02 17:04:00,2025-06-02 18:15:55.166046,P1-Critical,Software,AGT-00015,1.2,4,False,False,4
INC-04398,2025-06-15 14:42:00,2025-06-16 21:24:57.594858,P4-Low,Hardware,AGT-00002,30.72,72,False,False,4
INC-04399,2025-03-19 14:10:00,2025-03-20 00:26:48.706345,P2-High,Network,AGT-00003,10.28,8,True,False,2
INC-04400,2025-02-10 13:58:00,2025-02-10 23:45:59.135278,P2-High,Software,AGT-00007,9.8,8,True,False,2
INC-04401,2025-02-25 17:23:00,2025-02-26 15:16:54.390827,P3-Medium,Hardware,AGT-00009,21.9,24,False,False,4
INC-04402,2025-02-13 11:09:00,2025-02-14 13:43:31.580118,P3-Medium,Network,AGT-00002,26.58,24,True,True,1
INC-04403,2025-03-19 19:09:00,2025-03-19 22:34:21.036942,P2-High,Access Management,AGT-00001,3.42,8,False,False,5
INC-04404,2025-05-09 13:33:00,2025-05-10 10:20:19.539452,P3-Medium,Access Management,AGT-00005,20.79,24,False,False,4
INC-04405,2025-04-29 09:51:00,2025-04-30 02:50:54.976463,P3-Medium,Network,AGT-00006,17.0,24,False,False,3
INC-04406,2025-06-05 21:58:00,2025-06-06 22:44:30.204592,P3-Medium,Access Management,AGT-00003,24.78,24,True,False,5
INC-04407,2025-03-22 09:09:00,2025-03-23 02:13:41.542102,P3-Medium,Software,AGT-00015,17.08,24,False,False,4
INC-04408,2025-05-13 10:08:00,2025-05-13 12:21:48.411203,P1-Critical,Network,AGT-00002,2.23,4,False,False,4
INC-04409,2025-03-02 10:34:00,2025-03-04 23:23:05.413336,P4-Low,Software,AGT-00002,60.82,72,False,False,5
INC-04410,2025-03-06 11:25:00,2025-03-06 16:10:08.418004,P1-Critical,Network,AGT-00012,4.75,4,True,False,1
INC-04411,2025-02-05 10:59:00,2025-02-05 15:08:38.850545,P2-High,Access Management,AGT-00001,4.16,8,False,False,5
INC-04412,2025-01-11 17:30:00,2025-01-12 11:00:41.020665,P3-Medium,Hardware,AGT-00005,17.51,24,False,False,3
INC-04413,2025-06-12 20:42:00,2025-06-12 23:29:43.648016,P2-High,Email/Comm,AGT-00002,2.8,8,False,False,4
INC-04414,2025-04-12 19:19:00,2025-04-12 19:49:00.000000,P3-Medium,Email/Comm,AGT-00005,0.5,24,False,False,4
INC-04415,2025-02-04 07:28:00,2025-02-06 13:28:33.093462,P4-Low,Access Management,AGT-00005,54.01,72,False,False,3
INC-04416,2025-02-25 15:56:00,2025-02-26 14:48:16.474260,P3-Medium,Software,AGT-00001,22.87,24,False,False,5
INC-04417,2025-06-03 15:31:00,2025-06-03 19:02:26.881025,P1-Critical,Software,AGT-00010,3.52,4,False,False,2
INC-04418,2025-03-12 08:22:00,2025-03-12 19:22:31.556322,P4-Low,Access Management,AGT-00002,11.01,72,False,False,2
INC-04419,2025-06-21 09:11:00,2025-06-22 00:22:35.536414,P3-Medium,Software,AGT-00006,15.19,24,False,False,5
INC-04420,2025-03-01 13:20:00,2025-03-01 18:57:58.961276,P4-Low,Email/Comm,AGT-00008,5.63,72,False,False,3
INC-04421,2025-05-11 13:58:00,2025-05-12 18:55:27.391900,P3-Medium,Access Management,AGT-00002,28.96,24,True,False,1
INC-04422,2025-05-21 14:33:00,2025-05-21 23:51:41.628035,P3-Medium,Network,AGT-00011,9.31,24,False,True,5
INC-04423,2025-03-01 10:58:00,2025-03-02 15:00:35.623952,P3-Medium,Network,AGT-00002,28.04,24,True,False,3
INC-04424,2025-03-02 06:05:00,2025-03-02 15:53:37.957510,P2-High,Software,AGT-00004,9.81,8,True,False,3
INC-04425,2025-03-23 09:45:00,2025-03-23 20:32:42.997847,P3-Medium,Software,AGT-00007,10.8,24,False,False,2
INC-04426,2025-06-17 00:30:00,2025-06-17 01:14:03.948351,P1-Critical,Software,AGT-00012,0.73,4,False,False,5
INC-04427,2025-03-14 14:39:00,2025-03-15 11:27:10.662232,P3-Medium,Access Management,AGT-00003,20.8,24,False,False,5
INC-04428,2025-04-17 15:26:00,2025-04-17 18:58:41.517131,P2-High,Hardware,AGT-00004,3.54,8,False,False,2
INC-04429,2025-05-29 11:39:00,2025-05-30 06:28:11.557694,P3-Medium,Network,AGT-00003,18.82,24,False,False,3
INC-04430,2025-02-11 19:37:00,2025-02-12 09:45:14.565385,P3-Medium,Software,AGT-00009,14.14,24,False,False,2
INC-04431,2025-03-25 14:22:00,2025-03-26 04:44:36.594158,P4-Low,Access Management,AGT-00008,14.38,72,False,False,4
INC-04432,2025-06-30 20:06:00,2025-06-30 20:36:00.000000,P2-High,Software,AGT-00001,0.5,8,False,True,4
INC-04433,2025-04-20 09:48:00,2025-04-21 05:36:48.506357,P3-Medium,Network,AGT-00002,19.81,24,False,False,4
INC-04434,2025-01-17 12:31:00,2025-01-19 03:17:07.842264,P4-Low,Hardware,AGT-00001,38.77,72,False,False,5
INC-04435,2025-06-29 12:32:00,2025-06-29 17:05:51.068307,P2-High,Hardware,AGT-00004,4.56,8,False,False,4
INC-04436,2025-06-23 08:40:00,2025-06-26 00:35:02.196415,P4-Low,Network,AGT-00008,63.92,72,False,False,2
INC-04437,2025-05-15 17:41:00,2025-05-16 21:04:15.137567,P3-Medium,Software,AGT-00013,27.39,24,True,False,3
INC-04438,2025-06-24 18:20:00,2025-06-25 10:09:10.712025,P3-Medium,Access Management,AGT-00008,15.82,24,False,False,5
INC-04439,2025-03-23 21:27:00,2025-03-24 02:45:28.456293,P2-High,Email/Comm,AGT-00005,5.31,8,False,False,5
INC-04440,2025-06-05 18:13:00,2025-06-08 06:13:10.298384,P4-Low,Hardware,AGT-00001,60.0,72,False,False,5
INC-04441,2025-02-11 22:03:00,2025-02-12 20:54:40.638982,P4-Low,Email/Comm,AGT-00006,22.86,72,False,False,5
INC-04442,2025-06-22 17:01:00,2025-06-23 12:48:06.807977,P3-Medium,Email/Comm,AGT-00013,19.79,24,False,False,5
INC-04443,2025-04-17 10:23:00,2025-04-17 18:48:53.763245,P2-High,Access Management,AGT-00003,8.43,8,True,False,3
INC-04444,2025-03-19 07:16:00,2025-03-21 22:52:16.575006,P4-Low,Network,AGT-00006,63.6,72,False,True,2
INC-04445,2025-01-17 11:35:00,2025-01-17 12:05:00.000000,P1-Critical,Software,AGT-00015,0.5,4,False,False,4
INC-04446,2025-03-14 13:36:00,2025-03-16 00:22:22.420574,P4-Low,Network,AGT-00009,34.77,72,False,False,5
INC-04447,2025-03-13 09:19:00,2025-03-13 10:33:36.504580,P1-Critical,Software,AGT-00015,1.24,4,False,False,3
INC-04448,2025-01-12 11:04:00,2025-01-13 05:51:56.744287,P3-Medium,Hardware,AGT-00002,18.8,24,False,False,5
INC-04449,2025-06-11 10:12:00,2025-06-12 08:02:45.443897,P3-Medium,Software,AGT-00001,21.85,24,False,False,3
INC-04450,2025-02-04 05:30:00,2025-02-05 11:28:25.259734,P3-Medium,Access Management,AGT-00006,29.97,24,True,False,5
INC-04451,2025-04-02 11:55:00,2025-04-03 01:57:24.994165,P3-Medium,Network,AGT-00003,14.04,24,False,False,4
INC-04452,2025-01-20 15:51:00,2025-01-21 05:52:09.912049,P3-Medium,Software,AGT-00010,14.02,24,False,False,5
INC-04453,2025-05-22 19:52:00,2025-05-23 23:03:50.554144,P3-Medium,Software,AGT-00005,27.2,24,True,False,2
INC-04454,2025-02-25 12:29:00,2025-02-26 08:51:21.415830,P3-Medium,Email/Comm,AGT-00012,20.37,24,False,False,2
INC-04455,2025-05-27 09:29:00,2025-05-27 20:25:12.409041,P2-High,Software,AGT-00006,10.94,8,True,False,3
INC-04456,2025-03-12 11:37:00,2025-03-12 15:11:38.841622,P1-Critical,Software,AGT-00002,3.58,4,False,False,3
INC-04457,2025-01-22 14:50:00,2025-01-22 23:34:35.041381,P3-Medium,Email/Comm,AGT-00011,8.74,24,False,False,5
INC-04458,2025-01-08 12:37:00,2025-01-08 19:57:05.903382,P3-Medium,Software,AGT-00013,7.33,24,False,False,5
INC-04459,2025-01-28 10:31:00,2025-01-28 16:06:16.447227,P3-Medium,Network,AGT-00007,5.59,24,False,False,4
INC-04460,2025-05-19 14:15:00,2025-05-20 13:32:47.092841,P3-Medium,Email/Comm,AGT-00001,23.3,24,False,False,5
INC-04461,2025-06-03 09:15:00,2025-06-03 14:37:37.897126,P1-Critical,Email/Comm,AGT-00011,5.38,4,True,False,2
INC-04462,2025-04-16 09:20:00,2025-04-17 18:07:41.629672,P3-Medium,Hardware,AGT-00001,32.79,24,True,False,4
INC-04463,2025-06-12 07:22:00,2025-06-12 12:03:10.358393,P1-Critical,Email/Comm,AGT-00009,4.69,4,True,False,2
INC-04464,2025-04-02 15:22:00,2025-04-03 18:40:09.751033,P3-Medium,Network,AGT-00013,27.3,24,True,False,3
INC-04465,2025-01-10 12:58:00,2025-01-11 02:19:35.529620,P3-Medium,Hardware,AGT-00014,13.36,24,False,False,4
INC-04466,2025-05-15 13:51:00,2025-05-15 22:35:55.224478,P3-Medium,Software,AGT-00015,8.75,24,False,False,5
INC-04467,2025-01-28 16:02:00,2025-01-29 16:50:02.284774,P3-Medium,Access Management,AGT-00002,24.8,24,True,False,2
INC-04468,2025-01-06 16:39:00,2025-01-07 00:36:42.777478,P2-High,Software,AGT-00014,7.96,8,False,False,5
INC-04469,2025-04-14 07:28:00,2025-04-14 14:20:33.799117,P2-High,Network,AGT-00002,6.88,8,False,False,4
INC-04470,2025-01-06 21:19:00,2025-01-07 18:24:56.298642,P3-Medium,Access Management,AGT-00003,21.1,24,False,False,4
INC-04471,2025-02-08 21:08:00,2025-02-09 04:45:52.137079,P2-High,Software,AGT-00014,7.63,8,False,False,3
INC-04472,2025-05-25 13:30:00,2025-05-28 17:10:34.813909,P4-Low,Software,AGT-00008,75.68,72,True,False,3
INC-04473,2025-01-04 09:10:00,2025-01-07 13:03:58.962107,P4-Low,Software,AGT-00005,75.9,72,True,False,3
INC-04474,2025-01-08 12:08:00,2025-01-09 10:29:13.546147,P3-Medium,Software,AGT-00002,22.35,24,False,False,4
INC-04475,2025-05-04 14:16:00,2025-05-05 15:01:59.122730,P3-Medium,Software,AGT-00015,24.77,24,True,False,3
INC-04476,2025-03-08 17:14:00,2025-03-09 01:31:57.188161,P2-High,Hardware,AGT-00010,8.3,8,True,False,1
INC-04477,2025-05-09 20:36:00,2025-05-10 10:54:38.311717,P3-Medium,Software,AGT-00012,14.31,24,False,False,4
INC-04478,2025-05-16 08:59:00,2025-05-17 09:02:09.062637,P3-Medium,Hardware,AGT-00001,24.05,24,True,False,1
INC-04479,2025-03-04 08:05:00,2025-03-04 09:42:09.362132,P2-High,Software,AGT-00015,1.62,8,False,False,5
INC-04480,2025-02-01 08:23:00,2025-02-02 10:48:52.076706,P3-Medium,Access Management,AGT-00001,26.43,24,True,False,4
INC-04481,2025-04-28 09:46:00,2025-04-28 18:12:37.739335,P3-Medium,Network,AGT-00003,8.44,24,False,False,4
INC-04482,2025-06-26 10:24:00,2025-06-27 06:41:11.134660,P3-Medium,Software,AGT-00003,20.29,24,False,False,2
INC-04483,2025-03-28 09:40:00,2025-03-28 20:54:19.565997,P3-Medium,Network,AGT-00002,11.24,24,False,False,4
INC-04484,2025-04-08 00:06:00,2025-04-10 13:10:04.006781,P4-Low,Network,AGT-00002,61.07,72,False,False,4
INC-04485,2025-02-02 08:43:00,2025-02-03 02:26:42.953493,P3-Medium,Network,AGT-00001,17.73,24,False,False,3
INC-04486,2025-03-04 16:23:00,2025-03-05 10:29:17.571012,P4-Low,Access Management,AGT-00005,18.1,72,False,False,4
INC-04487,2025-02-01 17:06:00,2025-02-02 14:27:56.149373,P3-Medium,Hardware,AGT-00005,21.37,24,False,False,3
INC-04488,2025-03-11 16:26:00,2025-03-13 06:52:29.704068,P4-Low,Software,AGT-00007,38.44,72,False,False,2
INC-04489,2025-04-23 16:56:00,2025-04-24 17:58:57.025559,P3-Medium,Access Management,AGT-00003,25.05,24,True,False,5
INC-04490,2025-04-05 06:06:00,2025-04-06 00:06:38.179836,P3-Medium,Network,AGT-00007,18.01,24,False,False,4
INC-04491,2025-02-16 17:08:00,2025-02-19 03:02:30.310948,P4-Low,Software,AGT-00015,57.91,72,False,False,4
INC-04492,2025-06-27 09:42:00,2025-06-27 20:02:22.014096,P3-Medium,Access Management,AGT-00006,10.34,24,False,False,4
INC-04493,2025-03-28 02:51:00,2025-03-29 17:03:48.079337,P4-Low,Network,AGT-00006,38.21,72,False,False,1
INC-04494,2025-06-25 19:40:00,2025-06-26 09:59:51.207280,P3-Medium,Software,AGT-00001,14.33,24,False,False,5
INC-04495,2025-02-03 10:17:00,2025-02-04 11:08:13.031431,P3-Medium,Access Management,AGT-00011,24.85,24,True,False,2
INC-04496,2025-03-12 13:16:00,2025-03-13 20:41:08.460129,P3-Medium,Hardware,AGT-00010,31.42,24,True,False,1
INC-04497,2025-04-22 00:36:00,2025-04-22 12:09:31.053550,P3-Medium,Hardware,AGT-00001,11.56,24,False,False,4
INC-04498,2025-06-21 12:51:00,2025-06-21 23:07:08.286623,P2-High,Hardware,AGT-00005,10.27,8,True,False,1
INC-04499,2025-05-24 10:41:00,2025-05-24 11:19:33.290369,P3-Medium,Hardware,AGT-00013,0.64,24,False,False,4
INC-04500,2025-01-06 19:16:00,2025-01-07 03:42:47.345249,P3-Medium,Software,AGT-00002,8.45,24,False,True,3
INC-04501,2025-02-20 14:02:00,2025-02-21 00:21:47.180462,P3-Medium,Access Management,AGT-00004,10.33,24,False,False,4
INC-04502,2025-02-26 08:40:00,2025-02-26 15:50:47.749744,P3-Medium,Email/Comm,AGT-00012,7.18,24,False,False,4
INC-04503,2025-04-03 15:57:00,2025-04-03 21:16:52.654374,P3-Medium,Network,AGT-00014,5.33,24,False,False,5
INC-04504,2025-01-15 09:23:00,2025-01-16 06:41:14.368670,P3-Medium,Network,AGT-00004,21.3,24,False,False,5
INC-04505,2025-03-18 09:40:00,2025-03-19 01:57:14.850305,P3-Medium,Email/Comm,AGT-00010,16.29,24,False,False,5
INC-04506,2025-05-23 13:09:00,2025-05-24 10:11:06.875451,P3-Medium,Hardware,AGT-00002,21.04,24,False,False,3
INC-04507,2025-03-09 13:46:00,2025-03-09 22:40:59.955845,P2-High,Access Management,AGT-00007,8.92,8,True,False,4
INC-04508,2025-06-09 10:29:00,2025-06-10 06:36:29.769403,P3-Medium,Software,AGT-00013,20.12,24,False,False,5
INC-04509,2025-05-07 15:18:00,2025-05-08 00:06:07.816019,P2-High,Access Management,AGT-00008,8.8,8,True,False,4
INC-04510,2025-02-28 08:09:00,2025-03-02 08:45:33.675391,P4-Low,Software,AGT-00001,48.61,72,False,False,3
INC-04511,2025-04-11 18:58:00,2025-04-11 19:35:33.647604,P1-Critical,Hardware,AGT-00015,0.63,4,False,False,4
INC-04512,2025-01-08 16:17:00,2025-01-09 18:44:45.048408,P3-Medium,Email/Comm,AGT-00003,26.46,24,True,False,2
INC-04513,2025-01-21 08:24:00,2025-01-22 22:37:03.926440,P4-Low,Hardware,AGT-00004,38.22,72,False,False,2
INC-04514,2025-02-04 15:51:00,2025-02-04 19:04:31.486636,P2-High,Network,AGT-00001,3.23,8,False,False,5
INC-04515,2025-06-23 14:37:00,2025-06-23 20:29:38.234765,P2-High,Software,AGT-00007,5.88,8,False,False,5
INC-04516,2025-04-24 16:57:00,2025-04-26 00:41:37.613811,P4-Low,Email/Comm,AGT-00014,31.74,72,False,False,4
INC-04517,2025-06-28 09:58:00,2025-06-29 00:37:38.004999,P3-Medium,Hardware,AGT-00002,14.66,24,False,False,5
INC-04518,2025-02-04 15:33:00,2025-02-07 00:25:51.882353,P4-Low,Software,AGT-00009,56.88,72,False,False,4
INC-04519,2025-03-30 08:00:00,2025-04-01 16:58:00.605226,P4-Low,Software,AGT-00001,56.97,72,False,False,1
INC-04520,2025-06-10 14:44:00,2025-06-11 01:33:02.494087,P3-Medium,Network,AGT-00003,10.82,24,False,False,5
INC-04521,2025-03-29 09:31:00,2025-03-29 23:36:54.085259,P3-Medium,Access Management,AGT-00015,14.1,24,False,False,5
INC-04522,2025-02-16 00:36:00,2025-02-17 03:11:40.790537,P3-Medium,Network,AGT-00001,26.59,24,True,False,1
INC-04523,2025-04-03 06:39:00,2025-04-04 04:37:16.323391,P3-Medium,Network,AGT-00011,21.97,24,False,False,3
INC-04524,2025-02-03 14:12:00,2025-02-05 00:48:01.873133,P3-Medium,Access Management,AGT-00002,34.6,24,True,False,2
INC-04525,2025-02-10 15:29:00,2025-02-11 02:06:49.614989,P2-High,Hardware,AGT-00003,10.63,8,True,False,5
INC-04526,2025-05-15 08:34:00,2025-05-16 11:43:15.640375,P3-Medium,Access Management,AGT-00008,27.15,24,True,False,1
INC-04527,2025-06-17 14:05:00,2025-06-17 15:43:32.856264,P2-High,Network,AGT-00001,1.64,8,False,False,5
INC-04528,2025-03-13 10:15:00,2025-03-13 19:25:24.640431,P2-High,Software,AGT-00009,9.17,8,True,False,3
INC-04529,2025-03-02 09:52:00,2025-03-03 03:26:30.524111,P3-Medium,Software,AGT-00001,17.58,24,False,False,4
INC-04530,2025-03-31 08:23:00,2025-04-01 23:21:49.310145,P4-Low,Software,AGT-00008,38.98,72,False,False,4
INC-04531,2025-05-22 13:03:00,2025-05-22 20:08:16.993291,P2-High,Network,AGT-00011,7.09,8,False,False,5
INC-04532,2025-03-28 00:50:00,2025-03-30 21:44:15.230492,P4-Low,Hardware,AGT-00001,68.9,72,False,False,2
INC-04533,2025-06-10 13:31:00,2025-06-10 21:46:10.478047,P2-High,Network,AGT-00005,8.25,8,True,False,2
INC-04534,2025-03-28 21:00:00,2025-03-30 05:25:49.886303,P4-Low,Hardware,AGT-00008,32.43,72,False,False,4
INC-04535,2025-04-23 08:15:00,2025-04-23 17:20:54.982311,P2-High,Hardware,AGT-00003,9.1,8,True,False,3
INC-04536,2025-04-20 21:06:00,2025-04-21 09:59:57.478788,P3-Medium,Network,AGT-00002,12.9,24,False,False,2
INC-04537,2025-02-27 14:17:00,2025-03-01 20:37:01.184565,P4-Low,Network,AGT-00003,54.33,72,False,False,3
INC-04538,2025-04-13 08:31:00,2025-04-13 10:54:35.879514,P1-Critical,Email/Comm,AGT-00003,2.39,4,False,False,3
INC-04539,2025-05-27 19:06:00,2025-05-28 00:50:02.285228,P2-High,Hardware,AGT-00012,5.73,8,False,False,5
INC-04540,2025-03-07 22:28:00,2025-03-10 15:47:29.494203,P4-Low,Access Management,AGT-00004,65.32,72,False,False,4
INC-04541,2025-06-28 19:23:00,2025-06-29 05:03:42.420869,P3-Medium,Software,AGT-00006,9.68,24,False,False,4
INC-04542,2025-04-12 14:59:00,2025-04-14 00:32:41.618139,P3-Medium,Email/Comm,AGT-00001,33.56,24,True,False,3
INC-04543,2025-04-25 14:41:00,2025-04-26 04:15:41.803011,P4-Low,Hardware,AGT-00001,13.58,72,False,False,4
INC-04544,2025-01-19 22:17:00,2025-01-21 12:19:47.926806,P4-Low,Hardware,AGT-00005,38.05,72,False,False,5
INC-04545,2025-06-21 14:09:00,2025-06-21 21:56:44.669813,P2-High,Access Management,AGT-00004,7.8,8,False,False,3
INC-04546,2025-03-11 12:18:00,2025-03-11 20:50:42.358497,P2-High,Email/Comm,AGT-00006,8.55,8,True,True,3
INC-04547,2025-04-25 11:50:00,2025-04-25 17:58:54.005921,P2-High,Hardware,AGT-00010,6.15,8,False,False,5
INC-04548,2025-01-13 17:49:00,2025-01-15 18:40:07.869384,P4-Low,Email/Comm,AGT-00002,48.85,72,False,False,5
INC-04549,2025-02-23 22:49:00,2025-02-24 20:06:03.842457,P3-Medium,Email/Comm,AGT-00002,21.28,24,False,False,2
INC-04550,2025-01-19 08:15:00,2025-01-20 00:24:05.199049,P3-Medium,Software,AGT-00002,16.15,24,False,True,4
INC-04551,2025-03-31 17:07:00,2025-04-01 22:15:43.620229,P3-Medium,Software,AGT-00012,29.15,24,True,False,1
INC-04552,2025-01-06 00:34:00,2025-01-07 01:16:53.254490,P3-Medium,Hardware,AGT-00004,24.71,24,True,False,4
INC-04553,2025-05-18 09:41:00,2025-05-21 05:08:23.353272,P4-Low,Hardware,AGT-00005,67.46,72,False,False,4
INC-04554,2025-01-19 17:15:00,2025-01-19 20:22:06.425286,P2-High,Hardware,AGT-00013,3.12,8,False,False,4
INC-04555,2025-04-22 16:34:00,2025-04-23 09:55:53.613377,P3-Medium,Network,AGT-00006,17.36,24,False,False,5
INC-04556,2025-04-23 17:01:00,2025-04-24 08:36:46.580677,P3-Medium,Access Management,AGT-00012,15.6,24,False,False,5
INC-04557,2025-04-07 07:17:00,2025-04-07 17:14:18.680380,P3-Medium,Network,AGT-00003,9.96,24,False,False,3
INC-04558,2025-06-01 07:55:00,2025-06-02 04:47:52.728498,P3-Medium,Email/Comm,AGT-00010,20.88,24,False,False,5
INC-04559,2025-04-23 07:46:00,2025-04-24 23:00:49.505440,P4-Low,Hardware,AGT-00004,39.25,72,False,False,5
INC-04560,2025-04-22 09:05:00,2025-04-23 08:19:35.630300,P3-Medium,Software,AGT-00008,23.24,24,False,False,5
INC-04561,2025-03-25 09:23:00,2025-03-25 18:49:18.482989,P3-Medium,Access Management,AGT-00011,9.44,24,False,False,4
INC-04562,2025-05-08 10:17:00,2025-05-08 22:47:59.911722,P2-High,Network,AGT-00009,12.52,8,True,False,2
INC-04563,2025-06-04 12:30:00,2025-06-05 20:34:24.048581,P4-Low,Software,AGT-00003,32.07,72,False,False,3
INC-04564,2025-02-11 08:45:00,2025-02-12 04:30:15.907311,P3-Medium,Software,AGT-00001,19.75,24,False,False,5
INC-04565,2025-02-10 08:36:00,2025-02-13 02:26:13.870348,P4-Low,Software,AGT-00011,65.84,72,False,False,1
INC-04566,2025-02-05 14:00:00,2025-02-06 03:26:05.555610,P3-Medium,Network,AGT-00012,13.43,24,False,False,3
INC-04567,2025-04-27 20:30:00,2025-04-28 21:19:11.096931,P3-Medium,Email/Comm,AGT-00004,24.82,24,True,False,3
INC-04568,2025-06-16 15:24:00,2025-06-16 23:33:59.512383,P3-Medium,Network,AGT-00014,8.17,24,False,True,3
INC-04569,2025-01-26 11:52:00,2025-01-27 17:29:00.989736,P3-Medium,Access Management,AGT-00006,29.62,24,True,False,2
INC-04570,2025-06-20 21:48:00,2025-06-21 15:54:47.498831,P3-Medium,Software,AGT-00010,18.11,24,False,False,5
INC-04571,2025-03-06 12:25:00,2025-03-08 02:29:18.378626,P4-Low,Access Management,AGT-00004,38.07,72,False,True,4
INC-04572,2025-06-14 08:27:00,2025-06-14 10:51:05.891239,P1-Critical,Software,AGT-00014,2.4,4,False,False,5
INC-04573,2025-03-15 13:34:00,2025-03-18 07:44:42.187396,P4-Low,Network,AGT-00004,66.18,72,False,False,4
INC-04574,2025-04-30 11:47:00,2025-05-01 01:06:27.687595,P3-Medium,Software,AGT-00015,13.32,24,False,False,3
INC-04575,2025-06-27 05:56:00,2025-06-27 17:56:18.498545,P3-Medium,Software,AGT-00006,12.01,24,False,False,4
INC-04576,2025-05-15 11:43:00,2025-05-16 03:56:39.745990,P3-Medium,Access Management,AGT-00003,16.23,24,False,False,2
INC-04577,2025-04-21 09:02:00,2025-04-22 11:29:38.727881,P4-Low,Network,AGT-00004,26.46,72,False,False,5
INC-04578,2025-05-20 15:36:00,2025-05-21 04:28:18.853240,P2-High,Hardware,AGT-00002,12.87,8,True,False,1
INC-04579,2025-01-29 17:32:00,2025-01-31 08:12:19.589433,P4-Low,Access Management,AGT-00001,38.67,72,False,False,1
INC-04580,2025-05-14 12:23:00,2025-05-15 13:02:10.563442,P3-Medium,Software,AGT-00003,24.65,24,True,False,2
INC-04581,2025-03-12 09:38:00,2025-03-12 16:51:59.323054,P2-High,Software,AGT-00003,7.23,8,False,False,3
INC-04582,2025-01-19 20:36:00,2025-01-20 06:43:25.419346,P3-Medium,Email/Comm,AGT-00002,10.12,24,False,False,3
INC-04583,2025-03-03 10:25:00,2025-03-04 04:22:08.504375,P3-Medium,Access Management,AGT-00001,17.95,24,False,False,5
INC-04584,2025-02-22 17:34:00,2025-02-23 17:50:19.280044,P3-Medium,Access Management,AGT-00008,24.27,24,True,False,2
INC-04585,2025-03-06 06:41:00,2025-03-06 23:10:38.073550,P3-Medium,Access Management,AGT-00005,16.49,24,False,False,2
INC-04586,2025-02-01 14:47:00,2025-02-04 16:38:44.132101,P4-Low,Software,AGT-00001,73.86,72,True,False,1
INC-04587,2025-04-19 20:19:00,2025-04-22 18:44:49.108280,P4-Low,Access Management,AGT-00002,70.43,72,False,False,4
INC-04588,2025-06-25 20:18:00,2025-06-28 16:40:41.869535,P4-Low,Software,AGT-00004,68.38,72,False,False,4
INC-04589,2025-04-28 09:30:00,2025-04-28 23:49:21.884959,P3-Medium,Network,AGT-00015,14.32,24,False,False,5
INC-04590,2025-01-02 08:59:00,2025-01-03 13:23:11.343760,P4-Low,Network,AGT-00011,28.4,72,False,False,4
INC-04591,2025-06-08 10:46:00,2025-06-08 15:07:08.796172,P2-High,Access Management,AGT-00008,4.35,8,False,False,5
INC-04592,2025-04-27 08:58:00,2025-04-29 14:53:29.347728,P4-Low,Network,AGT-00014,53.92,72,False,False,5
INC-04593,2025-06-12 10:22:00,2025-06-14 23:16:56.643374,P4-Low,Software,AGT-00006,60.92,72,False,False,4
INC-04594,2025-04-17 15:09:00,2025-04-17 21:43:06.858857,P4-Low,Access Management,AGT-00008,6.57,72,False,True,4
INC-04595,2025-06-04 09:43:00,2025-06-05 03:39:06.339794,P3-Medium,Hardware,AGT-00010,17.94,24,False,False,4
INC-04596,2025-03-24 09:34:00,2025-03-25 04:49:52.969689,P3-Medium,Access Management,AGT-00004,19.26,24,False,False,3
INC-04597,2025-06-02 16:53:00,2025-06-02 22:24:42.942370,P2-High,Software,AGT-00003,5.53,8,False,False,4
INC-04598,2025-05-16 10:48:00,2025-05-19 14:37:31.716409,P4-Low,Network,AGT-00012,75.83,72,True,False,1
INC-04599,2025-06-03 09:55:00,2025-06-04 07:17:27.266138,P3-Medium,Network,AGT-00014,21.37,24,False,False,3
INC-04600,2025-05-25 14:29:00,2025-05-26 01:34:08.418042,P2-High,Software,AGT-00014,11.09,8,True,True,2
INC-04601,2025-01-07 19:00:00,2025-01-07 21:34:05.084253,P1-Critical,Email/Comm,AGT-00002,2.57,4,False,False,2
INC-04602,2025-06-26 09:59:00,2025-06-27 11:28:59.351784,P3-Medium,Hardware,AGT-00003,25.5,24,True,False,4
INC-04603,2025-04-01 10:28:00,2025-04-02 17:32:49.912162,P3-Medium,Software,AGT-00005,31.08,24,True,False,2
INC-04604,2025-03-24 10:59:00,2025-03-25 15:28:36.771339,P3-Medium,Software,AGT-00002,28.49,24,True,False,2
INC-04605,2025-01-28 10:43:00,2025-01-28 13:23:39.015923,P2-High,Email/Comm,AGT-00004,2.68,8,False,False,3
INC-04606,2025-03-10 08:45:00,2025-03-12 05:40:35.322417,P4-Low,Access Management,AGT-00002,44.93,72,False,False,2
INC-04607,2025-02-23 19:53:00,2025-02-24 01:10:30.924711,P2-High,Network,AGT-00007,5.29,8,False,False,4
INC-04608,2025-05-19 22:41:00,2025-05-20 20:35:50.530610,P3-Medium,Software,AGT-00005,21.91,24,False,False,4
INC-04609,2025-02-25 15:53:00,2025-02-28 07:36:37.455961,P4-Low,Access Management,AGT-00005,63.73,72,False,False,5
INC-04610,2025-04-26 20:44:00,2025-04-27 08:01:19.890988,P3-Medium,Software,AGT-00001,11.29,24,False,False,2
INC-04611,2025-04-03 10:42:00,2025-04-04 05:14:33.749201,P3-Medium,Software,AGT-00006,18.54,24,False,False,5
INC-04612,2025-04-18 21:11:00,2025-04-19 06:47:05.232085,P4-Low,Network,AGT-00009,9.6,72,False,False,1
INC-04613,2025-06-22 10:05:00,2025-06-25 16:55:20.040418,P4-Low,Software,AGT-00007,78.84,72,True,True,3
INC-04614,2025-02-25 11:18:00,2025-02-27 03:03:09.054671,P4-Low,Network,AGT-00003,39.75,72,False,False,5
INC-04615,2025-05-31 07:09:00,2025-06-01 01:35:48.881468,P3-Medium,Software,AGT-00010,18.45,24,False,False,5
INC-04616,2025-06-11 08:58:00,2025-06-13 04:46:25.220593,P4-Low,Network,AGT-00001,43.81,72,False,False,4
INC-04617,2025-05-11 05:40:00,2025-05-12 08:50:05.594160,P3-Medium,Hardware,AGT-00002,27.17,24,True,False,4
INC-04618,2025-01-28 06:58:00,2025-01-28 07:28:00.000000,P3-Medium,Software,AGT-00008,0.5,24,False,False,4
INC-04619,2025-01-12 19:42:00,2025-01-13 13:34:01.622141,P3-Medium,Network,AGT-00001,17.87,24,False,False,4
INC-04620,2025-06-15 21:59:00,2025-06-16 04:06:46.683656,P2-High,Software,AGT-00012,6.13,8,False,False,3
INC-04621,2025-02-12 13:19:00,2025-02-13 03:41:15.272037,P3-Medium,Software,AGT-00002,14.37,24,False,False,4
INC-04622,2025-02-25 09:45:00,2025-02-25 22:17:30.454475,P2-High,Hardware,AGT-00004,12.54,8,True,False,2
INC-04623,2025-05-16 10:52:00,2025-05-16 21:46:04.911585,P3-Medium,Email/Comm,AGT-00008,10.9,24,False,False,3
INC-04624,2025-04-30 10:13:00,2025-05-01 10:23:27.729904,P3-Medium,Access Management,AGT-00003,24.17,24,True,False,5
INC-04625,2025-05-08 11:43:00,2025-05-08 19:27:48.785138,P2-High,Email/Comm,AGT-00004,7.75,8,False,False,5
INC-04626,2025-04-16 00:50:00,2025-04-17 04:55:31.754473,P3-Medium,Email/Comm,AGT-00004,28.09,24,True,False,4
INC-04627,2025-03-22 08:36:00,2025-03-23 21:15:22.385896,P4-Low,Hardware,AGT-00002,36.66,72,False,False,5
INC-04628,2025-05-25 08:56:00,2025-05-25 21:04:10.495705,P3-Medium,Software,AGT-00001,12.14,24,False,False,2
INC-04629,2025-06-12 11:46:00,2025-06-13 14:32:06.813335,P3-Medium,Software,AGT-00013,26.77,24,True,False,3
INC-04630,2025-01-18 10:59:00,2025-01-18 18:58:19.048485,P2-High,Software,AGT-00001,7.99,8,False,False,3
INC-04631,2025-01-20 09:31:00,2025-01-20 10:36:33.789432,P2-High,Access Management,AGT-00001,1.09,8,False,False,4
INC-04632,2025-04-03 14:09:00,2025-04-03 18:45:44.756818,P2-High,Network,AGT-00010,4.61,8,False,False,5
INC-04633,2025-04-05 03:45:00,2025-04-05 11:36:08.421438,P2-High,Network,AGT-00007,7.85,8,False,False,4
INC-04634,2025-05-23 09:29:00,2025-05-26 04:14:19.023951,P4-Low,Software,AGT-00013,66.76,72,False,False,4
INC-04635,2025-01-14 20:29:00,2025-01-15 09:02:58.157188,P3-Medium,Access Management,AGT-00002,12.57,24,False,False,3
INC-04636,2025-04-28 15:01:00,2025-04-28 15:31:00.000000,P4-Low,Hardware,AGT-00005,0.5,72,False,False,5
INC-04637,2025-04-11 11:19:00,2025-04-12 09:30:08.827749,P3-Medium,Hardware,AGT-00004,22.19,24,False,False,3
INC-04638,2025-05-25 14:13:00,2025-05-26 15:48:36.910324,P4-Low,Access Management,AGT-00008,25.59,72,False,False,4
INC-04639,2025-01-05 13:21:00,2025-01-05 23:00:11.606535,P4-Low,Access Management,AGT-00013,9.65,72,False,False,3
INC-04640,2025-02-17 11:36:00,2025-02-17 12:06:00.000000,P3-Medium,Network,AGT-00005,0.5,24,False,False,2
INC-04641,2025-02-10 12:40:00,2025-02-13 06:56:46.621934,P4-Low,Access Management,AGT-00003,66.28,72,False,False,5
INC-04642,2025-06-05 15:30:00,2025-06-07 20:04:20.456429,P4-Low,Email/Comm,AGT-00011,52.57,72,False,False,5
INC-04643,2025-06-24 09:40:00,2025-06-25 01:51:41.096235,P3-Medium,Network,AGT-00010,16.19,24,False,False,5
INC-04644,2025-01-26 20:19:00,2025-01-28 01:25:43.901653,P3-Medium,Software,AGT-00001,29.11,24,True,False,3
INC-04645,2025-05-12 11:32:00,2025-05-12 20:15:50.291006,P2-High,Network,AGT-00004,8.73,8,True,False,2
INC-04646,2025-05-01 21:39:00,2025-05-03 04:34:49.441230,P3-Medium,Software,AGT-00006,30.93,24,True,False,2
INC-04647,2025-01-05 16:43:00,2025-01-05 23:34:29.218402,P3-Medium,Access Management,AGT-00003,6.86,24,False,False,5
INC-04648,2025-04-20 14:20:00,2025-04-21 08:03:24.942030,P3-Medium,Software,AGT-00001,17.72,24,False,False,2
INC-04649,2025-05-19 09:41:00,2025-05-19 14:44:58.654801,P3-Medium,Hardware,AGT-00012,5.07,24,False,False,2
INC-04650,2025-02-18 09:26:00,2025-02-18 15:07:49.782619,P2-High,Network,AGT-00004,5.7,8,False,False,5
INC-04651,2025-05-07 14:50:00,2025-05-08 06:50:39.863412,P3-Medium,Access Management,AGT-00002,16.01,24,False,False,5
INC-04652,2025-02-10 08:51:00,2025-02-11 07:51:46.472753,P3-Medium,Network,AGT-00010,23.01,24,False,True,4
INC-04653,2025-01-02 14:15:00,2025-01-02 20:54:34.104902,P2-High,Access Management,AGT-00002,6.66,8,False,False,4
INC-04654,2025-04-12 14:43:00,2025-04-12 23:23:54.929942,P2-High,Email/Comm,AGT-00003,8.68,8,True,False,1
INC-04655,2025-02-12 12:11:00,2025-02-15 04:15:07.689586,P4-Low,Software,AGT-00002,64.07,72,False,False,4
INC-04656,2025-01-29 08:22:00,2025-02-02 05:27:54.864772,P4-Low,Software,AGT-00001,93.1,72,True,False,4
INC-04657,2025-05-05 14:25:00,2025-05-07 10:06:38.640819,P4-Low,Network,AGT-00010,43.69,72,False,False,4
INC-04658,2025-06-17 13:48:00,2025-06-17 14:55:04.636555,P1-Critical,Software,AGT-00008,1.12,4,False,False,5
INC-04659,2025-02-24 17:11:00,2025-02-25 13:09:07.208121,P3-Medium,Hardware,AGT-00014,19.97,24,False,False,5
INC-04660,2025-05-11 19:30:00,2025-05-12 07:04:54.335218,P3-Medium,Hardware,AGT-00002,11.58,24,False,False,5
INC-04661,2025-06-08 08:29:00,2025-06-09 14:20:20.470131,P3-Medium,Access Management,AGT-00003,29.86,24,True,False,1
INC-04662,2025-05-04 08:11:00,2025-05-04 23:55:03.320478,P3-Medium,Software,AGT-00001,15.73,24,False,False,5
INC-04663,2025-05-14 00:55:00,2025-05-14 05:26:13.737765,P2-High,Software,AGT-00008,4.52,8,False,False,5
INC-04664,2025-02-15 18:10:00,2025-02-16 08:23:46.107231,P3-Medium,Access Management,AGT-00007,14.23,24,False,False,4
INC-04665,2025-02-24 08:44:00,2025-02-24 13:10:12.605449,P1-Critical,Software,AGT-00007,4.44,4,True,False,1
INC-04666,2025-04-26 11:23:00,2025-04-27 04:07:16.886883,P3-Medium,Access Management,AGT-00002,16.74,24,False,False,5
INC-04667,2025-04-22 12:22:00,2025-04-24 01:31:59.988951,P4-Low,Network,AGT-00001,37.17,72,False,False,3
INC-04668,2025-04-09 12:01:00,2025-04-12 23:19:25.338069,P4-Low,Access Management,AGT-00002,83.31,72,True,False,3
INC-04669,2025-04-21 23:29:00,2025-04-22 10:38:02.308589,P3-Medium,Software,AGT-00001,11.15,24,False,False,5
INC-04670,2025-02-15 10:21:00,2025-02-16 04:38:04.302932,P3-Medium,Network,AGT-00007,18.28,24,False,False,4
INC-04671,2025-01-05 08:02:00,2025-01-06 07:15:06.417166,P3-Medium,Network,AGT-00005,23.22,24,False,False,3
INC-04672,2025-02-23 14:01:00,2025-02-23 18:57:57.548820,P3-Medium,Access Management,AGT-00014,4.95,24,False,False,4
INC-04673,2025-03-13 16:03:00,2025-03-14 13:53:31.502440,P3-Medium,Network,AGT-00007,21.84,24,False,False,1
INC-04674,2025-05-09 10:35:00,2025-05-09 20:08:32.898946,P3-Medium,Hardware,AGT-00006,9.56,24,False,False,5
INC-04675,2025-03-06 11:39:00,2025-03-07 12:13:56.144088,P3-Medium,Hardware,AGT-00005,24.58,24,True,False,3
INC-04676,2025-06-16 12:17:00,2025-06-16 22:34:55.650857,P3-Medium,Access Management,AGT-00015,10.3,24,False,False,5
INC-04677,2025-01-02 07:57:00,2025-01-03 07:29:31.748117,P3-Medium,Software,AGT-00003,23.54,24,False,False,3
INC-04678,2025-02-05 13:36:00,2025-02-06 16:26:47.992309,P3-Medium,Email/Comm,AGT-00003,26.85,24,True,True,3
INC-04679,2025-01-28 07:10:00,2025-01-29 08:03:29.371938,P3-Medium,Hardware,AGT-00001,24.89,24,True,False,1
INC-04680,2025-05-17 03:56:00,2025-05-17 07:26:09.479867,P1-Critical,Access Management,AGT-00012,3.5,4,False,False,1
INC-04681,2025-01-17 06:30:00,2025-01-17 09:02:14.633211,P1-Critical,Hardware,AGT-00004,2.54,4,False,False,5
INC-04682,2025-01-23 12:42:00,2025-01-25 03:10:17.790504,P4-Low,Software,AGT-00001,38.47,72,False,False,4
INC-04683,2025-05-11 13:12:00,2025-05-14 20:37:14.497739,P4-Low,Access Management,AGT-00006,79.42,72,True,False,1
INC-04684,2025-01-15 12:42:00,2025-01-17 00:42:36.344148,P4-Low,Access Management,AGT-00003,36.01,72,False,False,3
INC-04685,2025-05-19 22:33:00,2025-05-20 08:15:12.497081,P3-Medium,Software,AGT-00014,9.7,24,False,False,2
INC-04686,2025-03-12 17:21:00,2025-03-13 02:10:43.648581,P2-High,Email/Comm,AGT-00014,8.83,8,True,False,2
INC-04687,2025-01-19 13:21:00,2025-01-20 00:58:51.260068,P3-Medium,Software,AGT-00004,11.63,24,False,False,4
INC-04688,2025-02-09 17:28:00,2025-02-10 03:51:58.171273,P3-Medium,Network,AGT-00001,10.4,24,False,False,3
INC-04689,2025-01-11 08:09:00,2025-01-12 05:16:40.493124,P4-Low,Software,AGT-00014,21.13,72,False,False,4
INC-04690,2025-03-20 12:55:00,2025-03-21 03:03:12.196624,P3-Medium,Email/Comm,AGT-00014,14.14,24,False,False,4
INC-04691,2025-01-16 14:22:00,2025-01-16 20:34:37.790699,P2-High,Access Management,AGT-00008,6.21,8,False,False,4
INC-04692,2025-05-02 17:23:00,2025-05-03 00:44:02.955769,P2-High,Hardware,AGT-00006,7.35,8,False,False,4
INC-04693,2025-02-18 09:46:00,2025-02-21 06:47:34.049590,P4-Low,Email/Comm,AGT-00007,69.03,72,False,False,4
INC-04694,2025-03-07 03:52:00,2025-03-08 02:04:54.660202,P3-Medium,Network,AGT-00008,22.22,24,False,False,4
INC-04695,2025-05-16 10:24:00,2025-05-17 02:52:22.880077,P3-Medium,Software,AGT-00008,16.47,24,False,False,3
INC-04696,2025-03-01 10:48:00,2025-03-01 16:36:22.734478,P2-High,Software,AGT-00007,5.81,8,False,False,4
INC-04697,2025-05-22 11:29:00,2025-05-22 19:46:07.984108,P2-High,Hardware,AGT-00001,8.29,8,True,False,3
INC-04698,2025-02-27 17:54:00,2025-02-28 04:51:14.384053,P2-High,Hardware,AGT-00015,10.95,8,True,False,1
INC-04699,2025-04-16 11:15:00,2025-04-17 06:15:37.848945,P3-Medium,Network,AGT-00012,19.01,24,False,False,2
INC-04700,2025-04-12 15:16:00,2025-04-13 05:30:49.031399,P3-Medium,Access Management,AGT-00001,14.25,24,False,False,5
INC-04701,2025-02-13 17:33:00,2025-02-13 20:34:29.888386,P2-High,Access Management,AGT-00002,3.02,8,False,False,3
INC-04702,2025-03-12 09:23:00,2025-03-12 10:49:30.413668,P2-High,Software,AGT-00001,1.44,8,False,False,2
INC-04703,2025-03-11 18:59:00,2025-03-14 10:18:31.416387,P4-Low,Software,AGT-00003,63.33,72,False,False,2
INC-04704,2025-03-17 23:21:00,2025-03-18 21:58:25.781481,P3-Medium,Hardware,AGT-00006,22.62,24,False,False,3
INC-04705,2025-03-18 08:40:00,2025-03-20 22:12:50.173808,P4-Low,Network,AGT-00006,61.55,72,False,False,4
INC-04706,2025-06-09 07:58:00,2025-06-10 00:56:14.607945,P3-Medium,Access Management,AGT-00001,16.97,24,False,False,5
INC-04707,2025-04-10 10:37:00,2025-04-11 15:52:19.720682,P3-Medium,Network,AGT-00003,29.26,24,True,False,2
INC-04708,2025-03-24 09:58:00,2025-03-25 00:05:37.387356,P3-Medium,Hardware,AGT-00008,14.13,24,False,False,4
INC-04709,2025-01-31 11:54:00,2025-02-01 13:32:31.754032,P3-Medium,Access Management,AGT-00006,25.64,24,True,True,2
INC-04710,2025-06-16 07:33:00,2025-06-18 08:46:30.511561,P4-Low,Hardware,AGT-00015,49.23,72,False,False,3
INC-04711,2025-03-02 06:29:00,2025-03-03 20:18:58.744943,P4-Low,Network,AGT-00008,37.83,72,False,False,4
INC-04712,2025-01-07 15:05:00,2025-01-08 13:49:24.872851,P3-Medium,Access Management,AGT-00015,22.74,24,False,False,4
INC-04713,2025-05-17 14:52:00,2025-05-18 12:08:37.520218,P3-Medium,Email/Comm,AGT-00009,21.28,24,False,False,5
INC-04714,2025-06-12 06:17:00,2025-06-13 03:08:20.815467,P3-Medium,Access Management,AGT-00015,20.86,24,False,False,1
INC-04715,2025-01-07 11:55:00,2025-01-08 06:34:00.818555,P3-Medium,Access Management,AGT-00004,18.65,24,False,False,4
INC-04716,2025-02-07 17:50:00,2025-02-08 11:31:48.679247,P3-Medium,Email/Comm,AGT-00007,17.7,24,False,False,5
INC-04717,2025-03-28 00:04:00,2025-03-29 13:10:25.113395,P3-Medium,Access Management,AGT-00001,37.11,24,True,False,2
INC-04718,2025-02-12 10:08:00,2025-02-12 20:46:41.633729,P2-High,Software,AGT-00001,10.64,8,True,False,1
INC-04719,2025-01-14 09:30:00,2025-01-15 09:16:57.414576,P3-Medium,Network,AGT-00003,23.78,24,False,False,5
INC-04720,2025-05-11 21:40:00,2025-05-12 16:33:39.815756,P3-Medium,Software,AGT-00015,18.89,24,False,False,5
INC-04721,2025-06-29 14:18:00,2025-06-30 00:19:30.180728,P2-High,Software,AGT-00001,10.03,8,True,False,1
INC-04722,2025-06-04 17:48:00,2025-06-05 15:56:38.249560,P3-Medium,Software,AGT-00004,22.14,24,False,False,4
INC-04723,2025-01-18 10:17:00,2025-01-19 04:29:34.696880,P3-Medium,Network,AGT-00001,18.21,24,False,False,2
INC-04724,2025-05-06 08:45:00,2025-05-07 00:19:17.347432,P3-Medium,Software,AGT-00002,15.57,24,False,False,5
INC-04725,2025-02-13 13:59:00,2025-02-13 20:12:00.441545,P2-High,Email/Comm,AGT-00007,6.22,8,False,False,5
INC-04726,2025-03-24 14:44:00,2025-03-24 15:14:00.000000,P3-Medium,Software,AGT-00005,0.5,24,False,False,5
INC-04727,2025-02-13 14:01:00,2025-02-15 20:13:43.260429,P4-Low,Access Management,AGT-00007,54.21,72,False,False,4
INC-04728,2025-05-17 18:13:00,2025-05-18 08:18:31.888893,P3-Medium,Software,AGT-00007,14.09,24,False,False,4
INC-04729,2025-04-05 13:38:00,2025-04-06 20:22:28.895951,P3-Medium,Access Management,AGT-00001,30.74,24,True,False,3
INC-04730,2025-02-28 13:15:00,2025-02-28 19:49:03.735292,P2-High,Network,AGT-00003,6.57,8,False,False,5
INC-04731,2025-05-22 14:39:00,2025-05-22 23:08:17.853517,P3-Medium,Access Management,AGT-00006,8.49,24,False,False,4
INC-04732,2025-04-02 10:29:00,2025-04-03 04:05:03.451561,P3-Medium,Access Management,AGT-00004,17.6,24,False,False,4
INC-04733,2025-02-13 07:05:00,2025-02-14 12:09:39.281875,P4-Low,Hardware,AGT-00001,29.08,72,False,False,2
INC-04734,2025-06-17 10:06:00,2025-06-17 18:15:24.933438,P2-High,Network,AGT-00003,8.16,8,True,False,4
INC-04735,2025-01-16 12:50:00,2025-01-16 20:21:05.936791,P2-High,Hardware,AGT-00007,7.52,8,False,False,3
INC-04736,2025-03-12 14:30:00,2025-03-13 16:09:45.781376,P3-Medium,Hardware,AGT-00002,25.66,24,True,False,3
INC-04737,2025-04-17 20:59:00,2025-04-19 07:09:56.510998,P4-Low,Hardware,AGT-00011,34.18,72,False,False,5
INC-04738,2025-03-06 13:47:00,2025-03-07 08:03:19.433171,P3-Medium,Hardware,AGT-00012,18.27,24,False,False,4
INC-04739,2025-02-13 21:52:00,2025-02-14 20:33:58.430729,P4-Low,Network,AGT-00001,22.7,72,False,False,5
INC-04740,2025-01-14 07:31:00,2025-01-15 07:07:43.049719,P3-Medium,Access Management,AGT-00011,23.61,24,False,False,5
INC-04741,2025-06-12 19:39:00,2025-06-15 08:01:38.724992,P4-Low,Access Management,AGT-00007,60.38,72,False,False,4
INC-04742,2025-02-23 17:25:00,2025-02-26 05:19:57.961514,P4-Low,Software,AGT-00012,59.92,72,False,False,4
INC-04743,2025-02-06 06:14:00,2025-02-07 00:14:46.628103,P3-Medium,Email/Comm,AGT-00007,18.01,24,False,False,3
INC-04744,2025-01-23 10:45:00,2025-01-23 14:34:46.364814,P1-Critical,Network,AGT-00006,3.83,4,False,False,2
INC-04745,2025-03-23 09:44:00,2025-03-23 21:50:54.672765,P2-High,Software,AGT-00003,12.12,8,True,False,1
INC-04746,2025-05-04 11:15:00,2025-05-06 07:32:53.213493,P4-Low,Software,AGT-00007,44.3,72,False,False,4
INC-04747,2025-02-12 01:03:00,2025-02-12 20:09:32.981291,P3-Medium,Hardware,AGT-00008,19.11,24,False,False,2
INC-04748,2025-04-15 07:33:00,2025-04-15 16:51:39.562584,P3-Medium,Hardware,AGT-00003,9.31,24,False,False,4
INC-04749,2025-04-08 19:38:00,2025-04-08 23:05:39.911884,P2-High,Network,AGT-00002,3.46,8,False,False,3
INC-04750,2025-06-06 06:05:00,2025-06-06 12:55:32.447493,P2-High,Software,AGT-00003,6.84,8,False,False,5
INC-04751,2025-06-23 09:32:00,2025-06-23 14:44:28.321536,P1-Critical,Hardware,AGT-00015,5.21,4,True,False,2
INC-04752,2025-06-17 17:27:00,2025-06-17 23:03:10.861614,P2-High,Software,AGT-00003,5.6,8,False,False,3
INC-04753,2025-02-26 12:35:00,2025-02-26 15:06:41.400989,P1-Critical,Software,AGT-00002,2.53,4,False,False,5
INC-04754,2025-04-17 12:46:00,2025-04-18 03:30:41.704958,P3-Medium,Network,AGT-00007,14.74,24,False,False,4
INC-04755,2025-04-17 10:29:00,2025-04-18 00:12:19.007880,P3-Medium,Software,AGT-00003,13.72,24,False,False,4
INC-04756,2025-03-06 19:32:00,2025-03-07 15:53:35.177924,P3-Medium,Software,AGT-00001,20.36,24,False,False,3
INC-04757,2025-01-29 07:03:00,2025-01-30 03:06:17.449547,P4-Low,Hardware,AGT-00004,20.05,72,False,False,4
INC-04758,2025-01-13 13:46:00,2025-01-14 18:00:51.059808,P3-Medium,Software,AGT-00003,28.25,24,True,False,1
INC-04759,2025-02-22 11:47:00,2025-02-22 15:57:15.679044,P2-High,Software,AGT-00012,4.17,8,False,False,3
INC-04760,2025-01-08 12:09:00,2025-01-09 11:55:30.820381,P3-Medium,Hardware,AGT-00009,23.78,24,False,False,1
INC-04761,2025-04-23 10:06:00,2025-04-23 12:09:18.017673,P2-High,Access Management,AGT-00001,2.06,8,False,False,5
INC-04762,2025-05-03 11:06:00,2025-05-04 10:27:02.595760,P3-Medium,Hardware,AGT-00011,23.35,24,False,False,5
INC-04763,2025-03-07 14:29:00,2025-03-08 13:51:32.004705,P3-Medium,Hardware,AGT-00015,23.38,24,False,False,5
INC-04764,2025-03-14 06:36:00,2025-03-15 03:40:25.019674,P3-Medium,Hardware,AGT-00002,21.07,24,False,False,4
INC-04765,2025-02-28 16:49:00,2025-02-28 19:50:10.200625,P2-High,Network,AGT-00001,3.02,8,False,False,4
INC-04766,2025-04-06 13:34:00,2025-04-06 20:56:24.307189,P2-High,Software,AGT-00001,7.37,8,False,False,5
INC-04767,2025-05-31 21:19:00,2025-06-01 05:51:07.981880,P3-Medium,Access Management,AGT-00007,8.54,24,False,False,4
INC-04768,2025-05-30 06:45:00,2025-05-30 12:21:55.182986,P2-High,Software,AGT-00003,5.62,8,False,False,3
INC-04769,2025-03-18 11:49:00,2025-03-21 10:24:17.743269,P4-Low,Software,AGT-00015,70.59,72,False,False,3
INC-04770,2025-04-05 08:55:00,2025-04-06 09:17:25.015500,P3-Medium,Network,AGT-00001,24.37,24,True,False,4
INC-04771,2025-04-04 10:31:00,2025-04-06 12:49:13.171863,P4-Low,Software,AGT-00005,50.3,72,False,False,5
INC-04772,2025-06-25 10:02:00,2025-06-25 20:14:05.570613,P3-Medium,Software,AGT-00005,10.2,24,False,False,4
INC-04773,2025-06-07 15:14:00,2025-06-08 14:23:52.926111,P3-Medium,Email/Comm,AGT-00009,23.16,24,False,False,2
INC-04774,2025-02-02 19:44:00,2025-02-03 13:53:18.179646,P3-Medium,Hardware,AGT-00001,18.16,24,False,True,5
INC-04775,2025-01-09 17:31:00,2025-01-09 18:01:00.000000,P3-Medium,Network,AGT-00005,0.5,24,False,False,5
INC-04776,2025-01-26 09:19:00,2025-01-27 09:34:39.738998,P3-Medium,Software,AGT-00001,24.26,24,True,True,2
INC-04777,2025-04-09 19:22:00,2025-04-10 13:10:22.094385,P3-Medium,Access Management,AGT-00009,17.81,24,False,False,5
INC-04778,2025-05-09 15:42:00,2025-05-10 19:19:10.595942,P3-Medium,Hardware,AGT-00002,27.62,24,True,False,4
INC-04779,2025-05-09 10:05:00,2025-05-10 14:10:40.522643,P4-Low,Access Management,AGT-00005,28.09,72,False,False,4
INC-04780,2025-05-11 06:22:00,2025-05-11 06:52:00.000000,P3-Medium,Access Management,AGT-00006,0.5,24,False,False,2
INC-04781,2025-01-21 18:26:00,2025-01-22 14:39:57.615120,P3-Medium,Access Management,AGT-00008,20.23,24,False,False,4
INC-04782,2025-03-03 11:26:00,2025-03-04 07:45:57.033888,P3-Medium,Network,AGT-00003,20.33,24,False,False,3
INC-04783,2025-01-30 18:04:00,2025-01-31 10:15:11.642812,P4-Low,Hardware,AGT-00008,16.19,72,False,False,4
INC-04784,2025-04-06 20:32:00,2025-04-07 06:42:19.213079,P3-Medium,Network,AGT-00002,10.17,24,False,False,4
INC-04785,2025-02-07 14:27:00,2025-02-09 06:29:30.271019,P3-Medium,Software,AGT-00001,40.04,24,True,False,2
INC-04786,2025-06-29 19:37:00,2025-06-30 11:10:18.414312,P3-Medium,Hardware,AGT-00011,15.56,24,False,False,3
INC-04787,2025-06-05 23:47:00,2025-06-06 23:37:51.618520,P3-Medium,Access Management,AGT-00006,23.85,24,False,False,4
INC-04788,2025-06-10 06:45:00,2025-06-11 19:44:12.492429,P4-Low,Network,AGT-00002,36.99,72,False,False,4
INC-04789,2025-05-25 16:27:00,2025-05-26 00:38:38.191283,P4-Low,Network,AGT-00009,8.19,72,False,False,3
INC-04790,2025-05-31 20:49:00,2025-06-02 19:24:41.406231,P4-Low,Network,AGT-00003,46.59,72,False,True,4
INC-04791,2025-05-27 17:55:00,2025-05-27 23:29:13.382540,P2-High,Network,AGT-00007,5.57,8,False,False,4
INC-04792,2025-06-20 10:51:00,2025-06-21 01:39:03.506726,P3-Medium,Network,AGT-00006,14.8,24,False,False,4
INC-04793,2025-03-31 11:13:00,2025-03-31 17:18:55.525473,P2-High,Network,AGT-00004,6.1,8,False,False,4
INC-04794,2025-02-12 16:33:00,2025-02-13 12:39:50.926223,P3-Medium,Software,AGT-00009,20.11,24,False,False,2
INC-04795,2025-01-10 09:47:00,2025-01-12 08:46:51.579510,P4-Low,Access Management,AGT-00011,47.0,72,False,False,3
INC-04796,2025-02-14 15:19:00,2025-02-14 17:23:33.522284,P2-High,Network,AGT-00009,2.08,8,False,False,5
INC-04797,2025-02-28 17:53:00,2025-03-01 02:05:05.928374,P2-High,Access Management,AGT-00002,8.2,8,True,False,1
INC-04798,2025-03-04 18:34:00,2025-03-04 20:58:18.093447,P3-Medium,Access Management,AGT-00001,2.41,24,False,True,5
INC-04799,2025-03-26 12:26:00,2025-03-26 21:25:34.263076,P4-Low,Software,AGT-00008,8.99,72,False,False,4
INC-04800,2025-06-20 18:45:00,2025-06-21 18:39:48.398247,P3-Medium,Network,AGT-00007,23.91,24,False,False,4
INC-04801,2025-06-04 03:13:00,2025-06-04 11:29:28.455429,P2-High,Access Management,AGT-00005,8.27,8,True,False,2
INC-04802,2025-06-07 10:11:00,2025-06-08 03:43:27.013486,P3-Medium,Software,AGT-00008,17.54,24,False,False,4
INC-04803,2025-05-12 10:00:00,2025-05-12 11:36:57.348840,P2-High,Email/Comm,AGT-00003,1.62,8,False,False,5
INC-04804,2025-06-19 14:01:00,2025-06-20 02:21:12.164909,P3-Medium,Network,AGT-00002,12.34,24,False,False,4
INC-04805,2025-01-28 14:09:00,2025-01-28 19:43:49.390979,P2-High,Software,AGT-00002,5.58,8,False,False,5
INC-04806,2025-03-26 11:53:00,2025-03-26 12:47:51.735996,P2-High,Software,AGT-00014,0.91,8,False,False,4
INC-04807,2025-03-05 06:25:00,2025-03-05 07:56:18.993662,P1-Critical,Access Management,AGT-00010,1.52,4,False,False,4
INC-04808,2025-04-12 10:18:00,2025-04-13 09:31:07.113739,P3-Medium,Network,AGT-00008,23.22,24,False,False,4
INC-04809,2025-02-10 17:38:00,2025-02-14 00:10:45.986229,P4-Low,Software,AGT-00006,78.55,72,True,False,1
INC-04810,2025-01-19 10:17:00,2025-01-20 00:55:40.279123,P3-Medium,Network,AGT-00001,14.64,24,False,False,4
INC-04811,2025-01-22 11:22:00,2025-01-23 11:25:06.864604,P3-Medium,Software,AGT-00003,24.05,24,True,False,3
INC-04812,2025-02-04 15:51:00,2025-02-04 16:21:00.000000,P2-High,Email/Comm,AGT-00002,0.5,8,False,False,2
INC-04813,2025-05-25 15:01:00,2025-05-26 14:17:32.195744,P3-Medium,Hardware,AGT-00003,23.28,24,False,False,5
INC-04814,2025-03-17 09:54:00,2025-03-17 21:28:06.285656,P3-Medium,Software,AGT-00003,11.57,24,False,False,3
INC-04815,2025-04-15 18:04:00,2025-04-18 02:12:48.884403,P4-Low,Software,AGT-00011,56.15,72,False,False,3
INC-04816,2025-03-29 01:47:00,2025-03-29 17:48:04.730355,P3-Medium,Access Management,AGT-00003,16.02,24,False,False,5
INC-04817,2025-04-05 14:46:00,2025-04-06 19:19:47.923482,P3-Medium,Software,AGT-00001,28.56,24,True,False,2
INC-04818,2025-06-16 22:50:00,2025-06-17 02:16:22.110831,P2-High,Email/Comm,AGT-00006,3.44,8,False,False,5
INC-04819,2025-01-04 20:37:00,2025-01-07 11:10:07.653424,P4-Low,Access Management,AGT-00004,62.55,72,False,False,2
INC-04820,2025-05-24 16:42:00,2025-05-25 08:27:50.185057,P3-Medium,Network,AGT-00004,15.76,24,False,False,1
INC-04821,2025-04-23 08:42:00,2025-04-24 01:26:00.802233,P3-Medium,Software,AGT-00015,16.73,24,False,False,5
INC-04822,2025-05-21 20:06:00,2025-05-23 18:25:22.519693,P4-Low,Email/Comm,AGT-00008,46.32,72,False,False,3
INC-04823,2025-05-03 11:14:00,2025-05-04 20:19:11.536476,P4-Low,Software,AGT-00005,33.09,72,False,False,5
INC-04824,2025-03-06 12:57:00,2025-03-06 19:24:02.353030,P2-High,Software,AGT-00003,6.45,8,False,False,4
INC-04825,2025-06-28 00:25:00,2025-06-28 03:17:28.932801,P1-Critical,Software,AGT-00007,2.87,4,False,False,3
INC-04826,2025-05-31 11:30:00,2025-06-02 18:19:29.297885,P4-Low,Access Management,AGT-00012,54.82,72,False,True,3
INC-04827,2025-04-11 09:38:00,2025-04-13 13:19:24.370490,P4-Low,Hardware,AGT-00003,51.69,72,False,True,5
INC-04828,2025-05-21 14:31:00,2025-05-24 08:28:35.607572,P4-Low,Hardware,AGT-00005,65.96,72,False,False,3
INC-04829,2025-05-09 11:07:00,2025-05-10 12:30:17.048142,P3-Medium,Access Management,AGT-00006,25.39,24,True,False,1
INC-04830,2025-02-15 11:56:00,2025-02-15 14:45:22.146145,P2-High,Network,AGT-00015,2.82,8,False,False,3
INC-04831,2025-06-25 03:20:00,2025-06-27 22:42:31.620043,P4-Low,Access Management,AGT-00013,67.38,72,False,False,3
INC-04832,2025-03-22 14:29:00,2025-03-23 16:45:23.777248,P4-Low,Access Management,AGT-00004,26.27,72,False,False,1
INC-04833,2025-01-09 12:33:00,2025-01-09 16:43:32.562395,P1-Critical,Email/Comm,AGT-00008,4.18,4,True,False,2
INC-04834,2025-06-11 10:31:00,2025-06-12 09:28:28.476999,P3-Medium,Email/Comm,AGT-00008,22.96,24,False,False,5
INC-04835,2025-01-09 13:17:00,2025-01-10 01:03:25.183800,P4-Low,Hardware,AGT-00006,11.77,72,False,False,2
INC-04836,2025-01-18 13:09:00,2025-01-19 07:53:37.802300,P3-Medium,Email/Comm,AGT-00004,18.74,24,False,False,5
INC-04837,2025-06-13 09:50:00,2025-06-14 00:05:07.311935,P3-Medium,Network,AGT-00008,14.25,24,False,False,4
INC-04838,2025-06-17 05:48:00,2025-06-17 09:38:39.557750,P2-High,Network,AGT-00013,3.84,8,False,False,3
INC-04839,2025-05-28 10:52:00,2025-05-29 15:40:24.547124,P3-Medium,Software,AGT-00002,28.81,24,True,False,2
INC-04840,2025-06-24 09:49:00,2025-06-24 22:35:14.040750,P3-Medium,Access Management,AGT-00007,12.77,24,False,False,4
INC-04841,2025-04-10 18:02:00,2025-04-11 05:34:56.344441,P3-Medium,Software,AGT-00015,11.55,24,False,False,4
INC-04842,2025-03-23 19:53:00,2025-03-24 02:38:53.756244,P2-High,Access Management,AGT-00007,6.76,8,False,False,3
INC-04843,2025-05-25 14:30:00,2025-05-28 06:12:42.461733,P4-Low,Hardware,AGT-00007,63.71,72,False,False,4
INC-04844,2025-01-06 13:32:00,2025-01-07 06:24:00.520723,P3-Medium,Software,AGT-00007,16.87,24,False,False,3
INC-04845,2025-06-09 18:52:00,2025-06-10 22:11:51.471715,P3-Medium,Software,AGT-00002,27.33,24,True,False,1
INC-04846,2025-01-02 12:22:00,2025-01-03 10:36:52.099065,P3-Medium,Software,AGT-00006,22.25,24,False,False,4
INC-04847,2025-01-27 07:30:00,2025-01-27 08:04:27.513992,P3-Medium,Network,AGT-00002,0.57,24,False,False,2
INC-04848,2025-05-07 06:08:00,2025-05-07 19:53:51.351451,P3-Medium,Software,AGT-00011,13.76,24,False,False,5
INC-04849,2025-01-09 18:03:00,2025-01-11 08:48:47.368847,P4-Low,Software,AGT-00007,38.76,72,False,False,4
INC-04850,2025-03-11 03:32:00,2025-03-13 15:07:13.988647,P4-Low,Software,AGT-00010,59.59,72,False,False,5
INC-04851,2025-01-04 11:31:00,2025-01-04 12:01:00.000000,P2-High,Access Management,AGT-00002,0.5,8,False,False,2
INC-04852,2025-05-01 15:11:00,2025-05-05 20:09:48.699028,P4-Low,Network,AGT-00009,100.98,72,True,False,2
INC-04853,2025-03-14 13:26:00,2025-03-17 02:03:13.878832,P4-Low,Network,AGT-00014,60.62,72,False,False,3
INC-04854,2025-02-28 12:48:00,2025-03-01 07:59:27.651953,P3-Medium,Software,AGT-00003,19.19,24,False,False,4
INC-04855,2025-05-13 13:54:00,2025-05-14 17:21:09.150233,P3-Medium,Access Management,AGT-00008,27.45,24,True,False,3
INC-04856,2025-01-13 15:52:00,2025-01-15 04:36:57.236721,P3-Medium,Email/Comm,AGT-00006,36.75,24,True,False,4
INC-04857,2025-04-21 12:15:00,2025-04-24 07:39:53.758410,P4-Low,Network,AGT-00001,67.41,72,False,False,4
INC-04858,2025-04-18 12:02:00,2025-04-19 13:37:25.817178,P3-Medium,Hardware,AGT-00005,25.59,24,True,False,1
INC-04859,2025-01-03 22:34:00,2025-01-04 17:36:43.872705,P3-Medium,Access Management,AGT-00015,19.05,24,False,False,5
INC-04860,2025-04-22 10:03:00,2025-04-24 09:13:10.145758,P4-Low,Access Management,AGT-00002,47.17,72,False,False,4
INC-04861,2025-06-10 10:47:00,2025-06-11 00:58:37.091213,P3-Medium,Software,AGT-00003,14.19,24,False,False,4
INC-04862,2025-05-28 08:19:00,2025-05-28 19:42:27.974639,P3-Medium,Access Management,AGT-00010,11.39,24,False,False,5
INC-04863,2025-03-28 07:55:00,2025-03-28 12:00:43.622344,P2-High,Access Management,AGT-00005,4.1,8,False,False,3
INC-04864,2025-02-04 11:34:00,2025-02-04 18:45:43.988227,P3-Medium,Software,AGT-00014,7.2,24,False,False,5
INC-04865,2025-06-23 16:58:00,2025-06-23 23:12:04.019721,P2-High,Network,AGT-00003,6.23,8,False,False,2
INC-04866,2025-02-11 15:44:00,2025-02-11 16:20:13.188527,P2-High,Software,AGT-00008,0.6,8,False,False,4
INC-04867,2025-05-04 11:51:00,2025-05-05 07:22:38.395895,P3-Medium,Software,AGT-00009,19.53,24,False,False,5
INC-04868,2025-05-23 10:17:00,2025-05-23 16:39:22.234339,P2-High,Software,AGT-00002,6.37,8,False,False,5
INC-04869,2025-01-25 13:55:00,2025-01-27 18:51:19.341484,P4-Low,Software,AGT-00004,52.94,72,False,False,2
INC-04870,2025-03-13 07:50:00,2025-03-13 21:39:22.610783,P3-Medium,Network,AGT-00006,13.82,24,False,False,3
INC-04871,2025-06-28 00:48:00,2025-07-02 16:20:13.946653,P4-Low,Hardware,AGT-00006,111.54,72,True,False,2
INC-04872,2025-01-25 20:23:00,2025-01-27 01:15:51.337925,P3-Medium,Software,AGT-00003,28.88,24,True,False,2
INC-04873,2025-05-18 19:56:00,2025-05-18 22:04:38.764499,P2-High,Software,AGT-00002,2.14,8,False,False,3
INC-04874,2025-03-30 11:01:00,2025-03-31 06:52:46.600918,P3-Medium,Network,AGT-00013,19.86,24,False,False,5
INC-04875,2025-06-20 10:39:00,2025-06-20 23:47:09.423083,P3-Medium,Software,AGT-00002,13.14,24,False,True,5
INC-04876,2025-04-03 12:27:00,2025-04-03 22:20:02.983871,P3-Medium,Access Management,AGT-00014,9.88,24,False,False,4
INC-04877,2025-02-07 16:50:00,2025-02-08 00:06:45.924352,P3-Medium,Software,AGT-00001,7.28,24,False,False,4
INC-04878,2025-03-22 11:40:00,2025-03-22 19:40:45.930304,P2-High,Software,AGT-00013,8.01,8,True,False,2
INC-04879,2025-05-18 08:01:00,2025-05-18 12:07:54.609038,P2-High,Software,AGT-00011,4.12,8,False,False,5
INC-04880,2025-06-16 14:25:00,2025-06-17 16:09:33.389492,P3-Medium,Network,AGT-00007,25.74,24,True,False,4
INC-04881,2025-03-04 01:35:00,2025-03-04 11:33:41.655903,P2-High,Hardware,AGT-00004,9.98,8,True,False,1
INC-04882,2025-02-08 13:00:00,2025-02-09 17:59:28.734294,P3-Medium,Access Management,AGT-00015,28.99,24,True,False,1
INC-04883,2025-03-14 17:42:00,2025-03-16 02:39:08.152843,P4-Low,Hardware,AGT-00001,32.95,72,False,False,4
INC-04884,2025-03-07 18:45:00,2025-03-08 16:33:10.529588,P3-Medium,Software,AGT-00015,21.8,24,False,False,5
INC-04885,2025-06-26 07:26:00,2025-06-26 11:41:53.670360,P1-Critical,Email/Comm,AGT-00001,4.26,4,True,False,2
INC-04886,2025-03-12 11:20:00,2025-03-12 16:10:25.354994,P2-High,Access Management,AGT-00002,4.84,8,False,False,3
INC-04887,2025-04-07 08:57:00,2025-04-07 10:24:23.241907,P1-Critical,Software,AGT-00005,1.46,4,False,False,2
INC-04888,2025-05-15 11:02:00,2025-05-18 21:13:25.487936,P4-Low,Software,AGT-00006,82.19,72,True,False,5
INC-04889,2025-01-16 08:24:00,2025-01-17 04:13:11.881221,P3-Medium,Network,AGT-00008,19.82,24,False,False,3
INC-04890,2025-06-06 14:12:00,2025-06-07 13:17:15.871220,P3-Medium,Software,AGT-00005,23.09,24,False,False,4
INC-04891,2025-02-04 19:17:00,2025-02-04 22:54:21.842251,P2-High,Access Management,AGT-00004,3.62,8,False,False,1
INC-04892,2025-03-23 23:55:00,2025-03-24 08:09:44.607364,P3-Medium,Software,AGT-00006,8.25,24,False,False,5
INC-04893,2025-02-15 20:17:00,2025-02-16 00:47:24.932841,P2-High,Network,AGT-00004,4.51,8,False,False,3
INC-04894,2025-03-07 18:00:00,2025-03-08 11:00:28.184043,P3-Medium,Network,AGT-00003,17.01,24,False,False,5
INC-04895,2025-02-13 14:23:00,2025-02-13 23:52:10.463804,P3-Medium,Network,AGT-00005,9.49,24,False,True,3
INC-04896,2025-01-08 18:27:00,2025-01-09 12:22:16.469511,P3-Medium,Email/Comm,AGT-00007,17.92,24,False,False,3
INC-04897,2025-02-01 12:05:00,2025-02-01 16:34:31.050584,P3-Medium,Email/Comm,AGT-00008,4.49,24,False,False,4
INC-04898,2025-02-13 13:51:00,2025-02-13 22:53:22.634233,P3-Medium,Hardware,AGT-00011,9.04,24,False,False,4
INC-04899,2025-01-02 17:11:00,2025-01-03 16:33:02.243950,P3-Medium,Access Management,AGT-00002,23.37,24,False,False,4
INC-04900,2025-01-13 12:55:00,2025-01-14 11:44:49.166984,P3-Medium,Software,AGT-00007,22.83,24,False,False,4
INC-04901,2025-01-01 08:52:00,2025-01-01 13:59:42.352756,P2-High,Software,AGT-00004,5.13,8,False,False,4
INC-04902,2025-01-15 12:14:00,2025-01-15 15:10:16.169706,P2-High,Email/Comm,AGT-00012,2.94,8,False,False,2
INC-04903,2025-06-03 10:03:00,2025-06-03 19:49:50.777716,P3-Medium,Software,AGT-00003,9.78,24,False,False,5
INC-04904,2025-02-13 12:38:00,2025-02-15 07:10:04.686292,P4-Low,Software,AGT-00009,42.53,72,False,False,3
INC-04905,2025-03-14 10:48:00,2025-03-17 01:41:25.331398,P4-Low,Software,AGT-00006,62.89,72,False,False,5
INC-04906,2025-04-11 10:13:00,2025-04-14 06:46:53.689777,P4-Low,Access Management,AGT-00005,68.56,72,False,False,4
INC-04907,2025-05-15 01:14:00,2025-05-15 05:59:43.700133,P2-High,Access Management,AGT-00009,4.76,8,False,False,4
INC-04908,2025-04-16 14:53:00,2025-04-16 23:39:19.418132,P3-Medium,Access Management,AGT-00003,8.77,24,False,False,4
INC-04909,2025-01-15 16:17:00,2025-01-16 12:25:33.896771,P3-Medium,Access Management,AGT-00003,20.14,24,False,False,4
INC-04910,2025-03-22 08:08:00,2025-03-22 19:32:42.192846,P3-Medium,Network,AGT-00007,11.41,24,False,False,4
INC-04911,2025-03-06 10:30:00,2025-03-06 15:11:10.016750,P2-High,Network,AGT-00001,4.69,8,False,False,3
INC-04912,2025-03-06 18:00:00,2025-03-07 05:08:18.478740,P2-High,Network,AGT-00002,11.14,8,True,True,3
INC-04913,2025-06-26 10:33:00,2025-06-27 11:10:00.924343,P3-Medium,Software,AGT-00013,24.62,24,True,False,3
INC-04914,2025-03-13 14:25:00,2025-03-14 09:40:49.660193,P3-Medium,Hardware,AGT-00003,19.26,24,False,False,1
INC-04915,2025-03-16 18:50:00,2025-03-16 20:52:53.820586,P2-High,Software,AGT-00008,2.05,8,False,False,2
INC-04916,2025-04-22 13:13:00,2025-04-22 16:38:22.055286,P1-Critical,Network,AGT-00001,3.42,4,False,False,3
INC-04917,2025-05-30 14:00:00,2025-06-02 13:15:11.324937,P4-Low,Network,AGT-00006,71.25,72,False,False,4
INC-04918,2025-04-12 14:45:00,2025-04-14 09:14:14.376065,P4-Low,Network,AGT-00001,42.49,72,False,False,5
INC-04919,2025-05-24 10:35:00,2025-05-25 15:23:32.085792,P3-Medium,Software,AGT-00005,28.81,24,True,False,1
INC-04920,2025-05-14 06:20:00,2025-05-15 10:40:31.064338,P3-Medium,Software,AGT-00004,28.34,24,True,False,3
INC-04921,2025-04-09 19:10:00,2025-04-11 02:28:35.505566,P3-Medium,Hardware,AGT-00003,31.31,24,True,False,4
INC-04922,2025-02-23 21:48:00,2025-02-24 18:14:31.002044,P3-Medium,Access Management,AGT-00002,20.44,24,False,False,3
INC-04923,2025-04-12 05:41:00,2025-04-13 04:22:56.880954,P3-Medium,Access Management,AGT-00012,22.7,24,False,False,3
INC-04924,2025-03-02 10:55:00,2025-03-02 22:21:58.759833,P2-High,Access Management,AGT-00011,11.45,8,True,True,1
INC-04925,2025-03-19 12:21:00,2025-03-20 09:55:44.945388,P3-Medium,Software,AGT-00011,21.58,24,False,False,4
INC-04926,2025-01-10 10:37:00,2025-01-11 00:36:24.457696,P3-Medium,Software,AGT-00012,13.99,24,False,False,1
INC-04927,2025-03-21 11:50:00,2025-03-23 04:51:44.915770,P4-Low,Software,AGT-00001,41.03,72,False,False,5
INC-04928,2025-04-09 07:59:00,2025-04-10 03:53:30.382669,P3-Medium,Email/Comm,AGT-00003,19.91,24,False,True,3
INC-04929,2025-04-13 13:54:00,2025-04-13 21:34:31.831048,P3-Medium,Network,AGT-00005,7.68,24,False,False,2
INC-04930,2025-01-29 15:31:00,2025-01-29 21:30:54.937666,P2-High,Access Management,AGT-00001,6.0,8,False,False,3
INC-04931,2025-05-02 18:58:00,2025-05-03 21:44:20.557005,P3-Medium,Hardware,AGT-00002,26.77,24,True,False,1
INC-04932,2025-06-19 12:04:00,2025-06-19 12:34:00.000000,P3-Medium,Software,AGT-00006,0.5,24,False,False,4
INC-04933,2025-05-10 12:14:00,2025-05-13 20:55:22.711329,P4-Low,Software,AGT-00004,80.69,72,True,False,2
INC-04934,2025-03-26 12:35:00,2025-03-26 23:00:41.915156,P2-High,Network,AGT-00006,10.43,8,True,False,2
INC-04935,2025-03-25 17:44:00,2025-03-27 10:32:16.947660,P4-Low,Network,AGT-00002,40.8,72,False,False,5
INC-04936,2025-01-31 08:31:00,2025-02-01 06:51:49.655843,P3-Medium,Network,AGT-00010,22.35,24,False,False,4
INC-04937,2025-02-12 09:43:00,2025-02-14 11:46:46.636337,P4-Low,Software,AGT-00013,50.06,72,False,False,4
INC-04938,2025-06-28 10:35:00,2025-06-29 14:25:23.722611,P3-Medium,Software,AGT-00003,27.84,24,True,False,4
INC-04939,2025-03-13 09:57:00,2025-03-13 19:53:21.807599,P2-High,Access Management,AGT-00001,9.94,8,True,False,1
INC-04940,2025-01-06 12:07:00,2025-01-06 18:54:57.963172,P3-Medium,Software,AGT-00015,6.8,24,False,False,4
INC-04941,2025-01-25 09:19:00,2025-01-26 08:00:53.157508,P3-Medium,Software,AGT-00013,22.7,24,False,True,2
INC-04942,2025-04-16 05:15:00,2025-04-16 21:36:17.917815,P3-Medium,Network,AGT-00005,16.35,24,False,False,5
INC-04943,2025-01-11 12:38:00,2025-01-11 19:25:23.690389,P2-High,Software,AGT-00015,6.79,8,False,False,4
INC-04944,2025-05-09 14:21:00,2025-05-10 02:31:28.649252,P3-Medium,Network,AGT-00009,12.17,24,False,False,3
INC-04945,2025-05-31 15:36:00,2025-06-01 23:35:06.347591,P3-Medium,Hardware,AGT-00003,31.99,24,True,False,2
INC-04946,2025-06-14 20:30:00,2025-06-17 19:18:04.451033,P4-Low,Software,AGT-00010,70.8,72,False,False,5
INC-04947,2025-03-12 12:23:00,2025-03-13 00:27:54.590478,P3-Medium,Access Management,AGT-00003,12.08,24,False,False,5
INC-04948,2025-03-04 21:30:00,2025-03-05 20:48:28.036302,P4-Low,Access Management,AGT-00014,23.31,72,False,False,5
INC-04949,2025-06-28 08:41:00,2025-06-30 02:58:11.570570,P4-Low,Hardware,AGT-00015,42.29,72,False,False,2
INC-04950,2025-05-23 10:45:00,2025-05-24 08:13:33.676207,P3-Medium,Access Management,AGT-00005,21.48,24,False,False,5
INC-04951,2025-01-06 09:59:00,2025-01-06 17:19:26.593634,P2-High,Hardware,AGT-00002,7.34,8,False,False,4
INC-04952,2025-01-26 11:25:00,2025-01-29 14:28:45.563383,P4-Low,Network,AGT-00002,75.06,72,True,False,2
INC-04953,2025-01-29 23:56:00,2025-01-30 09:11:52.988499,P2-High,Access Management,AGT-00001,9.26,8,True,False,5
INC-04954,2025-02-24 16:20:00,2025-02-25 18:05:23.587942,P3-Medium,Software,AGT-00005,25.76,24,True,True,4
INC-04955,2025-02-10 13:38:00,2025-02-12 22:10:13.588844,P4-Low,Network,AGT-00008,56.54,72,False,False,4
INC-04956,2025-04-15 12:08:00,2025-04-15 13:46:14.835999,P2-High,Software,AGT-00001,1.64,8,False,False,3
INC-04957,2025-03-21 09:04:00,2025-03-23 07:09:09.705757,P4-Low,Network,AGT-00009,46.09,72,False,False,5
INC-04958,2025-04-18 10:30:00,2025-04-18 20:42:37.130723,P2-High,Network,AGT-00006,10.21,8,True,False,2
INC-04959,2025-05-12 08:41:00,2025-05-14 09:39:10.349146,P4-Low,Software,AGT-00005,48.97,72,False,True,3
INC-04960,2025-03-23 15:44:00,2025-03-24 13:45:29.002616,P3-Medium,Software,AGT-00013,22.02,24,False,False,4
INC-04961,2025-01-08 15:55:00,2025-01-08 21:18:03.771228,P2-High,Email/Comm,AGT-00003,5.38,8,False,False,3
INC-04962,2025-01-15 17:45:00,2025-01-16 23:09:13.546905,P4-Low,Network,AGT-00010,29.4,72,False,False,4
INC-04963,2025-03-25 09:40:00,2025-03-26 02:40:47.690955,P3-Medium,Hardware,AGT-00008,17.01,24,False,False,3
INC-04964,2025-05-25 10:21:00,2025-05-27 18:31:51.415898,P4-Low,Network,AGT-00012,56.18,72,False,False,3
INC-04965,2025-04-30 13:00:00,2025-05-02 01:53:10.484199,P4-Low,Access Management,AGT-00013,36.89,72,False,False,5
INC-04966,2025-03-27 12:11:00,2025-03-27 17:51:30.038315,P2-High,Email/Comm,AGT-00001,5.68,8,False,False,4
INC-04967,2025-06-17 13:18:00,2025-06-18 20:30:38.646577,P4-Low,Access Management,AGT-00009,31.21,72,False,False,5
INC-04968,2025-04-23 00:47:00,2025-04-23 11:12:02.485961,P2-High,Network,AGT-00002,10.42,8,True,False,2
INC-04969,2025-06-09 21:02:00,2025-06-10 12:40:39.674181,P3-Medium,Software,AGT-00014,15.64,24,False,False,4
INC-04970,2025-02-18 10:43:00,2025-02-21 17:46:18.399249,P4-Low,Hardware,AGT-00001,79.06,72,True,False,3
INC-04971,2025-02-14 20:20:00,2025-02-18 04:54:29.845239,P4-Low,Software,AGT-00005,80.57,72,True,False,2
INC-04972,2025-01-09 11:11:00,2025-01-11 11:33:44.690540,P4-Low,Hardware,AGT-00005,48.38,72,False,False,3
INC-04973,2025-05-31 18:28:00,2025-06-01 04:23:56.676503,P3-Medium,Software,AGT-00009,9.93,24,False,False,4
INC-04974,2025-03-06 13:13:00,2025-03-06 21:29:55.352803,P4-Low,Hardware,AGT-00012,8.28,72,False,False,5
INC-04975,2025-03-06 17:21:00,2025-03-06 23:34:25.332297,P3-Medium,Network,AGT-00009,6.22,24,False,False,1
INC-04976,2025-02-10 07:17:00,2025-02-10 08:58:29.681206,P2-High,Email/Comm,AGT-00005,1.69,8,False,False,2
INC-04977,2025-06-29 17:27:00,2025-06-30 22:28:39.925271,P3-Medium,Software,AGT-00003,29.03,24,True,False,1
INC-04978,2025-03-08 19:49:00,2025-03-11 00:07:59.370280,P4-Low,Network,AGT-00008,52.32,72,False,False,5
INC-04979,2025-03-11 13:06:00,2025-03-12 10:13:00.610294,P3-Medium,Email/Comm,AGT-00001,21.12,24,False,False,5
INC-04980,2025-05-23 14:42:00,2025-05-23 15:12:00.000000,P2-High,Software,AGT-00003,0.5,8,False,False,4
INC-04981,2025-06-15 16:46:00,2025-06-16 18:48:26.417096,P4-Low,Hardware,AGT-00008,26.04,72,False,False,5
INC-04982,2025-06-03 09:46:00,2025-06-06 05:30:29.743904,P4-Low,Software,AGT-00005,67.74,72,False,True,5
INC-04983,2025-01-04 10:41:00,2025-01-05 06:58:39.094437,P3-Medium,Software,AGT-00007,20.29,24,False,False,4
INC-04984,2025-03-14 15:01:00,2025-03-15 07:50:20.487974,P3-Medium,Hardware,AGT-00002,16.82,24,False,False,1
INC-04985,2025-01-13 10:45:00,2025-01-16 00:02:48.649819,P4-Low,Network,AGT-00008,61.3,72,False,False,5
INC-04986,2025-06-01 14:40:00,2025-06-02 21:45:10.976817,P3-Medium,Access Management,AGT-00005,31.09,24,True,False,1
INC-04987,2025-04-17 13:26:00,2025-04-17 19:09:34.864959,P2-High,Network,AGT-00004,5.73,8,False,True,2
INC-04988,2025-03-16 19:28:00,2025-03-17 14:01:17.850317,P3-Medium,Network,AGT-00014,18.55,24,False,False,5
INC-04989,2025-03-30 13:55:00,2025-03-30 21:05:26.721176,P2-High,Network,AGT-00008,7.17,8,False,False,5
INC-04990,2025-05-11 17:50:00,2025-05-12 08:42:20.581404,P2-High,Access Management,AGT-00003,14.87,8,True,False,2
INC-04991,2025-02-14 11:55:00,2025-02-14 13:07:18.539585,P3-Medium,Hardware,AGT-00001,1.21,24,False,False,1
INC-04992,2025-04-21 11:43:00,2025-04-21 20:36:28.609986,P2-High,Access Management,AGT-00003,8.89,8,True,False,3
INC-04993,2025-05-06 18:58:00,2025-05-08 18:40:14.238089,P4-Low,Access Management,AGT-00004,47.7,72,False,False,2
INC-04994,2025-01-15 10:59:00,2025-01-15 15:07:00.756429,P1-Critical,Email/Comm,AGT-00007,4.13,4,True,False,3
INC-04995,2025-04-01 04:24:00,2025-04-01 17:08:27.670445,P3-Medium,Software,AGT-00004,12.74,24,False,False,5
INC-04996,2025-02-03 16:54:00,2025-02-05 17:55:14.517778,P4-Low,Access Management,AGT-00002,49.02,72,False,False,4
INC-04997,2025-05-22 20:24:00,2025-05-23 05:23:23.773301,P2-High,Hardware,AGT-00008,8.99,8,True,False,4
INC-04998,2025-05-26 11:53:00,2025-05-28 06:47:11.813790,P3-Medium,Access Management,AGT-00008,42.9,24,True,False,2
INC-04999,2025-01-04 15:54:00,2025-01-05 16:21:51.442255,P3-Medium,Software,AGT-00002,24.46,24,True,False,2
INC-05000,2025-04-05 09:52:00,2025-04-05 21:04:55.710777,P3-Medium,Email/Comm,AGT-00006,11.22,24,False,False,5
